CCS PCM C Compiler, Version 5.080, 43599               11-jul-19 16:28

               Filename:   C:\Users\Leonardo\MPLABXProjects\Pic_orp_Atlas_emu\pic_orp_atlas_emu.X\build\default\production\main.lst

               ROM used:   4958 words (30%)
                           Largest free fragment is 2048
               RAM used:   283 (14%) at main() level
                           348 (17%) worst case
               Stack used: 3 locations (2 in main + 1 for interrupts)
               Stack size: 16

*
0000:  MOVLP  08
0001:  GOTO   219
0002:  NOP
0004:  CLRF   03
0005:  MOVLP  00
0006:  MOVLB  00
0007:  MOVF   77,W
0008:  MOVWF  20
0009:  MOVF   78,W
000A:  MOVWF  21
000B:  MOVF   79,W
000C:  MOVWF  22
000D:  MOVF   7A,W
000E:  MOVWF  23
000F:  MOVLB  11
0010:  MOVF   11,W
0011:  MOVLB  00
0012:  MOVWF  24
0013:  MOVLB  11
0014:  MOVF   12,W
0015:  MOVLB  00
0016:  MOVWF  25
0017:  MOVLB  11
0018:  MOVF   13,W
0019:  MOVLB  00
001A:  MOVWF  26
001B:  MOVLB  11
001C:  MOVF   14,W
001D:  MOVLB  00
001E:  MOVWF  27
001F:  CLRF   05
0020:  MOVLW  91
0021:  MOVWF  04
0022:  BTFSS  00.3
0023:  GOTO   026
0024:  BTFSC  11.3
0025:  GOTO   03F
0026:  MOVF   20,W
0027:  MOVWF  77
0028:  MOVF   21,W
0029:  MOVWF  78
002A:  MOVF   22,W
002B:  MOVWF  79
002C:  MOVF   23,W
002D:  MOVWF  7A
002E:  MOVF   24,W
002F:  MOVLB  11
0030:  MOVWF  11
0031:  MOVLB  00
0032:  MOVF   25,W
0033:  MOVLB  11
0034:  MOVWF  12
0035:  MOVLB  00
0036:  MOVF   26,W
0037:  MOVLB  11
0038:  MOVWF  13
0039:  MOVLB  00
003A:  MOVF   27,W
003B:  MOVLB  11
003C:  MOVWF  14
003D:  RETFIE
003E:  MOVLB  00
003F:  MOVLP  00
0040:  GOTO   041
.................... /*  
....................  * File:   main.c 
....................  * Author: Leonardo 
....................  * 
....................  * Created on 17 de Junho de 2019, 16:35 
....................  */ 
....................  
.................... /* 
....................  PIC Operating Voltage Range: 
.................... - 2.3V to 5.5V (PIC16F18326/18346) 
....................  
....................  Inicialização:  Mantém no reset até Vdd>2.3(POR) ; Se Vdd<2.3=> Desliga PIC  
....................  Durante a operação(Vdd>2.3V): caso ocorra a condicao de BOR (Vdd<VBORth) o pic Reseta até que Vdd>VBORth seja verdadeiro (tem um delay para estabilizacao de Vdd) 
....................  Modo sleep ( diminui o consumo de energia através da diminuição do consumo de corrente ( CPU e Memória ficam "paradas"  
....................  * ; Periféricos continuam operando) ) 
....................   
....................  */ 
....................  
....................  
....................  
.................... #DEVICE PIC16F18326 ADC=10 //10 is the number of bits read_adc() should return  
*
009B:  DATA BF,34
009C:  DATA AC,27
009D:  DATA 52,28
009E:  DATA AC,12
009F:  DATA 2E,19
00A0:  DATA 66,00
00A1:  DATA BF,29
00A2:  DATA F4,30
00A3:  DATA F4,3A
00A4:  DATA 73,16
00A5:  DATA A5,31
00A6:  DATA AC,12
00A7:  DATA 2E,19
00A8:  DATA 66,00
00A9:  DATA BF,29
00AA:  DATA F4,30
00AB:  DATA F4,3A
00AC:  DATA 73,16
00AD:  DATA A5,31
00AE:  DATA AC,12
00AF:  DATA 2E,19
00B0:  DATA 66,00
00B1:  DATA BF,29
00B2:  DATA F4,30
00B3:  DATA F4,3A
00B4:  DATA 73,16
00B5:  DATA A5,31
00B6:  DATA AC,12
00B7:  DATA 2E,19
00B8:  DATA 66,00
00B9:  DATA BF,29
00BA:  DATA F4,30
00BB:  DATA F4,3A
00BC:  DATA 73,16
00BD:  DATA A5,31
00BE:  DATA AC,12
00BF:  DATA 2E,19
00C0:  DATA 66,00
00C1:  DATA BF,29
00C2:  DATA F4,30
00C3:  DATA F4,3A
00C4:  DATA 73,16
00C5:  DATA A5,31
00C6:  DATA AC,12
00C7:  DATA 2E,19
00C8:  DATA 66,00
00C9:  DATA BF,29
00CA:  DATA F4,30
00CB:  DATA F4,3A
00CC:  DATA 73,16
00CD:  DATA A5,31
00CE:  DATA AC,12
00CF:  DATA 2E,19
00D0:  DATA 66,00
00D1:  DATA BF,21
00D2:  DATA 61,36
00D3:  DATA AC,12
00D4:  DATA 64,00
*
01ED:  MOVF   4C,W
01EE:  MOVWF  77
01EF:  BCF    03.0
01F0:  MOVLB  11
01F1:  BCF    15.6
01F2:  BSF    15.0
01F3:  NOP
01F4:  NOP
01F5:  MOVF   13,W
01F6:  MOVWF  00
01F7:  ADDFSR 01,FSR0
01F8:  INCF   11,F
01F9:  BTFSC  03.2
01FA:  INCF   12,F
01FB:  DECFSZ 77,F
01FC:  GOTO   1F2
*
03D0:  MOVLB  03
03D1:  MOVF   64,W
03D2:  BTFSC  03.2
03D3:  GOTO   465
03D4:  MOVLB  04
03D5:  MOVWF  20
03D6:  MOVLB  03
03D7:  MOVF   68,W
03D8:  BTFSC  03.2
03D9:  GOTO   465
03DA:  MOVLB  04
03DB:  ADDWF  20,F
03DC:  BTFSC  03.0
03DD:  GOTO   3E9
03DE:  MOVLW  7F
03DF:  SUBWF  20,F
03E0:  BTFSC  03.0
03E1:  GOTO   3E4
03E2:  MOVLB  03
03E3:  GOTO   465
03E4:  BTFSS  03.2
03E5:  GOTO   3E8
03E6:  MOVLB  03
03E7:  GOTO   465
03E8:  GOTO   3EF
03E9:  MOVLW  81
03EA:  ADDWF  20,F
03EB:  BTFSS  03.0
03EC:  GOTO   3EF
03ED:  MOVLB  03
03EE:  GOTO   465
03EF:  MOVF   20,W
03F0:  MOVWF  77
03F1:  CLRF   78
03F2:  CLRF   79
03F3:  CLRF   7A
03F4:  MOVLB  03
03F5:  MOVF   65,W
03F6:  MOVLB  04
03F7:  MOVWF  24
03F8:  BSF    24.7
03F9:  MOVLB  03
03FA:  MOVF   66,W
03FB:  MOVLB  04
03FC:  MOVWF  23
03FD:  MOVLB  03
03FE:  MOVF   67,W
03FF:  MOVLB  04
0400:  MOVWF  22
0401:  MOVLW  18
0402:  MOVWF  20
0403:  CLRF   21
0404:  BTFSS  22.0
0405:  GOTO   429
0406:  MOVLB  03
0407:  MOVF   6B,W
0408:  ADDWF  7A,F
0409:  BTFSS  03.0
040A:  GOTO   414
040B:  INCF   79,F
040C:  BTFSS  03.2
040D:  GOTO   414
040E:  INCF   78,F
040F:  BTFSS  03.2
0410:  GOTO   414
0411:  MOVLB  04
0412:  BSF    21.7
0413:  MOVLB  03
0414:  MOVF   6A,W
0415:  ADDWF  79,F
0416:  BTFSS  03.0
0417:  GOTO   41E
0418:  INCF   78,F
0419:  BTFSS  03.2
041A:  GOTO   41E
041B:  MOVLB  04
041C:  BSF    21.7
041D:  MOVLB  03
041E:  MOVF   69,W
041F:  MOVWF  66
0420:  BSF    66.7
0421:  MOVF   66,W
0422:  ADDWF  78,F
0423:  BTFSS  03.0
0424:  GOTO   428
0425:  MOVLB  04
0426:  BSF    21.7
0427:  MOVLB  03
0428:  MOVLB  04
0429:  RLF    21,F
042A:  RRF    78,F
042B:  RRF    79,F
042C:  RRF    7A,F
042D:  RRF    24,F
042E:  RRF    23,F
042F:  RRF    22,F
0430:  BCF    03.0
0431:  DECFSZ 20,F
0432:  GOTO   403
0433:  MOVLW  01
0434:  ADDWF  77,F
0435:  BTFSS  03.0
0436:  GOTO   439
0437:  MOVLB  03
0438:  GOTO   465
0439:  BTFSC  78.7
043A:  GOTO   443
043B:  RLF    24,F
043C:  RLF    7A,F
043D:  RLF    79,F
043E:  RLF    78,F
043F:  DECFSZ 77,F
0440:  GOTO   443
0441:  MOVLB  03
0442:  GOTO   465
0443:  BTFSS  24.7
0444:  GOTO   456
0445:  INCF   7A,F
0446:  BTFSS  03.2
0447:  GOTO   456
0448:  INCF   79,F
0449:  BTFSS  03.2
044A:  GOTO   456
044B:  INCF   78,F
044C:  BTFSS  03.2
044D:  GOTO   456
044E:  RRF    78,F
044F:  RRF    79,F
0450:  RRF    7A,F
0451:  INCF   77,F
0452:  BTFSS  03.2
0453:  GOTO   456
0454:  MOVLB  03
0455:  GOTO   465
0456:  MOVLB  03
0457:  MOVF   65,W
0458:  MOVLB  04
0459:  MOVWF  21
045A:  MOVLB  03
045B:  MOVF   69,W
045C:  MOVLB  04
045D:  XORWF  21,F
045E:  BTFSS  21.7
045F:  GOTO   462
0460:  BSF    78.7
0461:  GOTO   46A
0462:  BCF    78.7
0463:  GOTO   46A
0464:  MOVLB  03
0465:  CLRF   77
0466:  CLRF   78
0467:  CLRF   79
0468:  CLRF   7A
0469:  MOVLB  04
046A:  MOVLB  00
046B:  RETURN
046C:  MOVLW  8E
046D:  MOVWF  77
046E:  MOVLB  03
046F:  MOVF   61,W
0470:  MOVWF  78
0471:  MOVF   60,W
0472:  MOVWF  79
0473:  CLRF   7A
0474:  MOVF   78,F
0475:  BTFSS  03.2
0476:  GOTO   481
0477:  MOVF   79,W
0478:  MOVWF  78
0479:  CLRF   79
047A:  MOVLW  08
047B:  SUBWF  77,F
047C:  MOVF   78,F
047D:  BTFSS  03.2
047E:  GOTO   481
047F:  CLRF   77
0480:  GOTO   489
0481:  BCF    03.0
0482:  BTFSC  78.7
0483:  GOTO   488
0484:  RLF    79,F
0485:  RLF    78,F
0486:  DECF   77,F
0487:  GOTO   481
0488:  BCF    78.7
0489:  MOVLB  00
048A:  RETURN
048B:  MOVLB  03
048C:  MOVF   60,W
048D:  BTFSC  03.2
048E:  GOTO   551
048F:  MOVWF  6E
0490:  MOVF   64,W
0491:  BTFSC  03.2
0492:  GOTO   551
0493:  SUBWF  6E,F
0494:  BTFSS  03.0
0495:  GOTO   49B
0496:  MOVLW  7F
0497:  ADDWF  6E,F
0498:  BTFSC  03.0
0499:  GOTO   551
049A:  GOTO   4A1
049B:  MOVLW  81
049C:  SUBWF  6E,F
049D:  BTFSS  03.0
049E:  GOTO   551
049F:  BTFSC  03.2
04A0:  GOTO   551
04A1:  MOVF   6E,W
04A2:  MOVWF  77
04A3:  CLRF   78
04A4:  CLRF   79
04A5:  CLRF   7A
04A6:  CLRF   6D
04A7:  MOVF   61,W
04A8:  MOVWF  6C
04A9:  BSF    6C.7
04AA:  MOVF   62,W
04AB:  MOVWF  6B
04AC:  MOVF   63,W
04AD:  MOVWF  6A
04AE:  MOVLW  19
04AF:  MOVWF  6E
04B0:  MOVF   67,W
04B1:  SUBWF  6A,F
04B2:  BTFSC  03.0
04B3:  GOTO   4C4
04B4:  MOVLW  01
04B5:  SUBWF  6B,F
04B6:  BTFSC  03.0
04B7:  GOTO   4C4
04B8:  SUBWF  6C,F
04B9:  BTFSC  03.0
04BA:  GOTO   4C4
04BB:  SUBWF  6D,F
04BC:  BTFSC  03.0
04BD:  GOTO   4C4
04BE:  INCF   6D,F
04BF:  INCF   6C,F
04C0:  INCF   6B,F
04C1:  MOVF   67,W
04C2:  ADDWF  6A,F
04C3:  GOTO   4F6
04C4:  MOVF   66,W
04C5:  SUBWF  6B,F
04C6:  BTFSC  03.0
04C7:  GOTO   4DF
04C8:  MOVLW  01
04C9:  SUBWF  6C,F
04CA:  BTFSC  03.0
04CB:  GOTO   4DF
04CC:  SUBWF  6D,F
04CD:  BTFSC  03.0
04CE:  GOTO   4DF
04CF:  INCF   6D,F
04D0:  INCF   6C,F
04D1:  MOVF   66,W
04D2:  ADDWF  6B,F
04D3:  MOVF   67,W
04D4:  ADDWF  6A,F
04D5:  BTFSS  03.0
04D6:  GOTO   4F6
04D7:  INCF   6B,F
04D8:  BTFSS  03.2
04D9:  GOTO   4F6
04DA:  INCF   6C,F
04DB:  BTFSS  03.2
04DC:  GOTO   4F6
04DD:  INCF   6D,F
04DE:  GOTO   4F6
04DF:  MOVF   65,W
04E0:  IORLW  80
04E1:  SUBWF  6C,F
04E2:  BTFSC  03.0
04E3:  GOTO   4F5
04E4:  MOVLW  01
04E5:  SUBWF  6D,F
04E6:  BTFSC  03.0
04E7:  GOTO   4F5
04E8:  INCF   6D,F
04E9:  MOVF   65,W
04EA:  IORLW  80
04EB:  ADDWF  6C,F
04EC:  MOVF   66,W
04ED:  ADDWF  6B,F
04EE:  BTFSS  03.0
04EF:  GOTO   4D3
04F0:  INCF   6C,F
04F1:  BTFSS  03.2
04F2:  GOTO   4D3
04F3:  INCF   6D,F
04F4:  GOTO   4D3
04F5:  BSF    7A.0
04F6:  DECFSZ 6E,F
04F7:  GOTO   4F9
04F8:  GOTO   504
04F9:  BCF    03.0
04FA:  RLF    6A,F
04FB:  RLF    6B,F
04FC:  RLF    6C,F
04FD:  RLF    6D,F
04FE:  BCF    03.0
04FF:  RLF    7A,F
0500:  RLF    79,F
0501:  RLF    78,F
0502:  RLF    6F,F
0503:  GOTO   4B0
0504:  BTFSS  6F.0
0505:  GOTO   50C
0506:  BCF    03.0
0507:  RRF    78,F
0508:  RRF    79,F
0509:  RRF    7A,F
050A:  RRF    6F,F
050B:  GOTO   50F
050C:  DECF   77,F
050D:  BTFSC  03.2
050E:  GOTO   551
050F:  BTFSC  6F.7
0510:  GOTO   538
0511:  BCF    03.0
0512:  RLF    6A,F
0513:  RLF    6B,F
0514:  RLF    6C,F
0515:  RLF    6D,F
0516:  MOVF   67,W
0517:  SUBWF  6A,F
0518:  BTFSC  03.0
0519:  GOTO   524
051A:  MOVLW  01
051B:  SUBWF  6B,F
051C:  BTFSC  03.0
051D:  GOTO   524
051E:  SUBWF  6C,F
051F:  BTFSC  03.0
0520:  GOTO   524
0521:  SUBWF  6D,F
0522:  BTFSS  03.0
0523:  GOTO   547
0524:  MOVF   66,W
0525:  SUBWF  6B,F
0526:  BTFSC  03.0
0527:  GOTO   52F
0528:  MOVLW  01
0529:  SUBWF  6C,F
052A:  BTFSC  03.0
052B:  GOTO   52F
052C:  SUBWF  6D,F
052D:  BTFSS  03.0
052E:  GOTO   547
052F:  MOVF   65,W
0530:  IORLW  80
0531:  SUBWF  6C,F
0532:  BTFSC  03.0
0533:  GOTO   538
0534:  MOVLW  01
0535:  SUBWF  6D,F
0536:  BTFSS  03.0
0537:  GOTO   547
0538:  INCF   7A,F
0539:  BTFSS  03.2
053A:  GOTO   547
053B:  INCF   79,F
053C:  BTFSS  03.2
053D:  GOTO   547
053E:  INCF   78,F
053F:  BTFSS  03.2
0540:  GOTO   547
0541:  INCF   77,F
0542:  BTFSC  03.2
0543:  GOTO   551
0544:  RRF    78,F
0545:  RRF    79,F
0546:  RRF    7A,F
0547:  MOVF   61,W
0548:  MOVWF  6E
0549:  MOVF   65,W
054A:  XORWF  6E,F
054B:  BTFSS  6E.7
054C:  GOTO   54F
054D:  BSF    78.7
054E:  GOTO   555
054F:  BCF    78.7
0550:  GOTO   555
0551:  CLRF   77
0552:  CLRF   78
0553:  CLRF   79
0554:  CLRF   7A
0555:  MOVLB  00
0556:  RETURN
0557:  MOVLW  80
0558:  BTFSS  03.1
0559:  GOTO   55D
055A:  MOVLB  03
055B:  XORWF  65,F
055C:  MOVLB  00
055D:  MOVLB  03
055E:  CLRF   6A
055F:  CLRF   6B
0560:  MOVF   61,W
0561:  MOVWF  69
0562:  MOVF   65,W
0563:  XORWF  69,F
0564:  MOVF   60,W
0565:  BTFSC  03.2
0566:  GOTO   64E
0567:  MOVWF  68
0568:  MOVWF  77
0569:  MOVF   64,W
056A:  BTFSC  03.2
056B:  GOTO   657
056C:  SUBWF  68,F
056D:  BTFSC  03.2
056E:  GOTO   5F2
056F:  BTFSS  03.0
0570:  GOTO   5AF
0571:  MOVF   65,W
0572:  MOVWF  6E
0573:  BSF    6E.7
0574:  MOVF   66,W
0575:  MOVWF  6D
0576:  MOVF   67,W
0577:  MOVWF  6C
0578:  CLRF   6B
0579:  BCF    03.0
057A:  RRF    6E,F
057B:  RRF    6D,F
057C:  RRF    6C,F
057D:  RRF    6B,F
057E:  DECFSZ 68,F
057F:  GOTO   578
0580:  BTFSS  69.7
0581:  GOTO   585
0582:  BSF    6A.0
0583:  GOTO   66B
0584:  BCF    6A.0
0585:  BCF    68.0
0586:  BSF    6A.4
0587:  MOVLW  21
0588:  MOVWF  05
0589:  MOVLW  33
058A:  MOVWF  04
058B:  GOTO   680
058C:  BCF    6A.4
058D:  BTFSC  69.7
058E:  GOTO   599
058F:  BTFSS  68.0
0590:  GOTO   5A4
0591:  RRF    6E,F
0592:  RRF    6D,F
0593:  RRF    6C,F
0594:  RRF    6B,F
0595:  INCF   77,F
0596:  BTFSC  03.2
0597:  GOTO   666
0598:  GOTO   5A4
0599:  BTFSC  6E.7
059A:  GOTO   5A7
059B:  BCF    03.0
059C:  RLF    6B,F
059D:  RLF    6C,F
059E:  RLF    6D,F
059F:  RLF    6E,F
05A0:  DECF   77,F
05A1:  BTFSC  03.2
05A2:  GOTO   666
05A3:  GOTO   599
05A4:  BSF    6A.6
05A5:  GOTO   613
05A6:  BCF    6A.6
05A7:  MOVF   61,W
05A8:  MOVWF  69
05A9:  BTFSS  69.7
05AA:  GOTO   5AD
05AB:  BSF    6E.7
05AC:  GOTO   65F
05AD:  BCF    6E.7
05AE:  GOTO   65F
05AF:  MOVF   64,W
05B0:  MOVWF  68
05B1:  MOVWF  77
05B2:  MOVF   60,W
05B3:  SUBWF  68,F
05B4:  MOVF   61,W
05B5:  MOVWF  6E
05B6:  BSF    6E.7
05B7:  MOVF   62,W
05B8:  MOVWF  6D
05B9:  MOVF   63,W
05BA:  MOVWF  6C
05BB:  CLRF   6B
05BC:  BCF    03.0
05BD:  RRF    6E,F
05BE:  RRF    6D,F
05BF:  RRF    6C,F
05C0:  RRF    6B,F
05C1:  DECFSZ 68,F
05C2:  GOTO   5BB
05C3:  BTFSS  69.7
05C4:  GOTO   5C8
05C5:  BSF    6A.1
05C6:  GOTO   66B
05C7:  BCF    6A.1
05C8:  BCF    68.0
05C9:  BSF    6A.5
05CA:  MOVLW  21
05CB:  MOVWF  05
05CC:  MOVLW  37
05CD:  MOVWF  04
05CE:  GOTO   680
05CF:  BCF    6A.5
05D0:  BTFSC  69.7
05D1:  GOTO   5DC
05D2:  BTFSS  68.0
05D3:  GOTO   5E7
05D4:  RRF    6E,F
05D5:  RRF    6D,F
05D6:  RRF    6C,F
05D7:  RRF    6B,F
05D8:  INCF   77,F
05D9:  BTFSC  03.2
05DA:  GOTO   666
05DB:  GOTO   5E7
05DC:  BTFSC  6E.7
05DD:  GOTO   5EA
05DE:  BCF    03.0
05DF:  RLF    6B,F
05E0:  RLF    6C,F
05E1:  RLF    6D,F
05E2:  RLF    6E,F
05E3:  DECF   77,F
05E4:  BTFSC  03.2
05E5:  GOTO   666
05E6:  GOTO   5DC
05E7:  BSF    6A.7
05E8:  GOTO   613
05E9:  BCF    6A.7
05EA:  MOVF   65,W
05EB:  MOVWF  69
05EC:  BTFSS  69.7
05ED:  GOTO   5F0
05EE:  BSF    6E.7
05EF:  GOTO   65F
05F0:  BCF    6E.7
05F1:  GOTO   65F
05F2:  MOVF   65,W
05F3:  MOVWF  6E
05F4:  BSF    6E.7
05F5:  MOVF   66,W
05F6:  MOVWF  6D
05F7:  MOVF   67,W
05F8:  MOVWF  6C
05F9:  BTFSS  69.7
05FA:  GOTO   5FF
05FB:  BCF    6E.7
05FC:  BSF    6A.2
05FD:  GOTO   66B
05FE:  BCF    6A.2
05FF:  CLRF   6B
0600:  BCF    68.0
0601:  MOVLW  21
0602:  MOVWF  05
0603:  MOVLW  33
0604:  MOVWF  04
0605:  GOTO   680
0606:  BTFSC  69.7
0607:  GOTO   629
0608:  MOVF   61,W
0609:  MOVWF  69
060A:  BTFSS  68.0
060B:  GOTO   613
060C:  RRF    6E,F
060D:  RRF    6D,F
060E:  RRF    6C,F
060F:  RRF    6B,F
0610:  INCF   77,F
0611:  BTFSC  03.2
0612:  GOTO   666
0613:  BTFSS  6B.7
0614:  GOTO   624
0615:  INCF   6C,F
0616:  BTFSS  03.2
0617:  GOTO   624
0618:  INCF   6D,F
0619:  BTFSS  03.2
061A:  GOTO   624
061B:  INCF   6E,F
061C:  BTFSS  03.2
061D:  GOTO   624
061E:  RRF    6E,F
061F:  RRF    6D,F
0620:  RRF    6C,F
0621:  INCF   77,F
0622:  BTFSC  03.2
0623:  GOTO   666
0624:  BTFSC  6A.6
0625:  GOTO   5A6
0626:  BTFSC  6A.7
0627:  GOTO   5E9
0628:  GOTO   648
0629:  MOVLW  80
062A:  XORWF  6E,F
062B:  BTFSS  6E.7
062C:  GOTO   631
062D:  GOTO   66B
062E:  MOVF   65,W
062F:  MOVWF  69
0630:  GOTO   63E
0631:  MOVF   61,W
0632:  MOVWF  69
0633:  MOVF   6E,F
0634:  BTFSS  03.2
0635:  GOTO   63E
0636:  MOVF   6D,F
0637:  BTFSS  03.2
0638:  GOTO   63E
0639:  MOVF   6C,F
063A:  BTFSS  03.2
063B:  GOTO   63E
063C:  CLRF   77
063D:  GOTO   65F
063E:  BTFSC  6E.7
063F:  GOTO   648
0640:  BCF    03.0
0641:  RLF    6B,F
0642:  RLF    6C,F
0643:  RLF    6D,F
0644:  RLF    6E,F
0645:  DECFSZ 77,F
0646:  GOTO   63E
0647:  GOTO   666
0648:  BTFSS  69.7
0649:  GOTO   64C
064A:  BSF    6E.7
064B:  GOTO   65F
064C:  BCF    6E.7
064D:  GOTO   65F
064E:  MOVF   64,W
064F:  MOVWF  77
0650:  MOVF   65,W
0651:  MOVWF  6E
0652:  MOVF   66,W
0653:  MOVWF  6D
0654:  MOVF   67,W
0655:  MOVWF  6C
0656:  GOTO   65F
0657:  MOVF   60,W
0658:  MOVWF  77
0659:  MOVF   61,W
065A:  MOVWF  6E
065B:  MOVF   62,W
065C:  MOVWF  6D
065D:  MOVF   63,W
065E:  MOVWF  6C
065F:  MOVF   6E,W
0660:  MOVWF  78
0661:  MOVF   6D,W
0662:  MOVWF  79
0663:  MOVF   6C,W
0664:  MOVWF  7A
0665:  GOTO   69C
0666:  CLRF   77
0667:  CLRF   78
0668:  CLRF   79
0669:  CLRF   7A
066A:  GOTO   69C
066B:  CLRF   6B
066C:  COMF   6C,F
066D:  COMF   6D,F
066E:  COMF   6E,F
066F:  COMF   6B,F
0670:  INCF   6B,F
0671:  BTFSS  03.2
0672:  GOTO   679
0673:  INCF   6C,F
0674:  BTFSS  03.2
0675:  GOTO   679
0676:  INCF   6D,F
0677:  BTFSC  03.2
0678:  INCF   6E,F
0679:  BTFSC  6A.0
067A:  GOTO   584
067B:  BTFSC  6A.1
067C:  GOTO   5C7
067D:  BTFSC  6A.2
067E:  GOTO   5FE
067F:  GOTO   62E
0680:  MOVF   00,W
0681:  ADDWF  6C,F
0682:  BTFSS  03.0
0683:  GOTO   68A
0684:  INCF   6D,F
0685:  BTFSS  03.2
0686:  GOTO   68A
0687:  INCF   6E,F
0688:  BTFSC  03.2
0689:  BSF    68.0
068A:  MOVIW  [--FSR0],W
068B:  ADDWF  6D,F
068C:  BTFSS  03.0
068D:  GOTO   691
068E:  INCF   6E,F
068F:  BTFSC  03.2
0690:  BSF    68.0
0691:  MOVIW  [--FSR0],W
0692:  BTFSS  00.7
0693:  XORLW  80
0694:  ADDWF  6E,F
0695:  BTFSC  03.0
0696:  BSF    68.0
0697:  BTFSC  6A.4
0698:  GOTO   58C
0699:  BTFSC  6A.5
069A:  GOTO   5CF
069B:  GOTO   606
069C:  MOVLB  00
069D:  RETURN
*
073A:  MOVLW  B6
073B:  MOVWF  77
073C:  CLRF   7A
073D:  CLRF   79
073E:  CLRF   78
073F:  BCF    64.0
0740:  BTFSS  63.7
0741:  GOTO   750
0742:  BSF    64.0
0743:  COMF   60,F
0744:  COMF   61,F
0745:  COMF   62,F
0746:  COMF   63,F
0747:  INCF   60,F
0748:  BTFSS  03.2
0749:  GOTO   750
074A:  INCF   61,F
074B:  BTFSS  03.2
074C:  GOTO   750
074D:  INCF   62,F
074E:  BTFSC  03.2
074F:  INCF   63,F
0750:  MOVF   60,W
0751:  IORWF  61,W
0752:  IORWF  62,W
0753:  IORWF  63,W
0754:  BTFSS  03.2
0755:  GOTO   758
0756:  CLRF   77
0757:  GOTO   767
0758:  BCF    03.0
0759:  BTFSC  78.7
075A:  GOTO   764
075B:  RLF    60,F
075C:  RLF    61,F
075D:  RLF    62,F
075E:  RLF    63,F
075F:  RLF    7A,F
0760:  RLF    79,F
0761:  RLF    78,F
0762:  DECFSZ 77,F
0763:  GOTO   758
0764:  BCF    78.7
0765:  BTFSC  64.0
0766:  BSF    78.7
*
07BD:  MOVLB  03
07BE:  MOVF   38,W
07BF:  MOVWF  05
07C0:  MOVF   37,W
07C1:  MOVWF  04
07C2:  MOVF   58,W
07C3:  MOVWI  W,[FSR0++]
07C4:  CLRF   00
07C5:  INCF   37,F
07C6:  BTFSC  03.2
07C7:  INCF   38,F
07C8:  MOVLB  00
07C9:  RETURN
07CA:  MOVLB  03
07CB:  MOVF   55,W
07CC:  CLRF   78
07CD:  SUBWF  54,W
07CE:  BTFSC  03.0
07CF:  GOTO   7D3
07D0:  MOVF   54,W
07D1:  MOVWF  77
07D2:  GOTO   7DF
07D3:  CLRF   77
07D4:  MOVLW  08
07D5:  MOVWF  56
07D6:  RLF    54,F
07D7:  RLF    77,F
07D8:  MOVF   55,W
07D9:  SUBWF  77,W
07DA:  BTFSC  03.0
07DB:  MOVWF  77
07DC:  RLF    78,F
07DD:  DECFSZ 56,F
07DE:  GOTO   7D6
07DF:  MOVLB  00
07E0:  RETURN
*
0800:  MOVF   0B,W
0801:  BCF    0B.7
0802:  MOVLB  11
0803:  BCF    15.6
0804:  BSF    15.0
0805:  NOP
0806:  NOP
0807:  BTFSC  09.7
0808:  BSF    0B.7
0809:  BTFSC  03.0
080A:  GOTO   035
080B:  MOVF   13,W
080C:  ANDLW  7F
080D:  MOVLB  03
080E:  MOVWF  4F
080F:  MOVLB  11
0810:  MOVF   11,W
0811:  MOVLB  03
0812:  MOVWF  50
0813:  MOVLB  11
0814:  MOVF   12,W
0815:  MOVLB  03
0816:  MOVWF  51
0817:  MOVF   4F,W
0818:  MOVWF  58
0819:  MOVLP  00
081A:  MOVLB  00
081B:  CALL   7BD
081C:  MOVLP  08
081D:  MOVLB  03
081E:  MOVF   50,W
081F:  MOVLB  11
0820:  MOVWF  11
0821:  MOVLB  03
0822:  MOVF   51,W
0823:  MOVLB  11
0824:  MOVWF  12
0825:  MOVF   0B,W
0826:  BCF    0B.7
0827:  BCF    15.6
0828:  BSF    15.0
0829:  NOP
082A:  NOP
082B:  BTFSC  09.7
082C:  BSF    0B.7
082D:  MOVLB  03
082E:  DECFSZ 4C,F
082F:  GOTO   031
0830:  GOTO   033
0831:  MOVLB  11
0832:  GOTO   035
0833:  GOTO   05A
0834:  MOVLB  11
0835:  RLF    13,W
0836:  RLF    14,W
0837:  ANDLW  7F
0838:  MOVLB  03
0839:  MOVWF  4F
083A:  MOVLB  11
083B:  MOVF   11,W
083C:  MOVLB  03
083D:  MOVWF  50
083E:  MOVLB  11
083F:  MOVF   12,W
0840:  MOVLB  03
0841:  MOVWF  51
0842:  MOVF   4F,W
0843:  MOVWF  58
0844:  MOVLP  00
0845:  MOVLB  00
0846:  CALL   7BD
0847:  MOVLP  08
0848:  MOVLB  03
0849:  MOVF   50,W
084A:  MOVLB  11
084B:  MOVWF  11
084C:  MOVLB  03
084D:  MOVF   51,W
084E:  MOVLB  11
084F:  MOVWF  12
0850:  INCF   11,F
0851:  BTFSC  03.2
0852:  INCF   12,F
0853:  BCF    03.0
0854:  MOVLB  03
0855:  DECFSZ 4C,F
0856:  GOTO   058
0857:  GOTO   05A
0858:  MOVLB  00
0859:  GOTO   000
085A:  MOVLB  00
085B:  RETURN
085C:  MOVLW  20
085D:  MOVLB  03
085E:  BTFSS  4D.4
085F:  MOVLW  30
0860:  MOVWF  50
0861:  MOVF   4C,W
0862:  MOVWF  77
0863:  BTFSS  4C.7
0864:  GOTO   06D
0865:  COMF   77,F
0866:  INCF   77,F
0867:  MOVF   77,W
0868:  MOVWF  4C
0869:  MOVLW  2D
086A:  MOVWF  50
086B:  BSF    4D.7
086C:  BSF    4D.0
086D:  MOVF   4C,W
086E:  MOVWF  54
086F:  MOVLW  64
0870:  MOVWF  55
0871:  MOVLP  00
0872:  MOVLB  00
0873:  CALL   7CA
0874:  MOVLP  08
0875:  MOVF   77,W
0876:  MOVLB  03
0877:  MOVWF  4C
0878:  MOVLW  30
0879:  ADDWF  78,W
087A:  MOVWF  51
087B:  MOVF   4C,W
087C:  MOVWF  54
087D:  MOVLW  0A
087E:  MOVWF  55
087F:  MOVLP  00
0880:  MOVLB  00
0881:  CALL   7CA
0882:  MOVLP  08
0883:  MOVLW  30
0884:  ADDWF  77,W
0885:  MOVLB  03
0886:  MOVWF  53
0887:  MOVLW  30
0888:  ADDWF  78,W
0889:  MOVWF  52
088A:  MOVF   50,W
088B:  MOVWF  77
088C:  MOVLW  30
088D:  SUBWF  51,W
088E:  BTFSC  03.2
088F:  GOTO   094
0890:  BSF    4D.1
0891:  BTFSC  4D.7
0892:  BSF    4D.2
0893:  GOTO   0A8
0894:  MOVF   50,W
0895:  MOVWF  51
0896:  MOVLW  20
0897:  MOVWF  50
0898:  MOVLW  30
0899:  SUBWF  52,W
089A:  BTFSC  03.2
089B:  GOTO   0A0
089C:  BSF    4D.0
089D:  BTFSC  4D.7
089E:  BSF    4D.1
089F:  GOTO   0A8
08A0:  BTFSS  03.2
08A1:  BSF    4D.0
08A2:  BTFSS  03.2
08A3:  GOTO   0A8
08A4:  MOVF   51,W
08A5:  MOVWF  52
08A6:  MOVLW  20
08A7:  MOVWF  51
08A8:  BTFSC  4D.2
08A9:  GOTO   0AF
08AA:  BTFSC  4D.1
08AB:  GOTO   0B6
08AC:  BTFSC  4D.0
08AD:  GOTO   0BD
08AE:  GOTO   0C4
08AF:  MOVF   50,W
08B0:  MOVWF  58
08B1:  MOVLP  00
08B2:  MOVLB  00
08B3:  CALL   7BD
08B4:  MOVLP  08
08B5:  MOVLB  03
08B6:  MOVF   51,W
08B7:  MOVWF  58
08B8:  MOVLP  00
08B9:  MOVLB  00
08BA:  CALL   7BD
08BB:  MOVLP  08
08BC:  MOVLB  03
08BD:  MOVF   52,W
08BE:  MOVWF  58
08BF:  MOVLP  00
08C0:  MOVLB  00
08C1:  CALL   7BD
08C2:  MOVLP  08
08C3:  MOVLB  03
08C4:  MOVF   53,W
08C5:  MOVWF  58
08C6:  MOVLP  00
08C7:  MOVLB  00
08C8:  CALL   7BD
08C9:  MOVLP  08
08CA:  RETURN
08CB:  BTFSC  03.1
08CC:  GOTO   0D1
08CD:  MOVLW  21
08CE:  MOVWF  05
08CF:  MOVLW  31
08D0:  MOVWF  04
08D1:  CLRF   77
08D2:  CLRF   78
08D3:  CLRF   79
08D4:  CLRF   7A
08D5:  MOVLB  03
08D6:  CLRF   61
08D7:  CLRF   62
08D8:  CLRF   63
08D9:  CLRF   64
08DA:  MOVF   5F,W
08DB:  IORWF  5E,W
08DC:  IORWF  5D,W
08DD:  IORWF  5C,W
08DE:  BTFSC  03.2
08DF:  GOTO   110
08E0:  MOVLW  20
08E1:  MOVWF  65
08E2:  BCF    03.0
08E3:  RLF    58,F
08E4:  RLF    59,F
08E5:  RLF    5A,F
08E6:  RLF    5B,F
08E7:  RLF    61,F
08E8:  RLF    62,F
08E9:  RLF    63,F
08EA:  RLF    64,F
08EB:  MOVF   5F,W
08EC:  SUBWF  64,W
08ED:  BTFSS  03.2
08EE:  GOTO   0F9
08EF:  MOVF   5E,W
08F0:  SUBWF  63,W
08F1:  BTFSS  03.2
08F2:  GOTO   0F9
08F3:  MOVF   5D,W
08F4:  SUBWF  62,W
08F5:  BTFSS  03.2
08F6:  GOTO   0F9
08F7:  MOVF   5C,W
08F8:  SUBWF  61,W
08F9:  BTFSS  03.0
08FA:  GOTO   10A
08FB:  MOVF   5C,W
08FC:  SUBWF  61,F
08FD:  MOVF   5D,W
08FE:  BTFSS  03.0
08FF:  INCFSZ 5D,W
0900:  SUBWF  62,F
0901:  MOVF   5E,W
0902:  BTFSS  03.0
0903:  INCFSZ 5E,W
0904:  SUBWF  63,F
0905:  MOVF   5F,W
0906:  BTFSS  03.0
0907:  INCFSZ 5F,W
0908:  SUBWF  64,F
0909:  BSF    03.0
090A:  RLF    77,F
090B:  RLF    78,F
090C:  RLF    79,F
090D:  RLF    7A,F
090E:  DECFSZ 65,F
090F:  GOTO   0E2
0910:  MOVF   61,W
0911:  MOVWF  00
0912:  MOVF   62,W
0913:  MOVWI  W,[FSR0+01]
0914:  MOVF   63,W
0915:  MOVWI  W,[FSR0+02]
0916:  MOVF   64,W
0917:  MOVWI  W,[FSR0+03]
0918:  MOVLB  00
0919:  RETURN
091A:  MOVF   04,W
091B:  MOVLB  03
091C:  MOVWF  50
091D:  MOVF   4A,W
091E:  MOVWF  52
091F:  BTFSC  03.2
0920:  GOTO   13E
0921:  MOVF   49,W
0922:  MOVWF  67
0923:  MOVF   48,W
0924:  MOVWF  66
0925:  MOVF   47,W
0926:  MOVWF  65
0927:  MOVF   46,W
0928:  MOVWF  64
0929:  CLRF   6B
092A:  CLRF   6A
092B:  MOVLW  20
092C:  MOVWF  69
092D:  MOVLW  82
092E:  MOVWF  68
092F:  MOVLP  00
0930:  MOVLB  00
0931:  CALL   3D0
0932:  MOVLP  08
0933:  MOVF   7A,W
0934:  MOVLB  03
0935:  MOVWF  49
0936:  MOVF   79,W
0937:  MOVWF  48
0938:  MOVF   78,W
0939:  MOVWF  47
093A:  MOVF   77,W
093B:  MOVWF  46
093C:  DECFSZ 52,F
093D:  GOTO   121
093E:  MOVF   49,W
093F:  MOVWF  5B
0940:  MOVF   48,W
0941:  MOVWF  5A
0942:  MOVF   47,W
0943:  MOVWF  59
0944:  MOVF   46,W
0945:  MOVWF  58
0946:  MOVF   58,W
0947:  SUBLW  B6
0948:  MOVWF  58
0949:  CLRF   7A
094A:  MOVF   59,W
094B:  MOVWF  5C
094C:  BSF    59.7
094D:  BCF    03.0
094E:  RRF    59,F
094F:  RRF    5A,F
0950:  RRF    5B,F
0951:  RRF    7A,F
0952:  RRF    79,F
0953:  RRF    78,F
0954:  RRF    77,F
0955:  DECFSZ 58,F
0956:  GOTO   14D
0957:  BTFSS  5C.7
0958:  GOTO   164
0959:  COMF   77,F
095A:  COMF   78,F
095B:  COMF   79,F
095C:  COMF   7A,F
095D:  INCF   77,F
095E:  BTFSC  03.2
095F:  INCF   78,F
0960:  BTFSC  03.2
0961:  INCF   79,F
0962:  BTFSC  03.2
0963:  INCF   7A,F
0964:  MOVF   7A,W
0965:  MOVWF  49
0966:  MOVF   79,W
0967:  MOVWF  48
0968:  MOVF   78,W
0969:  MOVWF  47
096A:  MOVF   77,W
096B:  MOVWF  46
096C:  BTFSS  49.7
096D:  GOTO   17B
096E:  DECF   50,F
096F:  BSF    50.5
0970:  COMF   46,F
0971:  COMF   47,F
0972:  COMF   48,F
0973:  COMF   49,F
0974:  INCF   46,F
0975:  BTFSC  03.2
0976:  INCF   47,F
0977:  BTFSC  03.2
0978:  INCF   48,F
0979:  BTFSC  03.2
097A:  INCF   49,F
097B:  MOVLW  3B
097C:  MOVWF  57
097D:  MOVLW  9A
097E:  MOVWF  56
097F:  MOVLW  CA
0980:  MOVWF  55
0981:  CLRF   54
0982:  MOVLW  0A
0983:  MOVWF  52
0984:  MOVF   4A,W
0985:  BTFSC  03.2
0986:  INCF   50,F
0987:  BSF    03.1
0988:  MOVLW  21
0989:  MOVWF  05
098A:  MOVLW  16
098B:  MOVWF  04
098C:  MOVF   49,W
098D:  MOVWF  5B
098E:  MOVF   48,W
098F:  MOVWF  5A
0990:  MOVF   47,W
0991:  MOVWF  59
0992:  MOVF   46,W
0993:  MOVWF  58
0994:  MOVF   57,W
0995:  MOVWF  5F
0996:  MOVF   56,W
0997:  MOVWF  5E
0998:  MOVF   55,W
0999:  MOVWF  5D
099A:  MOVF   54,W
099B:  MOVWF  5C
099C:  MOVLB  00
099D:  CALL   0CB
099E:  MOVF   78,W
099F:  MOVF   77,F
09A0:  BTFSS  03.2
09A1:  GOTO   1B9
09A2:  MOVLB  03
09A3:  INCF   4A,W
09A4:  SUBWF  52,W
09A5:  BTFSS  03.2
09A6:  GOTO   1A9
09A7:  MOVLB  00
09A8:  GOTO   1B9
09A9:  MOVF   50,W
09AA:  BTFSC  03.2
09AB:  GOTO   1BC
09AC:  ANDLW  0F
09AD:  SUBWF  52,W
09AE:  BTFSC  03.2
09AF:  GOTO   1B2
09B0:  BTFSC  03.0
09B1:  GOTO   1FC
09B2:  BTFSC  50.7
09B3:  GOTO   1FC
09B4:  BTFSC  50.6
09B5:  GOTO   1BC
09B6:  MOVLW  20
09B7:  GOTO   1F4
09B8:  MOVLB  00
09B9:  MOVLW  20
09BA:  MOVLB  03
09BB:  ANDWF  50,F
09BC:  BTFSS  50.5
09BD:  GOTO   1CE
09BE:  BCF    50.5
09BF:  MOVF   4A,W
09C0:  BTFSS  03.2
09C1:  DECF   50,F
09C2:  MOVF   77,W
09C3:  MOVWF  50
09C4:  MOVLW  2D
09C5:  MOVWF  58
09C6:  MOVLP  00
09C7:  MOVLB  00
09C8:  CALL   7BD
09C9:  MOVLP  08
09CA:  MOVLB  03
09CB:  MOVF   50,W
09CC:  MOVWF  77
09CD:  CLRF   50
09CE:  MOVF   4A,W
09CF:  SUBWF  52,W
09D0:  BTFSS  03.2
09D1:  GOTO   1E0
09D2:  MOVF   77,W
09D3:  MOVWF  50
09D4:  MOVLW  2E
09D5:  MOVWF  58
09D6:  MOVLP  00
09D7:  MOVLB  00
09D8:  CALL   7BD
09D9:  MOVLP  08
09DA:  MOVLB  03
09DB:  MOVF   50,W
09DC:  MOVWF  77
09DD:  MOVLW  20
09DE:  ANDWF  50,F
09DF:  MOVLW  00
09E0:  MOVLW  30
09E1:  BTFSS  50.5
09E2:  GOTO   1F4
09E3:  BCF    50.5
09E4:  MOVF   4A,W
09E5:  BTFSS  03.2
09E6:  DECF   50,F
09E7:  MOVF   77,W
09E8:  MOVWF  50
09E9:  MOVLW  2D
09EA:  MOVWF  58
09EB:  MOVLP  00
09EC:  MOVLB  00
09ED:  CALL   7BD
09EE:  MOVLP  08
09EF:  MOVLB  03
09F0:  MOVF   50,W
09F1:  MOVWF  77
09F2:  CLRF   50
09F3:  MOVLW  30
09F4:  ADDWF  77,F
09F5:  MOVF   77,W
09F6:  MOVWF  58
09F7:  MOVLP  00
09F8:  MOVLB  00
09F9:  CALL   7BD
09FA:  MOVLP  08
09FB:  MOVLB  03
09FC:  BCF    03.1
09FD:  MOVF   57,W
09FE:  MOVWF  5B
09FF:  MOVF   56,W
0A00:  MOVWF  5A
0A01:  MOVF   55,W
0A02:  MOVWF  59
0A03:  MOVF   54,W
0A04:  MOVWF  58
0A05:  CLRF   5F
0A06:  CLRF   5E
0A07:  CLRF   5D
0A08:  MOVLW  0A
0A09:  MOVWF  5C
0A0A:  MOVLB  00
0A0B:  CALL   0CB
0A0C:  MOVF   7A,W
0A0D:  MOVLB  03
0A0E:  MOVWF  57
0A0F:  MOVF   79,W
0A10:  MOVWF  56
0A11:  MOVF   78,W
0A12:  MOVWF  55
0A13:  MOVF   77,W
0A14:  MOVWF  54
0A15:  DECFSZ 52,F
0A16:  GOTO   187
0A17:  MOVLB  00
0A18:  RETURN
*
1749:  BSF    0A.0
174A:  BSF    0A.1
174B:  BSF    0A.2
174C:  ADDWF  02,F
174D:  GOTO   741
174E:  GOTO   008
174F:  GOTO   00A
1750:  GOTO   745
1751:  GOTO   390
1752:  GOTO   4C0
1753:  GOTO   431
1754:  GOTO   745
1755:  GOTO   745
1756:  GOTO   4FE
1757:  GOTO   745
1758:  GOTO   455
1759:  GOTO   715
175A:  GOTO   745
175B:  GOTO   55F
.................... #DEVICE PIC16F18326 CONST=ROM // Uses the CCS compiler traditional keyword CONST definition, making CONST variables located in program memory 
....................        
.................... #include <16F18326.h> 
.................... //////////// Standard Header file for the PIC16F18326 device //////////////// 
.................... /////////////////////////////////////////////////////////////////////////// 
.................... ////        (C) Copyright 1996, 2014 Custom Computer Services          //// 
.................... //// This source code may only be used by licensed users of the CCS C  //// 
.................... //// compiler.  This source code may only be distributed to other      //// 
.................... //// licensed users of the CCS C compiler.  No other use, reproduction //// 
.................... //// or distribution is permitted without written permission.          //// 
.................... //// Derivative programs created using this software in object code    //// 
.................... //// form are not restricted in any way.                               //// 
.................... /////////////////////////////////////////////////////////////////////////// 
.................... #device PIC16F18326 
....................  
.................... #list 
....................  
.................... #include <stdlib.h> 
.................... /////////////////////////////////////////////////////////////////////////// 
.................... ////        (C) Copyright 1996,2007 Custom Computer Services           //// 
.................... //// This source code may only be used by licensed users of the CCS C  //// 
.................... //// compiler.  This source code may only be distributed to other      //// 
.................... //// licensed users of the CCS C compiler.  No other use, reproduction //// 
.................... //// or distribution is permitted without written permission.          //// 
.................... //// Derivative programs created using this software in object code    //// 
.................... //// form are not restricted in any way.                               //// 
.................... /////////////////////////////////////////////////////////////////////////// 
....................  
....................  
.................... #ifndef _STDLIB 
.................... #define _STDLIB 
....................  
.................... //--------------------------------------------------------------------------- 
.................... // Definitions and types 
.................... //--------------------------------------------------------------------------- 
....................  
.................... #ifndef RAND_MAX 
.................... #define RAND_MAX  32767    // The value of which is the maximum value 
....................                            // ... returned by the rand function 
.................... #endif 
....................  
....................  
.................... #IF (sizeof(int16*)>1) 
.................... #DEFINE LONG_POINTERS 1 
.................... #ELSE  
.................... #DEFINE LONG_POINTERS 0 
.................... #ENDIF 
....................  
.................... typedef struct { 
....................    signed int quot; 
....................    signed int rem; 
.................... } div_t; 
....................  
.................... typedef struct { 
....................    signed long quot; 
....................    signed long rem; 
.................... } ldiv_t; 
....................  
.................... #include <stddef.h> 
.................... /////////////////////////////////////////////////////////////////////////// 
.................... ////        (C) Copyright 1996,2003 Custom Computer Services           //// 
.................... //// This source code may only be used by licensed users of the CCS C  //// 
.................... //// compiler.  This source code may only be distributed to other      //// 
.................... //// licensed users of the CCS C compiler.  No other use, reproduction //// 
.................... //// or distribution is permitted without written permission.          //// 
.................... //// Derivative programs created using this software in object code    //// 
.................... //// form are not restricted in any way.                               //// 
.................... /////////////////////////////////////////////////////////////////////////// 
....................  
.................... #ifndef _STDDEF 
....................  
.................... #define _STDDEF 
....................  
.................... #if sizeof(unsigned int8 *)==1 
.................... #define ptrdiff_t unsigned int8 
.................... #else 
.................... #define ptrdiff_t unsigned int16 
.................... #endif 
....................  
.................... #if defined(__PCB__) || defined(__PCM__) 
.................... #define size_t unsigned int8 
.................... #else 
.................... #define size_t unsigned int16 
.................... #endif 
.................... #define wchar_t char 
.................... #define NULL 0 
....................  
.................... #define offsetof(s,f) (offsetofbit(s,f)/8) 
....................  
.................... #endif 
....................  
....................  
.................... //--------------------------------------------------------------------------- 
.................... // String conversion functions 
.................... //--------------------------------------------------------------------------- 
....................  
.................... /* Standard template: signed int  atoi(char * s) 
....................  * converts the initial portion of the string s to a signed int 
....................  * returns the converted value if any, 0 otherwise 
....................  */ 
.................... signed int atoi(char *s); 
....................  
.................... /* Syntax: signed int32  atoi32(char * s) 
....................    converts the initial portion of the string s to a signed int32 
....................    returns the converted value if any, 0 otherwise*/ 
.................... #if (sizeof(long)==4) 
....................  #define atoi32(s) atol(s) 
.................... #else  
....................  signed int32 atoi32(char *s); 
.................... #endif 
....................  
.................... #if defined(__PCD__) 
.................... // The following functions only work on the 24 bit compiler 
.................... // for the 30F, 33F, 24F and 24H parts 
.................... /* Syntax: signed int48  atoi48(char * s) 
....................    converts the initial portion of the string s to a signed int48 
....................    returns the converted value if any, 0 otherwise*/ 
....................     
.................... signed int48 atoi48(char *s); 
....................  
.................... /* Syntax: signed int64  atoi64(char * s) 
....................    converts the initial portion of the string s to a signed int64 
....................    returns the converted value if any, 0 otherwise*/ 
.................... signed int64 atoi64(char *s); 
.................... #endif 
....................  
.................... /* Syntax: char *  itoa(signed int32 num, int8 base, char * s) 
....................    converts the signed int32 to a string and 
....................    returns the converted value if any, 0 otherwise*/ 
.................... char * itoa(signed int32 num, unsigned int base, char * s); 
....................  
.................... /* Standard template: signed int16  atol(char * s) 
....................  * converts the initial portion of the string s to a signed int16 
....................  * returns the converted value if any, 0 otherwise 
....................  */ 
.................... signed long atol(char *s); 
....................  
.................... /* Standard template: int16 strtoul(char * s,char *endptr,signed int base) 
....................  * converts the initial portion of the string s, represented as an 
....................  * integral value of radix base  to a signed long. 
....................  * Returns the converted value if any, 0 otherwise 
....................  * the final string is returned in the endptr, if endptr is not null 
....................  */ 
.................... signed long strtol(char *s,char *endptr, signed int base); 
....................  
.................... /* Standard template: int16 strtoul(char * s,char *endptr,signed int base) 
....................  * converts the initial portion of the string s, represented as an 
....................  * integral value of radix base to a unsigned long. 
....................  * returns the converted value if any, 0 otherwise 
....................  * the final string is returned in the endptr, if endptr is not null 
....................  */ 
.................... unsigned long strtoul(char *s,char *endptr, signed int base); 
....................  
.................... /* Standart template: float strtof(char * s,char *endptr) 
....................                       float48 strtof48(char *s,char *endptr); 
....................                       float64 strtod(char *s,char *endptr); 
....................  * converts the initial portion of the string s to a float32, float48 or float64, 
....................  * returns the converted value if any, 0 otherwise 
....................  * the final string is returned in the endptr, if endptr is not null                    
.................... */ 
.................... float strtof(char *s,char **endptr); 
.................... #if defined(__PCD__) 
.................... float48 strtof48(char *s,char **endptr); 
.................... float64 strtod(char *s,char **endptr); 
.................... #else 
.................... //provided for compatibility 
.................... #define strtof48(s, e) strtof(s, e) 
.................... #define strtod(s, e) strtof(s, e) 
.................... #endif 
....................  
.................... /* Standard template: float32 atof(char * s) 
....................  * converts the initial portion of the string s to a float. 
....................  * returns the converted value if any, 0 otherwise 
....................  */ 
.................... #define atof(s)   strtof(s, (char*)0) 
....................  
.................... #if defined(__PCD__) 
.................... // The following functions only work on the 24 bit compiler 
.................... // for the 30F, 33F, 24F and 24H parts 
....................  
.................... /* Standard template: float48 atof48(char * s) 
....................  * converts the initial portion of the string s to a float. 
....................  * returns the converted value if any, 0 otherwise 
....................  */ 
.................... #define atof48(s) strtof48(s, 0) 
....................  
.................... /* Standard template: float64 atof64(char * s) 
....................  * converts the initial portion of the string s to a float. 
....................  * returns the converted value if any, 0 otherwise 
....................  */ 
.................... #define atof64(s) strtod(s, 0) 
.................... #endif 
....................  
.................... /* Standard template: float32 atoe(char * s) 
....................  * converts the initial portion of the string s to a float. 
....................  * returns the converted value if any, 0 otherwise 
....................  * also handles E format numbers 
....................  */ 
.................... #if !defined(__PCD__) 
.................... float atoe(char * s); 
.................... #endif 
....................  
.................... #if defined(__PCD__) 
.................... float32 atoe(char * s); 
.................... #endif 
....................  
.................... //--------------------------------------------------------------------------- 
.................... // Pseudo-random sequence generation functions 
.................... //--------------------------------------------------------------------------- 
....................  
.................... /* The rand function computes a sequence of pseudo-random integers in 
....................  * the range 0 to RAND_MAX 
....................  * 
....................  * Parameters: 
....................  *       (none) 
....................  * 
....................  * Returns: 
....................  *       The pseudo-random integer 
....................  */ 
.................... unsigned int16 rand(void); 
....................  
.................... /* The srand function uses the argument as a seed for a new sequence of 
....................  * pseudo-random numbers to be returned by subsequent calls to rand. 
....................  * 
....................  * Parameters: 
....................  *       [in] seed: The seed value to start from. You might need to pass 
....................  * 
....................  * Returns: 
....................  *       (none) 
....................  * 
....................  * Remarks 
....................  *          The srand function sets the starting point for generating 
....................  *       a series of pseudorandom integers. To reinitialize the 
....................  *       generator, use 1 as the seed argument. Any other value for 
....................  *       seed sets the generator to a random starting point. rand 
....................  *       retrieves the pseudorandom numbers that are generated. 
....................  *       Calling rand before any call to srand generates the same 
....................  *       sequence as calling srand with seed passed as 1. 
....................  *          Usually, you need to pass a time here from outer source 
....................  *       so that the numbers will be different every time you run. 
....................  */ 
.................... void srand(unsigned int32 seed); 
....................  
.................... //--------------------------------------------------------------------------- 
.................... // Memory management functions 
.................... //--------------------------------------------------------------------------- 
....................  
.................... // Comming soon 
....................  
.................... //--------------------------------------------------------------------------- 
.................... // Communication with the environment 
.................... //--------------------------------------------------------------------------- 
....................  
.................... /* The function returns 0 always 
....................  */ 
.................... signed int8 system(char *string); 
....................  
.................... //--------------------------------------------------------------------------- 
.................... // Searching and sorting utilities 
.................... //--------------------------------------------------------------------------- 
....................  
.................... /* Performs a binary search of a sorted array.. 
....................  * 
....................  * Parameters: 
....................  *       [in] key: Object to search for 
....................  *       [in] base: Pointer to base of search data 
....................  *       [in] num: Number of elements 
....................  *       [in] width: Width of elements 
....................  *       [in] compare: Function that compares two elements 
....................  * 
....................  * Returns: 
....................  *       bsearch returns a pointer to an occurrence of key in the array pointed 
....................  *       to by base. If key is not found, the function returns NULL. If the 
....................  *       array is not in order or contains duplicate records with identical keys, 
....................  *       the result is unpredictable. 
....................  */ 
.................... //void *bsearch(const void *key, const void *base, size_t num, size_t width, 
.................... //              int (*compare)(const void *, const void *)); 
....................  
.................... /* Performs the shell-metzner sort (not the quick sort algorithm). The contents 
....................  * of the array are sorted into ascending order according to a comparison 
....................  * function pointed to by compar. 
....................  * 
....................  * Parameters: 
....................  *       [in] base: Pointer to base of search data 
....................  *       [in] num: Number of elements 
....................  *       [in] width: Width of elements 
....................  *       [in] compare: Function that compares two elements 
....................  * 
....................  * Returns: 
....................  *       (none) 
....................  */ 
.................... //void *qsort(const void *base, size_t num, size_t width, 
.................... //              int (*compare)(const void *, const void *)); 
....................  
.................... //--------------------------------------------------------------------------- 
.................... // Integer arithmetic functions 
.................... //--------------------------------------------------------------------------- 
....................  
.................... #define labs abs 
....................  
.................... div_t div(signed int numer, signed int denom); 
.................... ldiv_t ldiv(signed long numer, signed long denom); 
....................  
.................... //--------------------------------------------------------------------------- 
.................... // Multibyte character functions 
.................... //--------------------------------------------------------------------------- 
....................  
.................... // Not supported 
....................  
.................... //--------------------------------------------------------------------------- 
.................... // Multibyte string functions 
.................... //--------------------------------------------------------------------------- 
....................  
.................... // Not supported 
....................  
....................  
.................... //--------------------------------------------------------------------------- 
.................... // Internal implementation 
.................... //--------------------------------------------------------------------------- 
....................  
.................... #include <stddef.h> 
.................... /////////////////////////////////////////////////////////////////////////// 
.................... ////        (C) Copyright 1996,2003 Custom Computer Services           //// 
.................... //// This source code may only be used by licensed users of the CCS C  //// 
.................... //// compiler.  This source code may only be distributed to other      //// 
.................... //// licensed users of the CCS C compiler.  No other use, reproduction //// 
.................... //// or distribution is permitted without written permission.          //// 
.................... //// Derivative programs created using this software in object code    //// 
.................... //// form are not restricted in any way.                               //// 
.................... /////////////////////////////////////////////////////////////////////////// 
....................  
.................... #ifndef _STDDEF 
....................  
.................... #define _STDDEF 
....................  
.................... #if sizeof(unsigned int8 *)==1 
.................... #define ptrdiff_t unsigned int8 
.................... #else 
.................... #define ptrdiff_t unsigned int16 
.................... #endif 
....................  
.................... #if defined(__PCB__) || defined(__PCM__) 
.................... #define size_t unsigned int8 
.................... #else 
.................... #define size_t unsigned int16 
.................... #endif 
.................... #define wchar_t char 
.................... #define NULL 0 
....................  
.................... #define offsetof(s,f) (offsetofbit(s,f)/8) 
....................  
.................... #endif 
....................  
.................... #include <string.h> 
.................... //////////////////////////////////////////////////////////////////////////// 
.................... ////        (C) Copyright 1996,2008 Custom Computer Services            //// 
.................... //// This source code may only be used by licensed users of the CCS C   //// 
.................... //// compiler.  This source code may only be distributed to other       //// 
.................... //// licensed users of the CCS C compiler.  No other use, reproduction  //// 
.................... //// or distribution is permitted without written permission.           //// 
.................... //// Derivative programs created using this software in object code     //// 
.................... //// form are not restricted in any way.                                //// 
.................... //////////////////////////////////////////////////////////////////////////// 
....................  
.................... #ifndef _STRING 
.................... #define _STRING 
.................... #include <stddef.h> 
.................... /////////////////////////////////////////////////////////////////////////// 
.................... ////        (C) Copyright 1996,2003 Custom Computer Services           //// 
.................... //// This source code may only be used by licensed users of the CCS C  //// 
.................... //// compiler.  This source code may only be distributed to other      //// 
.................... //// licensed users of the CCS C compiler.  No other use, reproduction //// 
.................... //// or distribution is permitted without written permission.          //// 
.................... //// Derivative programs created using this software in object code    //// 
.................... //// form are not restricted in any way.                               //// 
.................... /////////////////////////////////////////////////////////////////////////// 
....................  
.................... #ifndef _STDDEF 
....................  
.................... #define _STDDEF 
....................  
.................... #if sizeof(unsigned int8 *)==1 
.................... #define ptrdiff_t unsigned int8 
.................... #else 
.................... #define ptrdiff_t unsigned int16 
.................... #endif 
....................  
.................... #if defined(__PCB__) || defined(__PCM__) 
.................... #define size_t unsigned int8 
.................... #else 
.................... #define size_t unsigned int16 
.................... #endif 
.................... #define wchar_t char 
.................... #define NULL 0 
....................  
.................... #define offsetof(s,f) (offsetofbit(s,f)/8) 
....................  
.................... #endif 
....................  
.................... #include <ctype.h> 
.................... //////////////////////////////////////////////////////////////////////////// 
.................... ////        (C) Copyright 1996,2003 Custom Computer Services            //// 
.................... //// This source code may only be used by licensed users of the CCS C   //// 
.................... //// compiler.  This source code may only be distributed to other       //// 
.................... //// licensed users of the CCS C compiler.  No other use, reproduction  //// 
.................... //// or distribution is permitted without written permission.           //// 
.................... //// Derivative programs created using this software in object code     //// 
.................... //// form are not restricted in any way.                                //// 
.................... //////////////////////////////////////////////////////////////////////////// 
....................  
.................... #ifndef _CTYPE 
.................... #define _CTYPE 
....................  
.................... #define islower(x)  isamong(x,"abcdefghijklmnopqrstuvwxyz") 
.................... #define isupper(x)  isamong(x,"ABCDEFGHIJKLMNOPQRSTUVWXYZ") 
.................... #define isalnum(x)  isamong(x,"0123456789ABCDEFGHIJKLMNOPQRSTUVWXYZabcdefghijklmnopqrstuvwxyz") 
.................... #define isalpha(x)  isamong(x,"ABCDEFGHIJKLMNOPQRSTUVWXYZabcdefghijklmnopqrstuvwxyz") 
.................... #define isdigit(x)  isamong(x,"0123456789") 
.................... #define isspace(x)  ((x)==' ') 
.................... #define isxdigit(x) isamong(x,"0123456789ABCDEFabcdef") 
.................... #define iscntrl(x)  ((x)<' ') 
.................... #define isprint(x)  ((x)>=' ') 
.................... #define isgraph(x)  ((x)>' ') 
.................... #define ispunct(x)  (((x)>' ')&&!isalnum(x)) 
....................  
.................... #endif 
....................  
....................  
....................  
....................  
....................  
.................... ////////////////////////////////////////////// 
.................... //// Uncomment the following define to    //// 
.................... //// allow some functions to use a        //// 
.................... //// quicker algorithm, but use more ROM  //// 
.................... ////                                      //// 
.................... //// #define FASTER_BUT_MORE_ROM          //// 
.................... ////////////////////////////////////////////// 
....................  
....................  
....................  
.................... /*Copying functions*/ 
.................... /* standard template: 
....................    void *memmove(void *s1, void *s2, size_t n). 
....................    Copies max of n characters safely (not following ending '\0') 
....................    from s2 in s1; if s2 has less than n characters, appends 0 */ 
....................  
.................... unsigned char *memmove(void *s1,void *s2,size_t n) 
.................... { 
....................    unsigned char *sc1; 
....................    unsigned char *sc2; 
....................    sc1=s1; 
....................    sc2=s2; 
....................    if(sc2<sc1 && sc1 <sc2 +n) 
....................       for(sc1+=n,sc2+=n;0<n;--n) 
....................          *--sc1=*--sc2; 
....................    else 
....................       for(;0<n;--n) 
....................          *sc1++=*sc2++; 
....................   return s1; 
....................   } 
....................  
.................... /* Standard template: char *strcpy(char *s1, const char *s2) 
....................    copies the string s2 including the null character to s1. 
....................    This is a compiler built in to handle the different address 
....................    spaces */ 
....................  
.................... #define strcopy strcpy 
....................  
.................... /* standard template: 
....................    char *strncpy(char *s1, const char *s2, size_t n). 
....................    Copies max of n characters (not following ending '\0') 
....................    from s2 in s1; if s2 has less than n characters, appends 0 */ 
....................  
.................... unsigned char *strncpy(unsigned char *s1, unsigned char *s2, size_t n) 
.................... { 
....................   unsigned char *s; 
....................  
....................   for (s = s1; n > 0 && *s2 != '\0'; n--) 
....................      *s++ = *s2++; 
....................   for (; n > 0; n--) 
....................      *s++ = '\0'; 
....................  
....................   return(s1); 
.................... } 
.................... /***********************************************************/ 
....................  
.................... /*concatenation functions*/ 
.................... /* standard template: char *strcat(char *s1, const char *s2) 
.................... appends s2 to s1*/ 
....................  
.................... unsigned char *strcat(unsigned char *s1, unsigned char *s2) 
.................... { 
....................    unsigned char *s; 
....................  
....................    for (s = s1; *s != '\0'; ++s); 
....................    while(*s2 != '\0') 
....................    { 
....................       *s = *s2; 
....................       ++s; 
....................       ++s2; 
....................    } 
....................  
....................    *s = '\0'; 
....................    return(s1); 
.................... } 
.................... /* standard template: char *strncat(char *s1, char *s2,size_t n) 
.................... appends not more than n characters from s2 to s1*/ 
....................  
.................... unsigned char *strncat(unsigned char *s1, unsigned char *s2, size_t n) 
.................... { 
....................    unsigned char *s; 
....................  
....................    for (s = s1; *s != '\0'; ++s); 
....................    while(*s2 != '\0' && 0<n) 
....................    { 
....................       *s = *s2; 
....................       ++s; 
....................       ++s2; 
....................       --n; 
....................    } 
....................  
....................    *s = '\0'; 
....................    return(s1); 
.................... } 
....................  
.................... /***********************************************************/ 
....................  
....................  
.................... /*comparison functions*/ 
.................... /* standard template: signed int memcmp(void *s1, void *s2). 
....................    Compares s1 & s2; returns -1 if s1<s2, 0 if s1=s2, 1 if s1>s2 */ 
....................  
.................... signed int8 memcmp(void * s1,void *s2,size_t n) 
.................... { 
.................... unsigned char *su1, *su2; 
.................... for(su1=s1, su2=s2; 0<n; ++su1, ++su2, --n) 
.................... { 
....................    if(*su1!=*su2) 
....................       return ((*su1<*su2)?-1:1); 
.................... } 
.................... return 0; 
.................... } 
....................  
.................... /* standard template: int strcmp(const char *s1, const char *s2). 
....................    Compares s1 & s2; returns -1 if s1<s2, 0 if s1=s2, 1 if s1>s2 */ 
....................  
.................... signed int8 strcmp(unsigned char *s1, unsigned char *s2) 
.................... { 
....................    for (; *s1 == *s2; s1++, s2++) 
*
0342:  MOVLB  03
0343:  MOVF   4D,W
0344:  MOVWF  7A
0345:  MOVF   4C,W
0346:  MOVWF  04
0347:  MOVF   7A,W
0348:  MOVWF  05
0349:  MOVF   00,W
034A:  MOVWF  50
034B:  MOVF   4F,W
034C:  MOVWF  7A
034D:  MOVF   4E,W
034E:  MOVWF  04
034F:  MOVF   7A,W
0350:  MOVWF  05
0351:  MOVF   00,W
0352:  SUBWF  50,W
0353:  BTFSS  03.2
0354:  GOTO   36B
....................       if (*s1 == '\0') 
0355:  MOVF   4D,W
0356:  MOVWF  7A
0357:  MOVF   4C,W
0358:  MOVWF  04
0359:  MOVF   7A,W
035A:  MOVWF  05
035B:  MOVF   00,F
035C:  BTFSS  03.2
035D:  GOTO   361
....................          return(0); 
035E:  MOVLW  00
035F:  MOVWF  78
0360:  GOTO   381
0361:  MOVF   4D,W
0362:  MOVWF  7A
0363:  MOVF   4C,W
0364:  INCF   4C,F
0365:  BTFSC  03.2
0366:  INCF   4D,F
0367:  INCF   4E,F
0368:  BTFSC  03.2
0369:  INCF   4F,F
036A:  GOTO   343
....................    return((*s1 < *s2) ? -1: 1); 
036B:  MOVF   4D,W
036C:  MOVWF  7A
036D:  MOVF   4C,W
036E:  MOVWF  04
036F:  MOVF   4D,W
0370:  MOVWF  05
0371:  MOVF   00,W
0372:  MOVWF  50
0373:  MOVF   4F,W
0374:  MOVWF  7A
0375:  MOVF   4E,W
0376:  MOVWF  04
0377:  MOVF   4F,W
0378:  MOVWF  05
0379:  MOVF   00,W
037A:  SUBWF  50,W
037B:  BTFSC  03.0
037C:  GOTO   37F
037D:  MOVLW  FF
037E:  GOTO   380
037F:  MOVLW  01
0380:  MOVWF  78
0381:  MOVLB  00
0382:  RETURN
.................... } 
.................... /* standard template: int strcoll(const char *s1, const char *s2). 
....................    Compares s1 & s2; returns -1 if s1<s2, 0 if s1=s2, 1 if s1>s2 */ 
....................  
.................... signed int8 strcoll(unsigned char *s1, unsigned char *s2) 
.................... { 
....................    for (; *s1 == *s2; s1++, s2++) 
....................       if (*s1 == '\0') 
....................          return(0); 
....................    return((*s1 < *s2) ? -1: 1); 
.................... } 
....................  
.................... /* standard template: 
....................    int strncmp(const char *s1, const char *s2, size_t n). 
....................    Compares max of n characters (not following 0) from s1 to s2; 
....................    returns same as strcmp */ 
....................  
.................... signed int8 strncmp(unsigned char *s1, unsigned char *s2, size_t n) 
.................... { 
....................    for (; n > 0; s1++, s2++, n--) 
....................       if (*s1 != *s2) 
....................          return((*s1 <*s2) ? -1: 1); 
....................       else if (*s1 == '\0') 
....................          return(0); 
....................    return(0); 
.................... } 
.................... /* standard template: 
....................    int strxfrm(const char *s1, const char *s2, size_t n). 
....................    transforms maximum of n characters from s2 and places them into s1, returns number of chars written ot s1. 
....................    if s1 is NULL and n is 0, then it returns the length of s2.*/ 
.................... size_t strxfrm(unsigned char *s1, unsigned char *s2, size_t n) 
.................... { 
....................    unsigned char c; 
....................    unsigned int8 n1; 
....................     
....................    if (!s1 && !n) 
....................       n = -1; //find length 
....................  
....................    n1 = 0; 
....................     
....................    for (; n1 < n; n1++) 
....................    { 
....................       c = *s2++; 
....................       if (!c) 
....................          break; 
....................       if (s1) 
....................          *s1++ = c; 
....................    } 
....................  
....................   return(n1); 
.................... } 
....................  
....................  
....................  
....................  
....................  
.................... /***********************************************************/ 
.................... /*Search functions*/ 
.................... /* standard template: void *memchr(const char *s, int c). 
....................    Finds first occurrence of c in n characters of s */ 
....................  
.................... unsigned char *memchr(void *s,unsigned int8 c,size_t n) 
.................... { 
....................    unsigned char uc; 
....................    unsigned char *su; 
....................    uc=c; 
....................    for(su=s;0<n;++su,--n) 
....................       if(*su==uc) 
....................       return su; 
....................    return NULL; 
.................... } 
....................  
.................... /* standard template: char *strchr(const char *s, int c). 
....................    Finds first occurrence of c in s */ 
....................  
.................... unsigned char *strchr(unsigned char *s, unsigned int8 c) 
.................... { 
....................    for (; *s != c; s++) 
....................       if (*s == '\0') 
....................          return(0); 
....................    return(s); 
.................... } 
.................... /* standard template: 
....................    size_t strcspn(const char *s1, const char *s2). 
....................    Computes length of max initial segment of s1 that 
....................    consists entirely of characters NOT from s2*/ 
....................  
.................... unsigned int8  strcspn(unsigned char *s1, unsigned char *s2) 
.................... { 
....................    unsigned char *sc1, *sc2; 
....................  
....................    for (sc1 = s1; *sc1 != 0; sc1++) 
....................       for (sc2 = s2; *sc2 != 0; sc2++) 
....................          if (*sc1 == *sc2) 
....................             return(sc1 - s1); 
....................    return(sc1 - s1); 
.................... } 
.................... /* standard template: 
....................    char *strpbrk(const char *s1, const char *s2). 
....................    Locates first occurence of any character from s2 in s1; 
....................    returns s1 if s2 is empty string */ 
....................  
.................... unsigned char *strpbrk(unsigned char *s1, unsigned char *s2) 
.................... { 
....................    unsigned char *sc1, *sc2; 
....................  
....................    for (sc1 = s1; *sc1 != 0; sc1++) 
....................       for (sc2 = s2; *sc2 != 0; sc2++) 
....................          if (*sc1 == *sc2) 
....................             return(sc1); 
....................    return(0); 
.................... } 
....................  
....................  
.................... /* standard template: char *strrchr(const char *s, int c). 
....................    Finds last occurrence of c in s */ 
....................  
.................... unsigned char *strrchr(unsigned char *s, unsigned int8 c) 
.................... { 
....................    unsigned char *p; 
....................  
....................    for (p = 0; ; s++) 
....................    { 
....................       if (*s == c) 
....................          p = s; 
....................       if (*s == '\0') 
....................          return(p); 
....................    } 
.................... } 
.................... /* computes length of max initial segment of s1 consisting 
....................    entirely of characters from s2 */ 
....................  
.................... unsigned int8  strspn(unsigned char *s1, unsigned char *s2) 
.................... { 
....................    unsigned char *sc1, *sc2; 
....................  
....................    for (sc1 = s1; *sc1 != 0; sc1++) 
....................       for (sc2 = s2; ; sc2++) 
....................     if (*sc2 == '\0') 
....................        return(sc1 - s1); 
....................          else if (*sc1 == *sc2) 
....................             break; 
....................    return(sc1 - s1); 
.................... } 
.................... /* standard template: 
....................    char *strstr(const char *s1, const char *s2); 
....................    Locates first occurence of character sequence s2 in s1; 
....................    returns 0 if s2 is empty string 
....................  
....................    Uncomment #define FASTER_BUT_MORE_ROM at the top of the 
....................    file to use the faster algorithm */ 
.................... unsigned char *strstr(unsigned char *s1, unsigned char *s2) 
.................... { 
....................    unsigned char *s, *t; 
....................  
....................    #ifdef FASTER_BUT_MORE_ROM 
....................    if (*s2 == '\0') 
....................          return(s1); 
....................    #endif 
....................  
....................    while (*s1) 
....................    { 
....................       for(s = s1, t = s2; *t && (*s == *t); ++s, ++t); 
....................  
....................       if (*t == '\0') 
....................          return s1; 
....................       ++s1; 
....................       #ifdef FASTER_BUT_MORE_ROM 
....................          while(*s1 != '\0' && *s1 != *s2) 
....................             ++s1; 
....................       #endif 
....................    } 
....................    return 0; 
.................... } 
....................  
.................... /* standard template: size_t strlen(const char *s). 
....................    Computes length of s1 (preceding terminating 0) */ 
....................  
.................... size_t strlen(unsigned char *s) 
.................... { 
....................    unsigned char *sc; 
....................  
....................    for (sc = s; *sc != 0; sc++); 
*
03B4:  MOVLB  03
03B5:  MOVF   52,W
03B6:  MOVWF  54
03B7:  MOVF   51,W
03B8:  MOVWF  53
03B9:  MOVF   54,W
03BA:  MOVWF  7A
03BB:  MOVF   53,W
03BC:  MOVWF  04
03BD:  MOVF   7A,W
03BE:  MOVWF  05
03BF:  MOVF   00,F
03C0:  BTFSC  03.2
03C1:  GOTO   3C6
03C2:  INCF   53,F
03C3:  BTFSC  03.2
03C4:  INCF   54,F
03C5:  GOTO   3B9
....................    return(sc - s); 
03C6:  MOVF   51,W
03C7:  SUBWF  53,W
03C8:  MOVWF  77
03C9:  MOVF   52,W
03CA:  SUBWFC 54,W
03CB:  MOVWF  7A
03CC:  MOVF   77,W
03CD:  MOVWF  78
03CE:  MOVLB  00
03CF:  RETURN
.................... } 
....................  
.................... /* standard template: char *strtok(char *s1, const char *s2). 
....................  
....................    Finds next token in s1 delimited by a character from separator 
....................    string s2 (which can be different from call to call).  First call 
....................    starts at beginning of s1 searching for first character NOT 
....................    contained in s2; returns 0 if none is found. 
....................    If one is found, it is the start of first token (return value). 
....................    Function then searches from there for a character contained in s2. 
....................    If none is found, current token extends to end of s1, and subsequent 
....................    searches for a token will return 0.  If one is found, it is 
....................    overwritten by '\0', which terminates current token.  Function saves 
....................    pointer to following character from which next search will start. 
....................    Each subsequent call, with 0 as first argument, starts searching 
....................    from saved pointer */ 
....................  
.................... unsigned char *strtok(unsigned char *s1, unsigned char *s2) 
.................... { 
....................    unsigned char *beg, *end; 
....................    static char *save; 
....................  
....................    beg = (s1)? s1: save; 
....................    beg += strspn(beg, s2); 
....................    if (*beg == '\0') 
....................       return(0); 
....................        
....................    end = strpbrk(beg, s2); 
....................    if (end != '\0') 
....................    { 
....................       *end = '\0'; 
....................       end++; 
....................       save = end; 
....................    } 
....................    else 
....................       save = beg + strlen(beg); 
....................     
....................    return(beg); 
.................... } 
....................  
.................... /*****************************************************************/ 
.................... /*Miscellaneous functions*/ 
.................... /* standard template 
.................... maps error number in errnum to an error message string 
.................... Returns: Pointer to string 
.................... */ 
.................... #ifdef _ERRNO 
.................... unsigned char * strerror(unsigned int8 errnum) 
.................... { 
.................... static unsigned char s[13]; 
.................... switch( errnum) 
.................... { 
.................... case 0: 
....................    strcpy(s,"no errors"); 
....................    return s; 
.................... case EDOM : 
....................    strcpy(s,"domain error"); 
....................    return s; 
.................... case ERANGE: 
....................    strcpy(s,"range error"); 
....................    return s; 
.................... } 
.................... } 
.................... #ENDIF 
....................  
.................... /* standard template: size_t stricmp(const char *s1, const char *s2). 
....................    Compares s1 to s2 ignoring case (upper vs. lower) */ 
....................  
.................... signed int8 stricmp(unsigned char *s1, unsigned char *s2) 
.................... { 
....................  for(; *s1==*s2||(isalpha(*s1)&&isalpha(*s2)&&(*s1==*s2+32||*s2==*s1+32)); 
....................     s1++, s2++) 
....................     if (*s1 == '\0') 
....................        return(0); 
....................  return((*s1 < *s2) ? -1: 1); 
.................... } 
....................  
....................  
.................... /* standard template: char *strlwr(char *s). 
....................    Replaces uppercase letters by lowercase; 
....................    returns pointer to new string s */ 
....................  
.................... unsigned char *strlwr(unsigned char *s) 
.................... { 
....................    unsigned char *p; 
....................  
....................    for (p = s; *p != '\0'; p++) 
....................       if (*p >= 'A' && *p <='Z') 
....................          *p += 'a' - 'A'; 
....................    return(s); 
.................... } 
....................  
.................... /* standard template: char *strupr(char *s). 
....................    Replaces lowercase letters by upercase; 
....................    returns pointer to new string s */ 
....................  
.................... unsigned char *strupr(unsigned char *s) 
.................... { 
....................    unsigned char *p; 
....................  
....................    for (p = s; *p != '\0'; p++) 
....................       if (*p >= 'a' && *p <='z') 
....................          *p -= 'a' - 'A'; 
....................    return(s); 
.................... } 
....................  
....................  
.................... /************************************************************/ 
....................  
....................  
.................... #endif 
....................  
....................  
.................... div_t div(signed int numer, signed int denom) 
.................... { 
....................    div_t val; 
....................    val.quot = numer / denom; 
....................    val.rem = numer - (denom * val.quot); 
....................    return (val); 
.................... } 
....................  
.................... ldiv_t ldiv(signed long numer, signed long denom) 
.................... { 
....................    ldiv_t val; 
....................  
....................    val.quot = numer / denom; 
....................    val.rem = numer - (denom * val.quot); 
....................    return (val); 
.................... } 
....................  
.................... #if defined(__PCD__) 
.................... float32 atoe(char * s) 
.................... { 
....................    float32 pow10 = 1.0; 
....................    float32 result = 0.0; 
....................    unsigned int8 sign = 0; 
....................    unsigned int8 expsign = 0; 
....................    char c; 
....................    unsigned int8 ptr = 0; 
....................    unsigned int8 i; 
....................    float32 exp = 1.0; 
....................    unsigned int8 expcnt = 0; 
....................  
....................    c = s[ptr++]; 
....................  
....................    if ((c>='0' && c<='9') || c=='+' || c=='-' || c=='.' || c=='E' || c=='e') { 
....................       if(c == '-') { 
....................          sign = 1; 
....................          c = s[ptr++]; 
....................       } 
....................       if(c == '+') 
....................          c = s[ptr++]; 
....................  
....................       while((c >= '0' && c <= '9')) { 
....................          result = 10*result + c - '0'; 
....................          c = s[ptr++]; 
....................       } 
....................  
....................       if (c == '.') { 
....................          c = s[ptr++]; 
....................          while((c >= '0' && c <= '9')) { 
....................              pow10 = pow10*10; 
....................              result += (c - '0')/pow10; 
....................              c = s[ptr++]; 
....................          } 
....................       } 
....................  
....................       // Handling the exponent 
....................       if (c=='e' || c=='E') { 
....................          c = s[ptr++]; 
....................  
....................          if(c == '-') { 
....................             expsign = 1; 
....................             c = s[ptr++]; 
....................          } 
....................          if(c == '+') 
....................             c = s[ptr++]; 
....................  
....................          while((c >= '0' && c <= '9')) { 
....................             expcnt = 10*expcnt + c - '0'; 
....................             c = s[ptr++]; 
....................          } 
....................  
....................          for(i=0;i<expcnt;i++) 
....................             exp*=10; 
....................  
....................          if(expsign==1) 
....................             result/=exp; 
....................          else 
....................             result*=exp; 
....................       } 
....................    } 
....................  
....................    if (sign == 1) 
....................       result = -1*result; 
....................    return(result); 
.................... } 
.................... #endif 
....................  
.................... #if !defined(__PCD__) 
.................... float atoe(char * s) 
.................... { 
....................    float pow10 = 1.0; 
....................    float result = 0.0; 
....................    unsigned int8 sign = 0; 
....................    unsigned int8 expsign = 0; 
....................    char c; 
....................    unsigned int8 ptr = 0; 
....................    unsigned int8 i; 
....................    float exp = 1.0; 
....................    unsigned int8 expcnt = 0; 
....................  
....................    c = s[ptr++]; 
....................  
....................    if ((c>='0' && c<='9') || c=='+' || c=='-' || c=='.' || c=='E' || c=='e') { 
....................       if(c == '-') { 
....................          sign = 1; 
....................          c = s[ptr++]; 
....................       } 
....................       if(c == '+') 
....................          c = s[ptr++]; 
....................  
....................       while((c >= '0' && c <= '9')) { 
....................          result = 10*result + c - '0'; 
....................          c = s[ptr++]; 
....................       } 
....................  
....................       if (c == '.') { 
....................          c = s[ptr++]; 
....................          while((c >= '0' && c <= '9')) { 
....................              pow10 = pow10*10; 
....................              result += (c - '0')/pow10; 
....................              c = s[ptr++]; 
....................          } 
....................       } 
....................  
....................       // Handling the exponent 
....................       if (c=='e' || c=='E') { 
....................          c = s[ptr++]; 
....................  
....................          if(c == '-') { 
....................             expsign = 1; 
....................             c = s[ptr++]; 
....................          } 
....................          if(c == '+') 
....................             c = s[ptr++]; 
....................  
....................          while((c >= '0' && c <= '9')) { 
....................             expcnt = 10*expcnt + c - '0'; 
....................             c = s[ptr++]; 
....................          } 
....................  
....................          for(i=0;i<expcnt;i++) 
....................             exp*=10; 
....................  
....................          if(expsign==1) 
....................             result/=exp; 
....................          else 
....................             result*=exp; 
....................       } 
....................    } 
....................  
....................    if (sign == 1) 
....................       result = -1*result; 
....................    return(result); 
.................... } 
.................... #endif 
....................  
.................... signed int atoi(char *s) 
.................... { 
....................    signed int result; 
....................    unsigned int sign, base, index; 
....................    char c; 
....................  
....................    index = 0; 
....................    sign = 0; 
....................    base = 10; 
....................    result = 0; 
....................  
....................    if (!s) 
....................       return 0; 
....................    // Omit all preceeding alpha characters 
....................    c = s[index++]; 
....................  
....................    // increase index if either positive or negative sign is detected 
....................    if (c == '-') 
....................    { 
....................       sign = 1;         // Set the sign to negative 
....................       c = s[index++]; 
....................    } 
....................    else if (c == '+') 
....................    { 
....................       c = s[index++]; 
....................    } 
....................  
....................    if (c >= '0' && c <= '9') 
....................    { 
....................  
....................       // Check for hexa number 
....................       if (c == '0' && (s[index] == 'x' || s[index] == 'X')) 
....................       { 
....................          base = 16; 
....................          index++; 
....................          c = s[index++]; 
....................       } 
....................  
....................       // The number is a decimal number 
....................       if (base == 10) 
....................       { 
....................          while (c >= '0' && c <= '9') 
....................          { 
....................             result = 10*result + (c - '0'); 
....................             c = s[index++]; 
....................          } 
....................       } 
....................       else if (base == 16)    // The number is a hexa number 
....................       { 
....................          c = toupper(c); 
....................          while ( (c >= '0' && c <= '9') || (c >= 'A' && c<='F')) 
....................          { 
....................             if (c >= '0' && c <= '9') 
....................                result = (result << 4) + (c - '0'); 
....................             else 
....................                result = (result << 4) + (c - 'A' + 10); 
....................  
....................             c = s[index++]; 
....................             c = toupper(c); 
....................          } 
....................       } 
....................    } 
....................  
....................    if (sign == 1 && base == 10) 
....................        result = -result; 
....................  
....................    return(result); 
.................... } 
....................  
.................... signed long atol(char *s) 
.................... { 
....................    signed long result; 
....................    unsigned int sign, base, index; 
....................    char c; 
....................  
....................    index = 0; 
....................    sign = 0; 
....................    base = 10; 
....................    result = 0; 
....................  
....................    if (!s) 
....................       return 0; 
....................    c = s[index++]; 
....................  
....................    // increase index if either positive or negative sign is detected 
....................    if (c == '-') 
....................    { 
....................       sign = 1;         // Set the sign to negative 
....................       c = s[index++]; 
....................    } 
....................    else if (c == '+') 
....................    { 
....................       c = s[index++]; 
....................    } 
....................  
....................    if (c >= '0' && c <= '9') 
....................    { 
....................       if (c == '0' && (s[index] == 'x' || s[index] == 'X')) 
....................       { 
....................          base = 16; 
....................          index++; 
....................          c = s[index++]; 
....................       } 
....................  
....................       // The number is a decimal number 
....................       if (base == 10) 
....................       { 
....................          while (c >= '0' && c <= '9') 
....................          { 
....................             result = 10*result + (c - '0'); 
....................             c = s[index++]; 
....................          } 
....................       } 
....................       else if (base == 16)    // The number is a hexa number 
....................       { 
....................          c = toupper(c); 
....................          while ( (c >= '0' && c <= '9') || (c >= 'A' && c <='F')) 
....................          { 
....................             if (c >= '0' && c <= '9') 
....................                result = (result << 4) + (c - '0'); 
....................             else 
....................                result = (result << 4) + (c - 'A' + 10); 
....................  
....................             c = s[index++];c = toupper(c); 
....................          } 
....................       } 
....................    } 
....................  
....................    if (base == 10 && sign == 1) 
....................       result = -result; 
....................  
....................    return(result); 
.................... } 
....................  
.................... /* A fast routine to multiply by 10 
....................  */ 
.................... signed int32 mult_with10(int32 num) 
.................... { 
....................    return ( (num << 1) + (num << 3) ); 
.................... } 
....................  
.................... #if sizeof(long)==2 
.................... signed int32 atoi32(char *s) 
.................... { 
....................    signed int32 result; 
....................    int8 sign, base, index; 
....................    char c; 
....................  
....................    index = 0; 
....................    sign = 0; 
....................    base = 10; 
....................    result = 0; 
....................  
....................    if (!s) 
....................       return 0; 
....................    c = s[index++]; 
....................  
....................    // increase index if either positive or negative sign is detected 
....................    if (c == '-') 
....................    { 
....................       sign = 1;         // Set the sign to negative 
....................       c = s[index++]; 
....................    } 
....................    else if (c == '+') 
....................    { 
....................       c = s[index++]; 
....................    } 
....................  
....................    if (c >= '0' && c <= '9') 
....................    { 
....................       if (c == '0' && (s[index] == 'x' || s[index] == 'X')) 
....................       { 
....................          base = 16; 
....................          index++; 
....................          c = s[index++]; 
....................       } 
....................  
....................       // The number is a decimal number 
....................       if (base == 10) 
....................       { 
....................          while (c >= '0' && c <= '9') { 
....................             result = (result << 1) + (result << 3);  // result *= 10; 
....................             result += (c - '0'); 
....................             c = s[index++]; 
....................          } 
....................       } 
....................       else if (base == 16)    // The number is a hexa number 
....................       { 
....................          c = toupper(c); 
....................          while ((c >= '0' && c <= '9') || (c >= 'A' && c <='F')) 
....................          { 
....................             if (c >= '0' && c <= '9') 
....................                result = (result << 4) + (c - '0'); 
....................             else 
....................                result = (result << 4) + (c - 'A' + 10); 
....................  
....................             c = s[index++];c = toupper(c); 
....................          } 
....................       } 
....................    } 
....................  
....................    if (base == 10 && sign == 1) 
....................       result = -result; 
....................  
....................    return(result); 
.................... } 
.................... #endif 
....................  
.................... #if defined(__PCD__) 
....................  
.................... signed int48 atoi48(char *s) 
.................... { 
....................    signed int48 result; 
....................    int8 sign, base, index; 
....................    char c; 
....................  
....................    index = 0; 
....................    sign = 0; 
....................    base = 10; 
....................    result = 0; 
....................  
....................    if (!s) 
....................       return 0; 
....................    c = s[index++]; 
....................  
....................    // increase index if either positive or negative sign is detected 
....................    if (c == '-') 
....................    { 
....................       sign = 1;         // Set the sign to negative 
....................       c = s[index++]; 
....................    } 
....................    else if (c == '+') 
....................    { 
....................       c = s[index++]; 
....................    } 
....................  
....................    if (c >= '0' && c <= '9') 
....................    { 
....................       if (c == '0' && (s[index] == 'x' || s[index] == 'X')) 
....................       { 
....................          base = 16; 
....................          index++; 
....................          c = s[index++]; 
....................       } 
....................  
....................       // The number is a decimal number 
....................       if (base == 10) 
....................       { 
....................          while (c >= '0' && c <= '9') { 
....................             result = (result << 1) + (result << 3);  // result *= 10; 
....................             result += (c - '0'); 
....................             c = s[index++]; 
....................          } 
....................       } 
....................       else if (base == 16)    // The number is a hexa number 
....................       { 
....................          c = toupper(c); 
....................          while ((c >= '0' && c <= '9') || (c >= 'A' && c <='F')) 
....................          { 
....................             if (c >= '0' && c <= '9') 
....................                result = (result << 4) + (c - '0'); 
....................             else 
....................                result = (result << 4) + (c - 'A' + 10); 
....................  
....................             c = s[index++];c = toupper(c); 
....................          } 
....................       } 
....................    } 
....................  
....................    if (base == 10 && sign == 1) 
....................       result = -result; 
....................  
....................    return(result); 
.................... } 
....................  
.................... signed int64 atoi64(char *s) 
.................... { 
....................    signed int64 result; 
....................    int8 sign, base, index; 
....................    char c; 
....................  
....................    index = 0; 
....................    sign = 0; 
....................    base = 10; 
....................    result = 0; 
....................  
....................    if (!s) 
....................       return 0; 
....................    c = s[index++]; 
....................  
....................    // increase index if either positive or negative sign is detected 
....................    if (c == '-') 
....................    { 
....................       sign = 1;         // Set the sign to negative 
....................       c = s[index++]; 
....................    } 
....................    else if (c == '+') 
....................    { 
....................       c = s[index++]; 
....................    } 
....................  
....................    if (c >= '0' && c <= '9') 
....................    { 
....................       if (c == '0' && (s[index] == 'x' || s[index] == 'X')) 
....................       { 
....................          base = 16; 
....................          index++; 
....................          c = s[index++]; 
....................       } 
....................  
....................       // The number is a decimal number 
....................       if (base == 10) 
....................       { 
....................          while (c >= '0' && c <= '9') { 
....................             result = (result << 1) + (result << 3);  // result *= 10; 
....................             result += (c - '0'); 
....................             c = s[index++]; 
....................          } 
....................       } 
....................       else if (base == 16)    // The number is a hexa number 
....................       { 
....................          c = toupper(c); 
....................          while ((c >= '0' && c <= '9') || (c >= 'A' && c <='F')) 
....................          { 
....................             if (c >= '0' && c <= '9') 
....................                result = (result << 4) + (c - '0'); 
....................             else 
....................                result = (result << 4) + (c - 'A' + 10); 
....................  
....................             c = s[index++];c = toupper(c); 
....................          } 
....................       } 
....................    } 
....................  
....................    if (base == 10 && sign == 1) 
....................       result = -result; 
....................  
....................    return(result); 
.................... } 
.................... #endif 
....................  
.................... char * itoa(signed int32 num, unsigned int base, char * s) 
.................... { 
....................      unsigned int32 temp=1; 
....................      unsigned int8 i,sign=0,cnt=0; 
....................      char c; 
....................  
....................      if(num<0) { 
....................          sign=1;        // Check for negative number 
....................          num*=-1; 
....................      } 
....................  
....................      while(temp>0) { 
....................          temp=(num/base); 
....................          s[cnt]=(num%base)+'0';    // Conversion 
....................  
....................          if(s[cnt]>0x39) 
....................             s[cnt]+=0x7; 
....................  
....................          cnt++; 
....................          num=temp; 
....................      } 
....................  
....................      if(sign==1) { 
....................          s[cnt]=0x2D;      // Negative sign 
....................          cnt++; 
....................      } 
....................  
....................      for(i = 0;i<(int8)(cnt/2);i++) { 
....................  
....................          c=s[i]; 
....................          s[i]=s[cnt-i-1];        // Reverse the number 
....................          s[cnt-i-1]=c; 
....................      } 
....................      s[cnt]='\0';     // End the string 
....................      return s; 
.................... } 
....................  
.................... #if defined(__PCD__) 
....................  
.................... char * itoa(signed int48 num, unsigned int base, char * s) 
.................... { 
....................      unsigned int48 temp=1; 
....................      unsigned int8 i,sign=0,cnt=0; 
....................      char c; 
....................  
....................      if(num<0) { 
....................          sign=1;        // Check for negative number 
....................          num*=-1; 
....................      } 
....................  
....................      while(temp>0) { 
....................          temp=(num/base); 
....................          s[cnt]=(num%base)+'0';    // Conversion 
....................  
....................          if(s[cnt]>0x39) 
....................             s[cnt]+=0x7; 
....................  
....................          cnt++; 
....................          num=temp; 
....................      } 
....................  
....................      if(sign==1) { 
....................          s[cnt]=0x2D;      // Negative sign 
....................          cnt++; 
....................      } 
....................  
....................      for(i = 0;i<(int8)(cnt/2);i++) { 
....................  
....................          c=s[i]; 
....................          s[i]=s[cnt-i-1];        // Reverse the number 
....................          s[cnt-i-1]=c; 
....................      } 
....................      s[cnt]='\0';     // End the string 
....................      return s; 
.................... } 
....................  
.................... char * itoa(signed int64 num, unsigned int base, char * s) 
.................... { 
....................      unsigned int64 temp=1; 
....................      unsigned int8 i,sign=0,cnt=0; 
....................      char c; 
....................       
....................      if(num<0) { 
....................          sign=1;        // Check for negative number 
....................          num*=-1;         
....................      } 
....................  
....................      while(temp>0) { 
....................          temp=(num/base); 
....................          s[cnt]=(num%base)+'0';    // Conversion 
....................  
....................          if(s[cnt]>0x39) 
....................             s[cnt]+=0x7; 
....................              
....................          cnt++; 
....................          num=temp; 
....................      } 
....................  
....................      if(sign==1) { 
....................          s[cnt]=0x2D;      // Negative sign 
....................          cnt++; 
....................      } 
....................  
....................      for(i = 0;i<(int8)(cnt/2);i++) { 
....................  
....................          c=s[i]; 
....................          s[i]=s[cnt-i-1];        // Reverse the number 
....................          s[cnt-i-1]=c; 
....................      } 
....................      s[cnt]='\0';     // End the string 
....................      return s; 
.................... } 
....................  
.................... #endif 
....................  
.................... float strtof(char *s, char **endptr) 
*
10DE:  CLRF   53
10DF:  CLRF   52
10E0:  CLRF   51
10E1:  MOVLW  7F
10E2:  MOVWF  50
10E3:  CLRF   57
10E4:  CLRF   56
10E5:  CLRF   55
10E6:  CLRF   54
10E7:  BSF    58.0
10E8:  BCF    58.1
10E9:  BCF    58.2
10EA:  CLRF   5A
.................... { 
....................    float pow10 = 1.0; 
....................    float result = 0.0; 
....................    int1 skip = 1, sign = 0, point = 0; 
....................    char c; 
....................    unsigned int8 ptr = 0; 
....................  
....................    if (!s) 
10EB:  MOVF   4C,W
10EC:  IORWF  4D,W
10ED:  BTFSS  03.2
10EE:  GOTO   0F4
....................       return 0; 
10EF:  CLRF   77
10F0:  CLRF   78
10F1:  CLRF   79
10F2:  CLRF   7A
10F3:  GOTO   21A
....................  
....................    for(c=s[ptr++]; c!=0; c=s[ptr++]) 
10F4:  MOVF   5A,W
10F5:  INCF   5A,F
10F6:  ADDWF  4C,W
10F7:  MOVWF  04
10F8:  MOVLW  00
10F9:  ADDWFC 4D,W
10FA:  MOVWF  05
10FB:  MOVF   00,W
10FC:  MOVWF  59
10FD:  MOVF   59,F
10FE:  BTFSC  03.2
10FF:  GOTO   1DA
....................    { 
....................       if (skip && !isspace(c)) 
1100:  BTFSS  58.0
1101:  GOTO   114
1102:  MOVF   59,W
1103:  SUBLW  20
1104:  BTFSC  03.2
1105:  GOTO   114
....................       { 
....................          skip = 0; 
1106:  BCF    58.0
....................          if (c == '+') 
1107:  MOVF   59,W
1108:  SUBLW  2B
1109:  BTFSS  03.2
110A:  GOTO   10E
....................          { 
....................             sign = 0; 
110B:  BCF    58.1
....................             continue; 
110C:  GOTO   1D0
....................          }             
110D:  GOTO   114
....................          else if (c == '-') 
110E:  MOVF   59,W
110F:  SUBLW  2D
1110:  BTFSS  03.2
1111:  GOTO   114
....................          { 
....................             sign = 1; 
1112:  BSF    58.1
....................             continue; 
1113:  GOTO   1D0
....................          } 
....................       } 
....................       if (!skip && (c == '.') && !point) 
1114:  BTFSC  58.0
1115:  GOTO   11E
1116:  MOVF   59,W
1117:  SUBLW  2E
1118:  BTFSS  03.2
1119:  GOTO   11E
111A:  BTFSC  58.2
111B:  GOTO   11E
....................          point = 1; 
111C:  BSF    58.2
111D:  GOTO   1D0
....................       else if (!skip && isdigit(c)) 
111E:  BTFSC  58.0
111F:  GOTO   1CD
1120:  MOVF   59,W
1121:  SUBLW  2F
1122:  BTFSC  03.0
1123:  GOTO   1CD
1124:  MOVF   59,W
1125:  SUBLW  39
1126:  BTFSS  03.0
1127:  GOTO   1CD
....................       { 
....................          c -= '0'; 
1128:  MOVLW  30
1129:  SUBWF  59,F
....................          if (point) 
112A:  BTFSS  58.2
112B:  GOTO   18B
....................          { 
....................             pow10 = pow10 * 10.0; 
112C:  MOVF   53,W
112D:  MOVWF  67
112E:  MOVF   52,W
112F:  MOVWF  66
1130:  MOVF   51,W
1131:  MOVWF  65
1132:  MOVF   50,W
1133:  MOVWF  64
1134:  CLRF   6B
1135:  CLRF   6A
1136:  MOVLW  20
1137:  MOVWF  69
1138:  MOVLW  82
1139:  MOVWF  68
113A:  MOVLP  00
113B:  MOVLB  00
113C:  CALL   3D0
113D:  MOVLP  10
113E:  MOVF   7A,W
113F:  MOVLB  03
1140:  MOVWF  53
1141:  MOVF   79,W
1142:  MOVWF  52
1143:  MOVF   78,W
1144:  MOVWF  51
1145:  MOVF   77,W
1146:  MOVWF  50
....................             result += (float)c / pow10;    
1147:  CLRF   61
1148:  MOVF   59,W
1149:  MOVWF  60
114A:  MOVLP  00
114B:  MOVLB  00
114C:  CALL   46C
114D:  MOVLP  10
114E:  MOVF   7A,W
114F:  MOVLB  03
1150:  MOVWF  5F
1151:  MOVF   79,W
1152:  MOVWF  5E
1153:  MOVF   78,W
1154:  MOVWF  5D
1155:  MOVF   77,W
1156:  MOVWF  5C
1157:  MOVF   5F,W
1158:  MOVWF  63
1159:  MOVF   5E,W
115A:  MOVWF  62
115B:  MOVF   5D,W
115C:  MOVWF  61
115D:  MOVF   5C,W
115E:  MOVWF  60
115F:  MOVF   53,W
1160:  MOVWF  67
1161:  MOVF   52,W
1162:  MOVWF  66
1163:  MOVF   51,W
1164:  MOVWF  65
1165:  MOVF   50,W
1166:  MOVWF  64
1167:  MOVLP  00
1168:  MOVLB  00
1169:  CALL   48B
116A:  MOVLP  10
116B:  BCF    03.1
116C:  MOVLB  03
116D:  MOVF   57,W
116E:  MOVWF  63
116F:  MOVF   56,W
1170:  MOVWF  62
1171:  MOVF   55,W
1172:  MOVWF  61
1173:  MOVF   54,W
1174:  MOVWF  60
1175:  MOVF   7A,W
1176:  MOVWF  67
1177:  MOVF   79,W
1178:  MOVWF  66
1179:  MOVF   78,W
117A:  MOVWF  65
117B:  MOVF   77,W
117C:  MOVWF  64
117D:  MOVLP  00
117E:  MOVLB  00
117F:  CALL   557
1180:  MOVLP  10
1181:  MOVF   7A,W
1182:  MOVLB  03
1183:  MOVWF  57
1184:  MOVF   79,W
1185:  MOVWF  56
1186:  MOVF   78,W
1187:  MOVWF  55
1188:  MOVF   77,W
1189:  MOVWF  54
....................          } 
118A:  GOTO   1CC
....................          else 
....................          { 
....................             result = 10.0 * result + (float)c; 
118B:  CLRF   67
118C:  CLRF   66
118D:  MOVLW  20
118E:  MOVWF  65
118F:  MOVLW  82
1190:  MOVWF  64
1191:  MOVF   57,W
1192:  MOVWF  6B
1193:  MOVF   56,W
1194:  MOVWF  6A
1195:  MOVF   55,W
1196:  MOVWF  69
1197:  MOVF   54,W
1198:  MOVWF  68
1199:  MOVLP  00
119A:  MOVLB  00
119B:  CALL   3D0
119C:  MOVLP  10
119D:  MOVF   7A,W
119E:  MOVLB  03
119F:  MOVWF  5F
11A0:  MOVF   79,W
11A1:  MOVWF  5E
11A2:  MOVF   78,W
11A3:  MOVWF  5D
11A4:  MOVF   77,W
11A5:  MOVWF  5C
11A6:  CLRF   61
11A7:  MOVF   59,W
11A8:  MOVWF  60
11A9:  MOVLP  00
11AA:  MOVLB  00
11AB:  CALL   46C
11AC:  MOVLP  10
11AD:  BCF    03.1
11AE:  MOVLB  03
11AF:  MOVF   5F,W
11B0:  MOVWF  63
11B1:  MOVF   5E,W
11B2:  MOVWF  62
11B3:  MOVF   5D,W
11B4:  MOVWF  61
11B5:  MOVF   5C,W
11B6:  MOVWF  60
11B7:  MOVF   7A,W
11B8:  MOVWF  67
11B9:  MOVF   79,W
11BA:  MOVWF  66
11BB:  MOVF   78,W
11BC:  MOVWF  65
11BD:  MOVF   77,W
11BE:  MOVWF  64
11BF:  MOVLP  00
11C0:  MOVLB  00
11C1:  CALL   557
11C2:  MOVLP  10
11C3:  MOVF   7A,W
11C4:  MOVLB  03
11C5:  MOVWF  57
11C6:  MOVF   79,W
11C7:  MOVWF  56
11C8:  MOVF   78,W
11C9:  MOVWF  55
11CA:  MOVF   77,W
11CB:  MOVWF  54
....................          } 
....................       } 
11CC:  GOTO   1D0
....................       else if (!skip) 
11CD:  BTFSC  58.0
11CE:  GOTO   1D0
....................          break; 
11CF:  GOTO   1DA
11D0:  MOVF   5A,W
11D1:  INCF   5A,F
11D2:  ADDWF  4C,W
11D3:  MOVWF  04
11D4:  MOVLW  00
11D5:  ADDWFC 4D,W
11D6:  MOVWF  05
11D7:  MOVF   00,W
11D8:  MOVWF  59
11D9:  GOTO   0FD
....................    } 
....................  
....................    if (sign) 
11DA:  BTFSS  58.1
11DB:  GOTO   1F7
....................       result = -1*result; 
11DC:  CLRF   67
11DD:  CLRF   66
11DE:  MOVLW  80
11DF:  MOVWF  65
11E0:  MOVLW  7F
11E1:  MOVWF  64
11E2:  MOVF   57,W
11E3:  MOVWF  6B
11E4:  MOVF   56,W
11E5:  MOVWF  6A
11E6:  MOVF   55,W
11E7:  MOVWF  69
11E8:  MOVF   54,W
11E9:  MOVWF  68
11EA:  MOVLP  00
11EB:  MOVLB  00
11EC:  CALL   3D0
11ED:  MOVLP  10
11EE:  MOVF   7A,W
11EF:  MOVLB  03
11F0:  MOVWF  57
11F1:  MOVF   79,W
11F2:  MOVWF  56
11F3:  MOVF   78,W
11F4:  MOVWF  55
11F5:  MOVF   77,W
11F6:  MOVWF  54
....................        
....................    if(endptr) 
11F7:  MOVF   4E,W
11F8:  IORWF  4F,W
11F9:  BTFSC  03.2
11FA:  GOTO   212
....................    { 
....................       if (ptr) { 
11FB:  MOVF   5A,F
11FC:  BTFSC  03.2
11FD:  GOTO   20A
....................          ptr--; 
11FE:  DECF   5A,F
....................        #IF LONG_POINTERS  
....................          *((int16 *)endptr)= s+ptr;  
11FF:  MOVF   4E,W
1200:  MOVWF  04
1201:  MOVF   4F,W
1202:  MOVWF  05
1203:  MOVF   5A,W
1204:  ADDWF  4C,W
1205:  MOVWF  00
1206:  MOVLW  00
1207:  ADDWFC 4D,W
1208:  MOVWI  W,[FSR0+01]
....................        #ELSE 
....................          *((char *)endptr)=s+ptr; 
....................        #ENDIF 
....................       } 
1209:  GOTO   212
....................       else 
....................       { 
....................       #IF LONG_POINTERS 
....................       *((int16 *)endptr)= s;  
120A:  MOVF   4E,W
120B:  MOVWF  04
120C:  MOVF   4F,W
120D:  MOVWF  05
120E:  MOVF   4C,W
120F:  MOVWF  00
1210:  MOVF   4D,W
1211:  MOVWI  W,[FSR0+01]
....................       #ELSE 
....................       *((char *)endptr)=s; 
....................       #ENDIF 
....................       } 
....................    } 
....................  
....................    return(result); 
1212:  MOVF   54,W
1213:  MOVWF  77
1214:  MOVF   55,W
1215:  MOVWF  78
1216:  MOVF   56,W
1217:  MOVWF  79
1218:  MOVF   57,W
1219:  MOVWF  7A
.................... } 
....................  
.................... #if defined(__PCD__) 
.................... float48 strtof48(char *s, char **endptr) 
.................... { 
....................    float48 pow10 = 1.0; 
....................    float48 result = 0.0; 
....................    int1 skip = 1, sign = 0, point = 0; 
....................    char c; 
....................    unsigned int8 ptr = 0; 
....................  
....................    if (!s) 
....................       return 0; 
....................  
....................    for(c=s[ptr++]; c!=0; c=s[ptr++]) 
....................    { 
....................       if (skip && !isspace(c)) 
....................       { 
....................          skip = 0; 
....................          if (c == '+') 
....................          { 
....................             sign = 0; 
....................             continue; 
....................          }             
....................          else if (c == '-') 
....................          { 
....................             sign = 1; 
....................             continue; 
....................          } 
....................       } 
....................       if (!skip && (c == '.') && !point) 
....................          point = 1; 
....................       else if (!skip && isdigit(c)) 
....................       { 
....................          c -= '0'; 
....................          if (point) 
....................          { 
....................             pow10 = pow10 * 10.0; 
....................             result += (float48)c / pow10;    
....................          } 
....................          else 
....................          { 
....................             result = 10.0 * result + (float48)c; 
....................          } 
....................       } 
....................       else if (!skip) 
....................          break; 
....................    } 
....................  
....................    if (sign) 
....................       result = -1*result; 
....................        
....................    if(endptr) 
....................    { 
....................       if (ptr) { 
....................          ptr--; 
....................        #IF LONG_POINTERS  
....................          *((int16 *)endptr)= s+ptr;  
....................        #ELSE 
....................          *((char *)endptr)=s+ptr; 
....................        #ENDIF 
....................       } 
....................       else 
....................       { 
....................       #IF LONG_POINTERS 
....................       *((int16 *)endptr)= s;  
....................       #ELSE 
....................       *((char *)endptr)=s; 
....................       #ENDIF 
....................       } 
....................    } 
....................  
....................    return(result); 
.................... } 
....................  
.................... float64 strtod(char *s, char **endptr) 
.................... { 
....................    float64 pow10 = 1.0; 
....................    float64 result = 0.0; 
....................    int1 skip = 1, sign = 0, point = 0; 
....................    char c; 
....................    unsigned int8 ptr = 0; 
....................  
....................    if (!s) 
....................       return 0; 
....................  
....................    for(c=s[ptr++]; c!=0; c=s[ptr++]) 
....................    { 
....................       if (skip && !isspace(c)) 
....................       { 
....................          skip = 0; 
....................          if (c == '+') 
....................          { 
....................             sign = 0; 
....................             continue; 
....................          }             
....................          else if (c == '-') 
....................          { 
....................             sign = 1; 
....................             continue; 
....................          } 
....................       } 
....................       if (!skip && (c == '.') && !point) 
....................          point = 1; 
....................       else if (!skip && isdigit(c)) 
....................       { 
....................          c -= '0'; 
....................          if (point) 
....................          { 
....................             pow10 = pow10 * 10.0; 
....................             result += (float64)c / pow10;    
....................          } 
....................          else 
....................          { 
....................             result = 10.0 * result + (float64)c; 
....................          } 
....................       } 
....................       else if (!skip) 
....................          break; 
....................    } 
....................  
....................    if (sign) 
....................       result = -1*result; 
....................        
....................    if(endptr) 
....................    { 
....................       if (ptr) { 
....................          ptr--; 
....................        #IF LONG_POINTERS  
....................          *((int16 *)endptr)= s+ptr;  
....................        #ELSE 
....................          *((char *)endptr)=s+ptr; 
....................        #ENDIF 
....................       } 
....................       else 
....................       { 
....................       #IF LONG_POINTERS 
....................       *((int16 *)endptr)= s;  
....................       #ELSE 
....................       *((char *)endptr)=s; 
....................       #ENDIF 
....................       } 
....................    } 
....................  
....................    return(result); 
.................... } 
.................... #endif 
....................  
.................... unsigned long strtoul(char *s, char *endptr, signed int base) 
.................... { 
....................    char *sc,*s1,*sd; 
....................    unsigned long x=0; 
....................    char sign; 
....................    char digits[]="0123456789abcdefghijklmnopqstuvwxyz"; 
....................    for(sc=s;isspace(*sc);++sc); 
....................    sign=*sc=='-'||*sc=='+'?*sc++:'+'; 
....................    if(sign=='-' || base <0 || base ==1|| base >36) // invalid base 
....................    goto StrtoulGO; 
....................  
....................    else if (base) 
....................    { 
....................       if(base==16 && *sc =='0'&&(sc[1]=='x' || sc[1]=='X')) 
....................          sc+=2; 
....................       if(base==8 && *sc =='0') 
....................          sc+=1; 
....................       if(base==2 && *sc =='0'&&sc[1]=='b') 
....................          sc+=2; 
....................  
....................    } 
....................    else if(*sc!='0') // base is 0, find base 
....................       base=10; 
....................    else if (sc[1]=='x' || sc[1]=='X') 
....................       base =16,sc+=2; 
....................    else if(sc[1]=='b') 
....................       base=2,sc+=2; 
....................    else 
....................       base=8; 
....................    for (s1=sc;*sc=='0';++sc);// skip leading zeroes 
....................    sd=memchr(digits,tolower(*sc),base); 
....................    for(; sd!=0; ) 
....................    { 
....................       x=x*base+(int16)(sd-digits); 
....................       ++sc; 
....................       sd=memchr(digits,tolower(*sc),base); 
....................    } 
....................    if(s1==sc) 
....................    { 
....................    StrtoulGO: 
....................       if (endptr) 
....................       { 
....................          #IF LONG_POINTERS 
....................          *((int16 *)endptr)= s;  
....................          #ELSE 
....................          *((char *)endptr)=s; 
....................          #ENDIF 
....................          } 
....................    return 0; 
....................    } 
....................    if (endptr) 
....................    { 
....................          #IF LONG_POINTERS 
....................          *((int16 *)endptr)= sc;  
....................          #ELSE 
....................          *((char *)endptr)=sc;  
....................          #ENDIF 
....................    } 
....................    return x; 
.................... } 
....................  
....................  
.................... signed long strtol(char *s,char *endptr, signed int base) 
.................... { 
....................    char *sc,*s1,*sd; 
....................    signed long x=0; 
....................    char sign; 
....................    char digits[]="0123456789abcdefghijklmnopqstuvwxyz"; 
....................    for(sc=s;isspace(*sc);++sc); 
....................    sign=*sc=='-'||*sc=='+'?*sc++:'+'; 
....................    if (base <0 || base ==1|| base >36) // invalid base 
....................    goto StrtolGO; 
....................    else if (base) 
....................    { 
....................       if(base==16 && *sc =='0'&&(sc[1]=='x' || sc[1]=='X')) 
....................          sc+=2; 
....................       if(base==8 && *sc =='0') 
....................          sc+=1; 
....................       if(base==2 && *sc =='0'&&sc[1]=='b') 
....................          sc+=2; 
....................  
....................    } 
....................    else if(*sc!='0') // base is 0, find base 
....................       base=10; 
....................    else if (sc[1]=='x' || sc[1]=='X') 
....................       base =16,sc+=2; 
....................    else if(sc[1]=='b') 
....................       base=2,sc+=2; 
....................    else 
....................       base=8; 
....................    for (s1=sc;*sc=='0';++sc);// skip leading zeroes 
....................  
....................    sd=memchr(digits,tolower(*sc),base); 
....................    for(;sd!=0;) 
....................    { 
....................       x=x*base+(int16)(sd-digits); 
....................       ++sc; 
....................       sd=memchr(digits,tolower(*sc),base); 
....................    } 
....................    if(s1==sc) 
....................    { 
....................    StrtolGO: 
....................       if (endptr) 
....................       { 
....................          #IF LONG_POINTERS 
....................          *((int16 *)endptr)= s;  
....................          #ELSE 
....................          *((char *)endptr)=s; 
....................          #ENDIF 
....................       } 
....................    return 0; 
....................    } 
....................    if(sign=='-') 
....................       x  =-x; 
....................    if (endptr) 
....................    { 
....................         #IF LONG_POINTERS 
....................          *((int16 *)endptr)= sc;  
....................         #ELSE 
....................         *((char *)endptr)=sc; 
....................         #ENDIF 
....................    } 
....................    return x; 
.................... } 
....................  
.................... signed int8 system(char *string) 
.................... { 
....................    return 0; 
.................... } 
....................  
.................... size_t mblen(char *s,size_t n) 
.................... { 
....................    return strlen(s); 
.................... } 
....................  
.................... int8 mbtowc(wchar_t *pwc,char *s,size_t n) 
.................... { 
....................    *pwc=*s; 
....................    return 1; 
.................... } 
....................  
.................... int8 wctomb(char *s,wchar_t wchar) 
.................... { 
....................    *s=wchar; 
....................    return 1; 
.................... } 
....................  
.................... size_t mbstowcs(wchar_t *pwcs,char *s,size_t n) 
.................... { 
....................    strncpy(pwcs,s,n); 
....................    return strlen(pwcs); 
.................... } 
....................  
.................... size_t wcstombs(char *s,wchar_t *pwcs,size_t n) 
.................... { 
....................    strncpy(s,pwcs,n); 
....................    return strlen(s); 
.................... } 
....................  
.................... //--------------------------------------------------------------------------- 
.................... // The random number implementation 
.................... //--------------------------------------------------------------------------- 
....................  
.................... unsigned int32 _Randseed; 
....................  
.................... unsigned int16 rand(void) 
.................... { 
....................    _Randseed = _Randseed * 1103515245 + 12345; 
....................    return ((unsigned int16)(_Randseed >> 16) % RAND_MAX); 
.................... } 
....................  
.................... void srand(unsigned int32 seed) 
.................... { 
....................    _Randseed = seed; 
.................... } 
....................  
.................... //--------------------------------------------------------------------------- 
.................... // Searching and sorting utilities implementation 
.................... //--------------------------------------------------------------------------- 
....................  
.................... #if !defined(__PCD__) 
.................... typedef signed int8 (*_Cmpfun)(char * p1,char * p2);  
.................... #else  
.................... typedef signed int16 (*_Cmpfun)(char * p1,char * p2);  
.................... #endif 
....................  
....................  
....................  
.................... void qsort(char * qdata, unsigned int qitems, unsigned int qsize, _Cmpfun cmp) { 
....................    unsigned int m,j,i,l; 
....................    int1 done; 
....................    unsigned int8 t[16]; 
....................  
....................    m = qitems/2; 
....................    while( m > 0 ) { 
....................      for(j=0; j<(qitems-m); ++j) { 
....................         i = j; 
....................         do 
....................         { 
....................            done=1; 
....................            l = i+m; 
....................            if( (*cmp)(qdata+i*qsize, qdata+l*qsize) > 0 ) { 
....................               memcpy(t, qdata+i*qsize, qsize); 
....................               memcpy(qdata+i*qsize, qdata+l*qsize, qsize); 
....................               memcpy(qdata+l*qsize, t, qsize); 
....................               if(m <= i) 
....................                 i -= m; 
....................                 done = 0; 
....................            } 
....................         } while(!done); 
....................      } 
....................      m = m/2; 
....................    } 
.................... } 
....................  
....................  
.................... char *bsearch(char *key, char *base, size_t num, size_t width,_Cmpfun cmp) 
.................... { 
....................    char *p, *q; 
....................    size_t n; 
....................    size_t pivot; 
....................    signed int val; 
....................  
....................    p = base; 
....................    n = num; 
....................  
....................    while (n > 0) 
....................    { 
....................       pivot = n >> 1; 
....................       q = p + width * pivot; 
....................  
....................       val = (*cmp)(key, q); 
....................  
....................       if (val < 0) 
....................          n = pivot; 
....................       else if (val == 0) 
....................          return ((char *)q); 
....................       else { 
....................          p = q + width; 
....................          n -= pivot + 1; 
....................       } 
....................    } 
....................  
....................    return NULL;      // There's no match 
.................... } 
....................  
....................  
.................... #endif 
....................  
.................... #include <stdio.h> 
.................... /////////////////////////////////////////////////////////////////////////// 
.................... ////        (C) Copyright 1996,2003 Custom Computer Services           //// 
.................... //// This source code may only be used by licensed users of the CCS C  //// 
.................... //// compiler.  This source code may only be distributed to other      //// 
.................... //// licensed users of the CCS C compiler.  No other use, reproduction //// 
.................... //// or distribution is permitted without written permission.          //// 
.................... //// Derivative programs created using this software in object code    //// 
.................... //// form are not restricted in any way.                               //// 
.................... /////////////////////////////////////////////////////////////////////////// 
....................  
.................... #ifndef _STDIO 
.................... #define _STDIO 
.................... #include <string.h> 
.................... //////////////////////////////////////////////////////////////////////////// 
.................... ////        (C) Copyright 1996,2008 Custom Computer Services            //// 
.................... //// This source code may only be used by licensed users of the CCS C   //// 
.................... //// compiler.  This source code may only be distributed to other       //// 
.................... //// licensed users of the CCS C compiler.  No other use, reproduction  //// 
.................... //// or distribution is permitted without written permission.           //// 
.................... //// Derivative programs created using this software in object code     //// 
.................... //// form are not restricted in any way.                                //// 
.................... //////////////////////////////////////////////////////////////////////////// 
....................  
.................... #ifndef _STRING 
.................... #define _STRING 
.................... #include <stddef.h> 
.................... #include <ctype.h> 
....................  
....................  
....................  
.................... ////////////////////////////////////////////// 
.................... //// Uncomment the following define to    //// 
.................... //// allow some functions to use a        //// 
.................... //// quicker algorithm, but use more ROM  //// 
.................... ////                                      //// 
.................... //// #define FASTER_BUT_MORE_ROM          //// 
.................... ////////////////////////////////////////////// 
....................  
....................  
....................  
.................... /*Copying functions*/ 
.................... /* standard template: 
....................    void *memmove(void *s1, void *s2, size_t n). 
....................    Copies max of n characters safely (not following ending '\0') 
....................    from s2 in s1; if s2 has less than n characters, appends 0 */ 
....................  
.................... unsigned char *memmove(void *s1,void *s2,size_t n) 
.................... { 
....................    unsigned char *sc1; 
....................    unsigned char *sc2; 
....................    sc1=s1; 
....................    sc2=s2; 
....................    if(sc2<sc1 && sc1 <sc2 +n) 
....................       for(sc1+=n,sc2+=n;0<n;--n) 
....................          *--sc1=*--sc2; 
....................    else 
....................       for(;0<n;--n) 
....................          *sc1++=*sc2++; 
....................   return s1; 
....................   } 
....................  
.................... /* Standard template: char *strcpy(char *s1, const char *s2) 
....................    copies the string s2 including the null character to s1. 
....................    This is a compiler built in to handle the different address 
....................    spaces */ 
....................  
.................... #define strcopy strcpy 
....................  
.................... /* standard template: 
....................    char *strncpy(char *s1, const char *s2, size_t n). 
....................    Copies max of n characters (not following ending '\0') 
....................    from s2 in s1; if s2 has less than n characters, appends 0 */ 
....................  
.................... unsigned char *strncpy(unsigned char *s1, unsigned char *s2, size_t n) 
.................... { 
....................   unsigned char *s; 
....................  
....................   for (s = s1; n > 0 && *s2 != '\0'; n--) 
....................      *s++ = *s2++; 
....................   for (; n > 0; n--) 
....................      *s++ = '\0'; 
....................  
....................   return(s1); 
.................... } 
.................... /***********************************************************/ 
....................  
.................... /*concatenation functions*/ 
.................... /* standard template: char *strcat(char *s1, const char *s2) 
.................... appends s2 to s1*/ 
....................  
.................... unsigned char *strcat(unsigned char *s1, unsigned char *s2) 
.................... { 
....................    unsigned char *s; 
....................  
....................    for (s = s1; *s != '\0'; ++s); 
....................    while(*s2 != '\0') 
....................    { 
....................       *s = *s2; 
....................       ++s; 
....................       ++s2; 
....................    } 
....................  
....................    *s = '\0'; 
....................    return(s1); 
.................... } 
.................... /* standard template: char *strncat(char *s1, char *s2,size_t n) 
.................... appends not more than n characters from s2 to s1*/ 
....................  
.................... unsigned char *strncat(unsigned char *s1, unsigned char *s2, size_t n) 
.................... { 
....................    unsigned char *s; 
....................  
....................    for (s = s1; *s != '\0'; ++s); 
....................    while(*s2 != '\0' && 0<n) 
....................    { 
....................       *s = *s2; 
....................       ++s; 
....................       ++s2; 
....................       --n; 
....................    } 
....................  
....................    *s = '\0'; 
....................    return(s1); 
.................... } 
....................  
.................... /***********************************************************/ 
....................  
....................  
.................... /*comparison functions*/ 
.................... /* standard template: signed int memcmp(void *s1, void *s2). 
....................    Compares s1 & s2; returns -1 if s1<s2, 0 if s1=s2, 1 if s1>s2 */ 
....................  
.................... signed int8 memcmp(void * s1,void *s2,size_t n) 
.................... { 
.................... unsigned char *su1, *su2; 
.................... for(su1=s1, su2=s2; 0<n; ++su1, ++su2, --n) 
.................... { 
....................    if(*su1!=*su2) 
....................       return ((*su1<*su2)?-1:1); 
.................... } 
.................... return 0; 
.................... } 
....................  
.................... /* standard template: int strcmp(const char *s1, const char *s2). 
....................    Compares s1 & s2; returns -1 if s1<s2, 0 if s1=s2, 1 if s1>s2 */ 
....................  
.................... signed int8 strcmp(unsigned char *s1, unsigned char *s2) 
.................... { 
....................    for (; *s1 == *s2; s1++, s2++) 
....................       if (*s1 == '\0') 
....................          return(0); 
....................    return((*s1 < *s2) ? -1: 1); 
.................... } 
.................... /* standard template: int strcoll(const char *s1, const char *s2). 
....................    Compares s1 & s2; returns -1 if s1<s2, 0 if s1=s2, 1 if s1>s2 */ 
....................  
.................... signed int8 strcoll(unsigned char *s1, unsigned char *s2) 
.................... { 
....................    for (; *s1 == *s2; s1++, s2++) 
....................       if (*s1 == '\0') 
....................          return(0); 
....................    return((*s1 < *s2) ? -1: 1); 
.................... } 
....................  
.................... /* standard template: 
....................    int strncmp(const char *s1, const char *s2, size_t n). 
....................    Compares max of n characters (not following 0) from s1 to s2; 
....................    returns same as strcmp */ 
....................  
.................... signed int8 strncmp(unsigned char *s1, unsigned char *s2, size_t n) 
.................... { 
....................    for (; n > 0; s1++, s2++, n--) 
....................       if (*s1 != *s2) 
....................          return((*s1 <*s2) ? -1: 1); 
....................       else if (*s1 == '\0') 
....................          return(0); 
....................    return(0); 
.................... } 
.................... /* standard template: 
....................    int strxfrm(const char *s1, const char *s2, size_t n). 
....................    transforms maximum of n characters from s2 and places them into s1, returns number of chars written ot s1. 
....................    if s1 is NULL and n is 0, then it returns the length of s2.*/ 
.................... size_t strxfrm(unsigned char *s1, unsigned char *s2, size_t n) 
.................... { 
....................    unsigned char c; 
....................    unsigned int8 n1; 
....................     
....................    if (!s1 && !n) 
....................       n = -1; //find length 
....................  
....................    n1 = 0; 
....................     
....................    for (; n1 < n; n1++) 
....................    { 
....................       c = *s2++; 
....................       if (!c) 
....................          break; 
....................       if (s1) 
....................          *s1++ = c; 
....................    } 
....................  
....................   return(n1); 
.................... } 
....................  
....................  
....................  
....................  
....................  
.................... /***********************************************************/ 
.................... /*Search functions*/ 
.................... /* standard template: void *memchr(const char *s, int c). 
....................    Finds first occurrence of c in n characters of s */ 
....................  
.................... unsigned char *memchr(void *s,unsigned int8 c,size_t n) 
.................... { 
....................    unsigned char uc; 
....................    unsigned char *su; 
....................    uc=c; 
....................    for(su=s;0<n;++su,--n) 
....................       if(*su==uc) 
....................       return su; 
....................    return NULL; 
.................... } 
....................  
.................... /* standard template: char *strchr(const char *s, int c). 
....................    Finds first occurrence of c in s */ 
....................  
.................... unsigned char *strchr(unsigned char *s, unsigned int8 c) 
.................... { 
....................    for (; *s != c; s++) 
....................       if (*s == '\0') 
....................          return(0); 
....................    return(s); 
.................... } 
.................... /* standard template: 
....................    size_t strcspn(const char *s1, const char *s2). 
....................    Computes length of max initial segment of s1 that 
....................    consists entirely of characters NOT from s2*/ 
....................  
.................... unsigned int8  strcspn(unsigned char *s1, unsigned char *s2) 
.................... { 
....................    unsigned char *sc1, *sc2; 
....................  
....................    for (sc1 = s1; *sc1 != 0; sc1++) 
....................       for (sc2 = s2; *sc2 != 0; sc2++) 
....................          if (*sc1 == *sc2) 
....................             return(sc1 - s1); 
....................    return(sc1 - s1); 
.................... } 
.................... /* standard template: 
....................    char *strpbrk(const char *s1, const char *s2). 
....................    Locates first occurence of any character from s2 in s1; 
....................    returns s1 if s2 is empty string */ 
....................  
.................... unsigned char *strpbrk(unsigned char *s1, unsigned char *s2) 
.................... { 
....................    unsigned char *sc1, *sc2; 
....................  
....................    for (sc1 = s1; *sc1 != 0; sc1++) 
....................       for (sc2 = s2; *sc2 != 0; sc2++) 
....................          if (*sc1 == *sc2) 
....................             return(sc1); 
....................    return(0); 
.................... } 
....................  
....................  
.................... /* standard template: char *strrchr(const char *s, int c). 
....................    Finds last occurrence of c in s */ 
....................  
.................... unsigned char *strrchr(unsigned char *s, unsigned int8 c) 
.................... { 
....................    unsigned char *p; 
....................  
....................    for (p = 0; ; s++) 
....................    { 
....................       if (*s == c) 
....................          p = s; 
....................       if (*s == '\0') 
....................          return(p); 
....................    } 
.................... } 
.................... /* computes length of max initial segment of s1 consisting 
....................    entirely of characters from s2 */ 
....................  
.................... unsigned int8  strspn(unsigned char *s1, unsigned char *s2) 
.................... { 
....................    unsigned char *sc1, *sc2; 
....................  
....................    for (sc1 = s1; *sc1 != 0; sc1++) 
....................       for (sc2 = s2; ; sc2++) 
....................     if (*sc2 == '\0') 
....................        return(sc1 - s1); 
....................          else if (*sc1 == *sc2) 
....................             break; 
....................    return(sc1 - s1); 
.................... } 
.................... /* standard template: 
....................    char *strstr(const char *s1, const char *s2); 
....................    Locates first occurence of character sequence s2 in s1; 
....................    returns 0 if s2 is empty string 
....................  
....................    Uncomment #define FASTER_BUT_MORE_ROM at the top of the 
....................    file to use the faster algorithm */ 
.................... unsigned char *strstr(unsigned char *s1, unsigned char *s2) 
.................... { 
....................    unsigned char *s, *t; 
....................  
....................    #ifdef FASTER_BUT_MORE_ROM 
....................    if (*s2 == '\0') 
....................          return(s1); 
....................    #endif 
....................  
....................    while (*s1) 
....................    { 
....................       for(s = s1, t = s2; *t && (*s == *t); ++s, ++t); 
....................  
....................       if (*t == '\0') 
....................          return s1; 
....................       ++s1; 
....................       #ifdef FASTER_BUT_MORE_ROM 
....................          while(*s1 != '\0' && *s1 != *s2) 
....................             ++s1; 
....................       #endif 
....................    } 
....................    return 0; 
.................... } 
....................  
.................... /* standard template: size_t strlen(const char *s). 
....................    Computes length of s1 (preceding terminating 0) */ 
....................  
.................... size_t strlen(unsigned char *s) 
.................... { 
....................    unsigned char *sc; 
....................  
....................    for (sc = s; *sc != 0; sc++); 
....................    return(sc - s); 
.................... } 
....................  
.................... /* standard template: char *strtok(char *s1, const char *s2). 
....................  
....................    Finds next token in s1 delimited by a character from separator 
....................    string s2 (which can be different from call to call).  First call 
....................    starts at beginning of s1 searching for first character NOT 
....................    contained in s2; returns 0 if none is found. 
....................    If one is found, it is the start of first token (return value). 
....................    Function then searches from there for a character contained in s2. 
....................    If none is found, current token extends to end of s1, and subsequent 
....................    searches for a token will return 0.  If one is found, it is 
....................    overwritten by '\0', which terminates current token.  Function saves 
....................    pointer to following character from which next search will start. 
....................    Each subsequent call, with 0 as first argument, starts searching 
....................    from saved pointer */ 
....................  
.................... unsigned char *strtok(unsigned char *s1, unsigned char *s2) 
.................... { 
....................    unsigned char *beg, *end; 
....................    static char *save; 
....................  
....................    beg = (s1)? s1: save; 
....................    beg += strspn(beg, s2); 
....................    if (*beg == '\0') 
....................       return(0); 
....................        
....................    end = strpbrk(beg, s2); 
....................    if (end != '\0') 
....................    { 
....................       *end = '\0'; 
....................       end++; 
....................       save = end; 
....................    } 
....................    else 
....................       save = beg + strlen(beg); 
....................     
....................    return(beg); 
.................... } 
....................  
.................... /*****************************************************************/ 
.................... /*Miscellaneous functions*/ 
.................... /* standard template 
.................... maps error number in errnum to an error message string 
.................... Returns: Pointer to string 
.................... */ 
.................... #ifdef _ERRNO 
.................... unsigned char * strerror(unsigned int8 errnum) 
.................... { 
.................... static unsigned char s[13]; 
.................... switch( errnum) 
.................... { 
.................... case 0: 
....................    strcpy(s,"no errors"); 
....................    return s; 
.................... case EDOM : 
....................    strcpy(s,"domain error"); 
....................    return s; 
.................... case ERANGE: 
....................    strcpy(s,"range error"); 
....................    return s; 
.................... } 
.................... } 
.................... #ENDIF 
....................  
.................... /* standard template: size_t stricmp(const char *s1, const char *s2). 
....................    Compares s1 to s2 ignoring case (upper vs. lower) */ 
....................  
.................... signed int8 stricmp(unsigned char *s1, unsigned char *s2) 
.................... { 
....................  for(; *s1==*s2||(isalpha(*s1)&&isalpha(*s2)&&(*s1==*s2+32||*s2==*s1+32)); 
....................     s1++, s2++) 
....................     if (*s1 == '\0') 
....................        return(0); 
....................  return((*s1 < *s2) ? -1: 1); 
.................... } 
....................  
....................  
.................... /* standard template: char *strlwr(char *s). 
....................    Replaces uppercase letters by lowercase; 
....................    returns pointer to new string s */ 
....................  
.................... unsigned char *strlwr(unsigned char *s) 
.................... { 
....................    unsigned char *p; 
....................  
....................    for (p = s; *p != '\0'; p++) 
....................       if (*p >= 'A' && *p <='Z') 
....................          *p += 'a' - 'A'; 
....................    return(s); 
.................... } 
....................  
.................... /* standard template: char *strupr(char *s). 
....................    Replaces lowercase letters by upercase; 
....................    returns pointer to new string s */ 
....................  
.................... unsigned char *strupr(unsigned char *s) 
.................... { 
....................    unsigned char *p; 
....................  
....................    for (p = s; *p != '\0'; p++) 
....................       if (*p >= 'a' && *p <='z') 
....................          *p -= 'a' - 'A'; 
....................    return(s); 
.................... } 
....................  
....................  
.................... /************************************************************/ 
....................  
....................  
.................... #endif 
....................  
.................... #ifndef getc 
.................... #define getc getch 
.................... #define getchar getch 
.................... #define puts(s) {printf(s); putchar(13); putchar(10);} 
.................... #define putc putchar 
.................... #endif 
.................... /* maps error number to an error message. Writes a sequence of characters to 
.................... stderr stream thus: if s is not null then string pointed to by s follwed by 
.................... a colon (:) and a space and the appropriate error message returned by strerror 
.................... function with argument errno 
....................  
.................... Returns: no value 
.................... */ 
....................  
.................... #ifdef _ERRNO 
.................... void perror(char *s) 
.................... { 
....................   if(s) 
....................   fprintf(STDERR,"%s: ",s); 
....................   fprintf(STDERR,"%s\r\n",strerror(errno)); 
.................... } 
.................... #endif 
.................... #endif 
....................  
.................... #include <math.h>  
.................... //////////////////////////////////////////////////////////////////////////// 
.................... ////        (C) Copyright 1996,2011 Custom Computer Services            //// 
.................... //// This source code may only be used by licensed users of the CCS C   //// 
.................... //// compiler.  This source code may only be distributed to other       //// 
.................... //// licensed users of the CCS C compiler.  No other use, reproduction  //// 
.................... //// or distribution is permitted without written permission.           //// 
.................... //// Derivative programs created using this software in object code     //// 
.................... //// form are not restricted in any way.                                //// 
.................... //////////////////////////////////////////////////////////////////////////// 
.................... ////                                                                    //// 
.................... //// History:                                                           //// 
.................... ////  * 9/20/2001 :  Improvments are made to sin/cos code.              //// 
.................... ////                 The code now is small, much faster,                //// 
.................... ////                 and more accurate.                                 //// 
.................... ////  * 2/21/2007 :  Compiler handles & operator differently and does   //// 
.................... ////                 not return generic (int8 *) so type cast is done   //// 
.................... ////  * 6/19/2010 :  Divisions by constants converted to multiplication //// 
.................... ////                 by its inverse to improve computation speed        //// 
.................... ////  * 1/21/2011 :  Constants used for double precision math updated   //// 
.................... ////                 Updated routines include 64 bit versions of cos,   //// 
.................... ////                 asin,atan,exp,log and dependant functions          //// 
.................... ////  * 1/31/2011 :  Optimized current 32-bit float routines for cos    //// 
.................... ////                 and log function                                   //// 
.................... ////  * 6/13/2011 :  Fixed PCD overload CEIL_FLOOR functions for values //// 
.................... ////                 greater then 10000000 and less then -10000000      //// 
.................... ////                                                                    //// 
.................... //////////////////////////////////////////////////////////////////////////// 
....................  
.................... #ifndef MATH_H 
.................... #define MATH_H 
....................  
.................... #ifdef PI 
.................... #undef  PI 
.................... #endif 
.................... #define PI     3.1415926535897932 
....................  
....................  
.................... #define SQRT2  1.4142135623730950 
....................  
.................... //float const ps[4] = {5.9304945, 21.125224, 8.9403076, 0.29730279}; 
.................... //float const qs[4] = {1.0000000, 15.035723, 17.764134, 2.4934718}; 
....................  
.................... ///////////////////////////// Round Functions ////////////////////////////// 
....................  
.................... float32 CEIL_FLOOR(float32 x, unsigned int8 n) 
.................... { 
....................    float32 y, res; 
....................    unsigned int16 l; 
....................    int1 s; 
....................  
....................    s = 0; 
....................    y = x; 
....................  
....................    if (x < 0) 
....................    { 
....................       s = 1; 
....................       y = -y; 
....................    } 
....................  
....................    if (y <= 32768.0) 
....................       res = (float32)(unsigned int16)y; 
....................  
....................  else if (y < 10000000.0) 
....................    {  
....................       l = (unsigned int16)(y*0.000030517578125); 
....................       y = 32768.0*(y*0.000030517578125 - (float32)l); 
....................       res = 32768.0*(float32)l; 
....................       res += (float32)(unsigned int16)y; 
....................    } 
....................  
....................  else 
....................   res = y; 
....................  
....................  y = y - (float32)(unsigned int16)y; 
....................  
....................  if (s) 
....................   res = -res; 
....................  
....................  if (y != 0) 
....................  { 
....................   if (s == 1 && n == 0) 
....................    res -= 1.0; 
....................  
....................   if (s == 0 && n == 1) 
....................    res += 1.0; 
....................  } 
....................  if (x == 0) 
....................     res = 0; 
....................  
....................  return (res); 
.................... } 
....................  
.................... // Overloaded Functions to take care for new Data types in PCD 
.................... // Overloaded function CEIL_FLOOR() for data type - Float48 
.................... #if defined(__PCD__) 
.................... float48 CEIL_FLOOR(float48 x, unsigned int8 n) 
.................... { 
....................    float48 y, res; 
....................    unsigned int32 l; 
....................    int1 s; 
....................  
....................    s = 0; 
....................    y = x; 
....................  
....................    if (x < 0) 
....................    { 
....................       s = 1; 
....................       y = -y; 
....................    } 
....................  
....................    if (y <= 32768.0) 
....................       res = (float48)(unsigned int16)y; 
....................  
....................    else if (y < 549755813888.0) 
....................    { 
....................       l = (unsigned int32)(y*0.000030517578125); 
....................       y = 32768.0*(y*0.000030517578125 - (float48)l); 
....................       res = 32768.0*(float48)l; 
....................       res += (float48)(unsigned int16)y; 
....................    } 
....................    else 
....................    {   
....................       res = y; 
....................       y = 0.0; 
....................    } 
....................     
....................    if(y != 0) 
....................       y = y - (float48)(unsigned int16)y; 
....................  
....................    if (s) 
....................       res = -res; 
....................  
....................    if (y != 0) 
....................    { 
....................       if (s == 1 && n == 0) 
....................          res -= 1.0; 
....................  
....................       if (s == 0 && n == 1) 
....................          res += 1.0; 
....................    } 
....................    if (x == 0) 
....................       res = 0; 
....................  
....................    return (res); 
.................... } 
....................  
....................  
.................... // Overloaded function CEIL_FLOOR() for data type - Float64 
.................... float64 CEIL_FLOOR(float64 x, unsigned int8 n) 
.................... { 
....................    float64 y, res; 
....................    int64 l; 
....................    int1 s; 
....................  
....................    s = 0; 
....................    y = x; 
....................  
....................    if (x < 0) 
....................    { 
....................       s = 1; 
....................       y = -y; 
....................    } 
....................  
....................    if (y <= 32768.0) 
....................       res = (float64)(unsigned int16)y; 
....................    else if (y < 4503599627370496.0) 
....................    { 
....................       l = (int64)(y*0.000030517578125); 
....................       y = 32768.0*(y*0.000030517578125 - (float64)l); 
....................       res = 32768.0*(float64)l; 
....................       res += (float64)(unsigned int16)y; 
....................    } 
....................    else 
....................    { 
....................       res = y; 
....................       y = 0.0; 
....................    } 
....................     
....................    if(y != 0) 
....................       y = y - (float64)(unsigned int16)y; 
....................  
....................    if (s) 
....................       res = -res; 
....................  
....................    if (y != 0) 
....................    { 
....................       if (s == 1 && n == 0) 
....................          res -= 1.0; 
....................  
....................       if (s == 0 && n == 1) 
....................          res += 1.0; 
....................    } 
....................     
....................    if (x == 0) 
....................       res = 0; 
....................  
....................    return (res); 
.................... } 
.................... #endif 
....................  
.................... //////////////////////////////////////////////////////////////////////////// 
.................... //   float floor(float x) 
.................... //////////////////////////////////////////////////////////////////////////// 
.................... // Description : rounds down the number x. 
.................... // Date : N/A 
.................... // 
.................... float32 floor(float32 x) 
.................... { 
....................    return CEIL_FLOOR(x,0); 
.................... } 
.................... // Following 2 functions are overloaded functions of floor() for PCD 
.................... // Overloaded function floor() for data type - Float48 
.................... #if defined(__PCD__) 
.................... float48 floor(float48 x) 
.................... { 
....................    return CEIL_FLOOR(x, 0); 
.................... } 
....................  
.................... // Overloaded function floor() for data type - Float64 
.................... float64 floor(float64 x) 
.................... { 
....................    return CEIL_FLOOR(x, 0); 
.................... } 
.................... #endif 
....................  
....................  
.................... //////////////////////////////////////////////////////////////////////////// 
.................... //   float ceil(float x) 
.................... //////////////////////////////////////////////////////////////////////////// 
.................... // Description : rounds up the number x. 
.................... // Date : N/A 
.................... // 
.................... float32 ceil(float32 x) 
.................... { 
....................    return CEIL_FLOOR(x, 1); 
.................... } 
.................... // Following 2 functions are overloaded functions of ceil() for PCD 
.................... // Overloaded function ceil() for data type - Float48 
.................... #if defined(__PCD__) 
.................... float48 ceil(float48 x) 
.................... { 
....................    return CEIL_FLOOR(x, 1); 
.................... } 
....................  
.................... // Overloaded function ceil() for data type - Float64 
.................... float64 ceil(float64 x) 
.................... { 
....................    return CEIL_FLOOR(x, 1); 
.................... } 
.................... #endif 
....................  
....................  //////////////////////////////////////////////////////////////////////////// 
.................... //   float fabs(float x) 
.................... //////////////////////////////////////////////////////////////////////////// 
.................... // Description : Computes the absolute value of floating point number x 
.................... // Returns : returns the absolute value of x 
.................... // Date : N/A 
.................... // 
.................... #define fabs abs 
....................  
.................... //////////////////////////////////////////////////////////////////////////// 
.................... //   float fmod(float x) 
.................... //////////////////////////////////////////////////////////////////////////// 
.................... // Description : Computes the floating point remainder of x/y 
.................... // Returns : returns the value of x= i*y, for some integer i such that, if y 
.................... // is non zero, the result has the same isgn of x na dmagnitude less than the 
.................... // magnitude of y. If y is zero then a domain error occurs. 
.................... // Date : N/A 
.................... // 
....................  
.................... float fmod(float32 x,float32 y) 
.................... { 
....................    float32 i; 
....................    if (y!=0.0) 
....................    { 
....................       i=(x/y < 0.0)? ceil(x/y): floor(x/y); 
....................       return(x-(i*y)); 
....................    } 
....................    else 
....................    { 
....................    #ifdef _ERRNO 
....................    { 
....................       errno=EDOM; 
....................    } 
....................    #endif 
....................    } 
.................... } 
.................... //Overloaded function for fmod() for PCD 
.................... // Overloaded function fmod() for data type - Float48 
.................... #if defined(__PCD__) 
.................... float48 fmod(float48 x,float48 y) 
.................... { 
....................    float48 i; 
....................    if (y!=0.0) 
....................    { 
....................       i=(x/y < 0.0)? ceil(x/y): floor(x/y); 
....................       return(x-(i*y)); 
....................    } 
....................    else 
....................    { 
....................    #ifdef _ERRNO 
....................    { 
....................       errno=EDOM; 
....................    } 
....................    #endif 
....................    } 
.................... } 
.................... // Overloaded function fmod() for data type - Float64 
.................... float64 fmod(float64 x,float64 y) 
.................... { 
....................    float64 i; 
....................    if (y!=0.0) 
....................    { 
....................       i=(x/y < 0.0)? ceil(x/y): floor(x/y); 
....................       return(x-(i*y)); 
....................    } 
....................    else 
....................    { 
....................    #ifdef _ERRNO 
....................    { 
....................       errno=EDOM; 
....................    } 
....................    #endif 
....................    } 
.................... } 
.................... #endif 
.................... //////////////////// Exponential and logarithmic functions //////////////////// 
.................... //////////////////////////////////////////////////////////////////////////// 
.................... //   float exp(float x) 
.................... //////////////////////////////////////////////////////////////////////////// 
.................... // Description : returns the value (e^x) 
.................... // Date : N/A 
.................... // 
.................... #define LN2 0.6931471805599453 
.................... #define LN2_INV 1.4426950408889634073 
....................  
.................... float const pe[6] = {0.000207455774, 0.00127100575, 0.00965065093, 
....................                      0.0554965651,  0.240227138,  0.693147172}; 
....................  
....................  
.................... float32 exp(float32 x) 
.................... { 
....................    float32 y, res, r; 
....................    #if defined(__PCD__) 
....................    int8 data1; 
....................    #endif 
....................    signed int8 n; 
....................    int1 s; 
....................    #ifdef _ERRNO 
....................    if(x > 88.722838) 
....................    { 
....................       errno=ERANGE; 
....................       return(0); 
....................    } 
....................    #endif 
....................    n = (signed int16)(x*LN2_INV); 
....................    s = 0; 
....................    y = x; 
....................  
....................    if (x < 0) 
....................    { 
....................       s = 1; 
....................       n = -n; 
....................       y = -y; 
....................    } 
....................  
....................    res = 0.0; 
.................... #if !defined(__PCD__) 
....................    *((unsigned int8 *)(&res)) = n + 0x7F; 
.................... #endif 
....................  
.................... #if defined(__PCD__)  // Takes care of IEEE format for PCD 
....................    data1 = n+0x7F; 
....................    if(bit_test(data1,0)) 
....................    bit_set(*(((unsigned int8 *)(&res)+2)),7); 
....................    rotate_right(&data1,1); 
....................    bit_clear(data1,7); 
....................    *(((unsigned int8 *)(&res)+3)) = data1; 
.................... #endif 
....................  
....................    y = y*LN2_INV - (float32)n; 
....................  
....................    r = pe[0]*y + pe[1]; 
....................    r = r*y + pe[2]; 
....................    r = r*y + pe[3]; 
....................    r = r*y + pe[4]; 
....................    r = r*y + pe[5]; 
....................  
....................    res = res*(1.0 + y*r); 
....................  
....................    if (s) 
....................       res = 1.0/res; 
....................    return(res); 
.................... } 
....................  
....................  
.................... //Overloaded function for exp() for PCD 
.................... // Overloaded function exp() for data type - Float48 
.................... #if defined(__PCD__) 
.................... float48 exp(float48 x) 
.................... { 
....................    float48 y, res, r; 
....................    int8 data1; 
....................    signed int8 n; 
....................    int1 s; 
....................    #ifdef _ERRNO 
....................    if(x > 88.722838) 
....................    { 
....................       errno=ERANGE; 
....................       return(0); 
....................    } 
....................    #endif 
....................    n = (signed int16)(x*LN2_INV); 
....................    s = 0; 
....................    y = x; 
....................  
....................    if (x < 0) 
....................    { 
....................       s = 1; 
....................       n = -n; 
....................       y = -y; 
....................    } 
....................  
....................    res = 0.0; 
....................  
....................    data1 = n+0x7F; 
....................    if(bit_test(data1,0)) 
....................    bit_set(*(((unsigned int8 *)(&res)+4)),7); 
....................    rotate_right(&data1,1); 
....................    bit_clear(data1,7); 
....................    *(((unsigned int8 *)(&res)+5)) = data1; 
....................  
....................    y = y*LN2_INV - (float48)n; 
....................  
....................    r = pe[0]*y + pe[1]; 
....................    r = r*y + pe[2]; 
....................    r = r*y + pe[3]; 
....................    r = r*y + pe[4]; 
....................    r = r*y + pe[5]; 
....................  
....................    res = res*(1.0 + y*r); 
....................  
....................    if (s) 
....................       res = 1.0/res; 
....................    return(res); 
.................... } 
....................  
.................... // Overloaded function exp() for data type - Float64 
.................... float64 const pe_64[12] ={9.30741400474913e-011,-4.28655416283316e-011, 
....................                           8.71486547014137e-009,9.84458531538385e-008, 
....................                           1.32588296983536e-006,1.52489283823016e-005, 
....................                           0.000154037598423921,0.00133335487036216, 
....................                           0.00961812936407326,0.0555041086222122, 
....................                           0.240226506962827,0.693147180559823}; 
....................  
.................... float64 exp(float64 x) 
.................... { 
....................    float64 y, res, r; 
....................    unsigned int16 data1, data2; 
....................    unsigned int16 *p; 
....................    signed int16 n; 
....................    int1 s; 
....................    #ifdef _ERRNO 
....................    if(x > 709.7827128) 
....................    { 
....................       errno=ERANGE; 
....................       return(0); 
....................    } 
....................    #endif 
....................    y = x*LN2_INV; 
....................    n = (signed int16)y; 
....................    s = 0; 
....................    y = x; 
....................  
....................    if (x < 0) 
....................    { 
....................       s = 1; 
....................       n = -n; 
....................       y = -y; 
....................    } 
....................  
....................    res = 0.0; 
....................  
.................... #if !defined(__PCD__) 
....................    *((unsigned int16 *)(&res)) = n + 0x7F; 
.................... #endif 
....................    p= (((unsigned int16 *)(&res))+3); 
....................    data1 = *p; 
....................    data2 = *p;    
....................    data1 = n + 0x3FF; 
....................    data1 = data1 <<4; 
....................    if(bit_test(data2,15)) 
....................    bit_set(data1,15); 
....................    data2 = data2 & 0x000F; 
....................    data1 ^= data2; 
....................  
....................    *(((unsigned int16 *)(&res)+3)) = data1; 
....................  
....................  
....................    y = y*LN2_INV - (float64)n; 
....................  
....................    r = pe_64[0]*y + pe_64[1]; 
....................    r = r*y + pe_64[2]; 
....................    r = r*y + pe_64[3]; 
....................    r = r*y + pe_64[4]; 
....................    r = r*y + pe_64[5]; 
....................    r = r*y + pe_64[6]; 
....................    r = r*y + pe_64[7]; 
....................    r = r*y + pe_64[8]; 
....................    r = r*y + pe_64[9]; 
....................    r = r*y + pe_64[10]; 
....................    r = r*y + pe_64[11]; 
....................     
....................    res = res*(1.0 + y*r); 
....................  
....................    if (s) 
....................       res = 1.0/res; 
....................    return(res); 
.................... } 
.................... #ENDIF 
....................  
....................  
.................... /************************************************************/ 
....................  
.................... float32 const pl[4] = {-1.080310025160955, 1.999999947089217}; 
.................... float32 const ql[4] = {0.091284365719509, -0.873491916557671}; 
....................  
.................... //////////////////////////////////////////////////////////////////////////// 
.................... //   float log(float x) 
.................... //////////////////////////////////////////////////////////////////////////// 
.................... // Description : returns the the natural log of x 
.................... // Date : N/A 
.................... // 
.................... float32 log(float32 x) 
.................... { 
....................    float32 y, res, r, y2; 
....................    #if defined(__PCD__) 
....................    unsigned int8  data1,data2; 
....................    #endif 
....................    signed int8 n; 
....................    #ifdef _ERRNO 
....................    if(x <0) 
....................    { 
....................       errno=EDOM; 
....................    } 
....................    if(x ==0) 
....................    { 
....................       errno=ERANGE; 
....................       return(0); 
....................    } 
....................    #endif 
....................    y = x; 
....................  
....................    if (y != 1.0) 
....................    { 
.................... #if !defined(__PCD__) 
....................     *((unsigned int8 *)(&y)) = 0x7E;  
.................... #endif 
....................  
.................... #if defined(__PCD__) // Takes care of IEEE format 
....................    data2 = *(((unsigned int8 *)(&y))+3); 
....................    *(((unsigned int8 *)(&y))+3) = 0x3F; 
....................    data1 = *(((unsigned int8 *)(&y))+2); 
....................    bit_clear(data1,7); 
....................    *(((unsigned int8 *)(&y))+2) = data1; 
....................    if(bit_test(data2,7)) 
....................      bit_set(*(((unsigned int8 *)(&y))+3),7); 
.................... #endif 
....................  
....................       y = (y - 1.0)/(y + 1.0); 
....................  
....................       y2=y*y; 
....................  
....................       res = pl[0]*y2 + pl[1]; 
....................  
....................       r = ql[0]*y2 + ql[1]; 
....................       r = r*y2 + 1.0; 
....................  
....................       res = y*res/r; 
.................... #if !defined(__PCD__) 
....................       n = *((unsigned int8 *)(&x)) - 0x7E; 
.................... #endif 
.................... #if defined(__PCD__)  
....................     data1 = *(((unsigned int8 *)(&x)+3)); 
....................     rotate_left(&data1,1); 
....................     data2 = *(((unsigned int8 *)(&x)+2)); 
....................     if(bit_test (data2,7)) 
....................       bit_set(data1,0); 
....................     n = data1 - 0x7E; 
.................... #endif 
....................  
....................       if (n<0)  
....................          r = -(float32)-n; 
....................       else 
....................          r = (float32)n; 
....................  
....................       res += r*LN2; 
....................    } 
....................  
....................    else 
....................       res = 0.0; 
....................  
....................    return(res); 
.................... } 
....................  
.................... //Overloaded function for log() for PCD 
.................... // Overloaded function log() for data type - Float48 
.................... #if defined(__PCD__) 
.................... // Overloaded function log() for data type - float64 
.................... float64 const pl_64[4] = {-0.145694052150681, 1.365485300000370, 
....................                           -3.120535668274329, 2.000000000000000}; 
....................  
.................... float64 const ql_64[4] = {0.006047500465908, -0.208298281937234, 
....................                           1.113943039156721, -1.893601167470470}; 
....................  
.................... float48 log(float48 x) 
.................... { 
....................    float48 y, res, r, y2; 
....................    unsigned int8  data1,data2; 
....................    signed int8 n; 
.................... #ifdef _ERRNO 
....................    if(x <0) 
....................    { 
....................       errno=EDOM; 
....................    } 
....................    if(x ==0) 
....................    { 
....................       errno=ERANGE; 
....................       return(0); 
....................    } 
.................... #endif 
....................    y = x; 
....................  
....................    if (y != 1.0) 
....................    { 
....................  
.................... #if !defined(__PCD__) 
....................       *((unsigned int8 *)(&y)) = 0x7E;  
.................... #endif 
....................       data2 = *(((unsigned int8 *)(&y))+5); 
....................       *(((unsigned int8 *)(&y))+5) = 0x3F; 
....................       data1 = *(((unsigned int8 *)(&y))+4); 
....................       bit_clear(data1,7); 
....................       *(((unsigned int8 *)(&y))+4) = data1; 
....................  
....................       if(bit_test(data2,7)) 
....................       bit_set(*(((unsigned int8 *)(&y))+4),7); 
....................       y = (y - 1.0)/(y + 1.0); 
....................  
....................       y2=y*y; 
....................  
....................       res = pl_64[0]*y2 + pl_64[1]; 
....................       res = res*y2 + pl_64[2]; 
....................       res = res*y2 + pl_64[3]; 
....................  
....................       r = ql_64[0]*y2 + ql_64[1]; 
....................       r = r*y2 + ql_64[2]; 
....................       r = r*y2 + ql_64[3]; 
....................       r = r*y2 + 1.0;  
....................       res = y*res/r; 
....................  
....................       data1 = *(((unsigned int8 *)(&x)+5)); 
....................       rotate_left(&data1,1); 
....................       data2 = *(((unsigned int8 *)(&x)+4)); 
....................       if(bit_test (data2,7)) 
....................       bit_set(data1,0); 
....................        
....................       n = data1 - 0x7E; 
....................  
....................       if (n<0) 
....................       r = -(float48)-n; 
....................       else 
....................       r = (float48)n; 
....................  
....................       res += r*LN2; 
....................    } 
....................  
....................    else 
....................    res = 0.0; 
....................  
....................    return(res); 
.................... } 
....................  
.................... float64 log(float64 x) 
.................... { 
....................    float64 y, res, r, y2; 
....................    unsigned int16  data1,data2; 
....................    unsigned int16 *p; 
....................    signed int16 n; 
....................    #ifdef _ERRNO 
....................    if(x <0) 
....................    { 
....................       errno=EDOM; 
....................    } 
....................    if(x ==0) 
....................    { 
....................       errno=ERANGE; 
....................       return(0); 
....................    } 
....................    #endif 
....................    y = x; 
....................  
....................    if (y != 1.0) 
....................    { 
....................    #if !defined(__PCD__) 
....................        *((unsigned int8 *)(&y)) = 0x7E;  
....................    #endif 
....................       p= (((unsigned int16 *)(&y))+3); 
....................       data1 = *p; 
....................       data2 = *p; 
....................       data1 = 0x3FE; 
....................       data1 = data1 <<4; 
....................       if(bit_test (data2,15)) 
....................          bit_set(data1,15); 
....................       data2 = data2 & 0x000F; 
....................       data1 ^=data2; 
....................  
....................       *p = data1; 
....................  
....................       y = (y - 1.0)/(y + 1.0); 
....................  
....................       y2=y*y; 
....................  
....................       res = pl_64[0]*y2 + pl_64[1]; 
....................       res = res*y2 + pl_64[2]; 
....................       res = res*y2 + pl_64[3]; 
....................  
....................       r = ql_64[0]*y2 + ql_64[1]; 
....................       r = r*y2 + ql_64[2]; 
....................       r = r*y2 + ql_64[3]; 
....................       r = r*y2 + 1.0; 
....................  
....................       res = y*res/r; 
....................   
....................       p= (((unsigned int16 *)(&x))+3); 
....................       data1 = *p; 
....................       bit_clear(data1,15); 
....................       data1 = data1 >>4;     
....................       n = data1 - 0x3FE; 
....................  
....................  
....................       if (n<0) 
....................          r = -(float64)-n; 
....................       else 
....................          r = (float64)n; 
....................  
....................       res += r*LN2; 
....................    } 
....................  
....................    else 
....................       res = 0.0; 
....................  
....................    return(res); 
.................... } 
.................... #endif 
....................  
....................  
.................... #define LN10 2.3025850929940456 
.................... #define LN10_INV 0.4342944819032518276 
....................  
.................... //////////////////////////////////////////////////////////////////////////// 
.................... //   float log10(float x) 
.................... //////////////////////////////////////////////////////////////////////////// 
.................... // Description : returns the the log base 10 of x 
.................... // Date : N/A 
.................... // 
.................... float32 log10(float32 x) 
.................... { 
....................    float32 r; 
....................  
....................    r = log(x); 
....................    r = r*LN10_INV; 
....................    return(r); 
.................... } 
....................  
.................... //Overloaded functions for log10() for PCD 
.................... // Overloaded function log10() for data type - Float48 
.................... #if defined(__PCD__) 
.................... float48 log10(float48 x) 
.................... { 
....................    float48 r; 
....................  
....................    r = log(x); 
....................    r = r*LN10_INV; 
....................    return(r); 
.................... } 
....................  
.................... // Overloaded function log10() for data type - Float64 
.................... float64 log10(float64 x) 
.................... { 
....................    float64 r; 
....................  
....................    r = log(x); 
....................    r = r*LN10_INV; 
....................    return(r); 
.................... } 
.................... #endif 
.................... //////////////////////////////////////////////////////////////////////////// 
.................... //   float modf(float x) 
.................... //////////////////////////////////////////////////////////////////////////// 
.................... // Description :breaks the argument value int integral and fractional parts, 
.................... // ach of which have the same sign as the argument.  It stores the integral part 
.................... // as a float in the object pointed to by the iptr 
.................... // Returns : returns the signed fractional part of value. 
.................... // Date : N/A 
.................... // 
....................  
.................... float32 modf(float32 value,float32 *iptr) 
.................... { 
....................    *iptr=(value < 0.0)? ceil(value): floor(value); 
....................    return(value - *iptr); 
.................... } 
.................... //Overloaded functions for modf() for PCD 
.................... // Overloaded function modf() for data type - Float48 
.................... #if defined(__PCD__) 
.................... float48 modf(float48 value,float48 *iptr) 
.................... { 
....................    *iptr=(value < 0.0)? ceil(value): floor(value); 
....................    return(value - *iptr); 
.................... } 
.................... // Overloaded function modf() for data type - Float64 
.................... float64 modf(float64 value,float64 *iptr) 
.................... { 
....................    *iptr=(value < 0.0)? ceil(value): floor(value); 
....................    return(value - *iptr); 
.................... } 
.................... #endif 
....................  
.................... //////////////////////////////////////////////////////////////////////////// 
.................... //   float pwr(float x,float y) 
.................... //////////////////////////////////////////////////////////////////////////// 
.................... // Description : returns the value (x^y) 
.................... // Date : N/A 
.................... // Note : 0 is returned when the function will generate an imaginary number 
.................... // 
.................... float32 pwr(float32 x,float32 y) 
.................... { 
....................    if(0 > x && fmod(y, 1) == 0) { 
....................       if(fmod(y, 2) == 0) { 
....................          return (exp(log(-x) * y)); 
....................       } else { 
....................          return (-exp(log(-x) * y)); 
....................       } 
....................    } else if(0 > x && fmod(y, 1) != 0) { 
....................       return 0; 
....................    } else { 
....................       if(x != 0 || 0 >= y) { 
....................          return (exp(log(x) * y)); 
....................       } 
....................    } 
.................... } 
.................... //Overloaded functions for pwr() for PCD 
.................... // Overloaded function pwr() for data type - Float48 
.................... #if defined(__PCD__) 
.................... float48 pwr(float48 x,float48 y) 
.................... { 
....................    if(0 > x && fmod(y, 1) == 0) { 
....................       if(fmod(y, 2) == 0) { 
....................          return (exp(log(-x) * y)); 
....................       } else { 
....................          return (-exp(log(-x) * y)); 
....................       } 
....................    } else if(0 > x && fmod(y, 1) != 0) { 
....................       return 0; 
....................    } else { 
....................       if(x != 0 || 0 >= y) { 
....................          return (exp(log(x) * y)); 
....................       } else return 0; 
....................    } 
.................... } 
.................... // Overloaded function pwr() for data type - Float64 
.................... float64 pwr(float64 x,float64 y) 
.................... { 
....................    if(0 > x && fmod(y, 1) == 0) { 
....................       if(fmod(y, 2) == 0) { 
....................          return (exp(log(-x) * y)); 
....................       } else { 
....................          return (-exp(log(-x) * y)); 
....................       } 
....................    } else if(0 > x && fmod(y, 1) != 0) { 
....................       return 0; 
....................    } else { 
....................       if(x != 0 || 0 >= y) { 
....................          return (exp(log(x) * y)); 
....................       } else return 0; 
....................    } 
.................... } 
.................... #endif 
....................  
.................... //////////////////// Power functions //////////////////// 
....................  
.................... //////////////////////////////////////////////////////////////////////////// 
.................... //   float pow(float x,float y) 
.................... //////////////////////////////////////////////////////////////////////////// 
.................... // Description : returns the value (x^y) 
.................... // Date : N/A 
.................... // Note : 0 is returned when the function will generate an imaginary number 
.................... // 
.................... float32 pow(float32 x,float32 y) 
.................... { 
....................    if(0 > x && fmod(y, 1) == 0) { 
....................       if(fmod(y, 2) == 0) { 
....................          return (exp(log(-x) * y)); 
....................       } else { 
....................          return (-exp(log(-x) * y)); 
....................       } 
....................    } else if(0 > x && fmod(y, 1) != 0) { 
....................       return 0; 
....................    } else { 
....................       if(x != 0 || 0 >= y) { 
....................          return (exp(log(x) * y)); 
....................       } else return 0; 
....................    } 
.................... } 
.................... //Overloaded functions for pow() for PCD 
.................... // Overloaded function for pow() data type - Float48 
.................... #if defined(__PCD__) 
.................... float48 pow(float48 x,float48 y) 
.................... { 
....................    if(0 > x && fmod(y, 1) == 0) { 
....................       if(fmod(y, 2) == 0) { 
....................          return (exp(log(-x) * y)); 
....................       } else { 
....................          return (-exp(log(-x) * y)); 
....................       } 
....................    } else if(0 > x && fmod(y, 1) != 0) { 
....................       return 0; 
....................    } else { 
....................       if(x != 0 || 0 >= y) { 
....................          return (exp(log(x) * y)); 
....................       } else return 0; 
....................    } 
.................... } 
....................  
.................... // Overloaded function pow() for data type - Float64 
.................... float64 pow(float64 x,float64 y) 
.................... { 
....................    if(0 > x && fmod(y, 1) == 0) { 
....................       if(fmod(y, 2) == 0) { 
....................          return (exp(log(-x) * y)); 
....................       } else { 
....................          return (-exp(log(-x) * y)); 
....................       } 
....................    } else if(0 > x && fmod(y, 1) != 0) { 
....................       return 0; 
....................    } else { 
....................       if(x != 0 || 0 >= y) { 
....................          return (exp(log(x) * y)); 
....................       } else return 0; 
....................    } 
.................... } 
.................... #endif 
....................  
.................... //////////////////////////////////////////////////////////////////////////// 
.................... //   float sqrt(float x) 
.................... //////////////////////////////////////////////////////////////////////////// 
.................... // Description : returns the square root of x 
.................... // Date : N/A 
.................... // 
.................... float32 sqrt(float32 x) 
.................... { 
....................    float32 y, res; 
....................    #if defined(__PCD__) 
....................    unsigned int16 data1,data2; 
....................    #endif 
....................    unsigned int8 *p; 
....................  
....................    #ifdef _ERRNO 
....................    if(x < 0) 
....................    { 
....................       errno=EDOM; 
....................    } 
....................    #endif 
....................  
....................    if( x<=0.0) 
....................       return(0.0); 
....................  
....................    y=x; 
....................     
....................    #if !defined(__PCD__) 
....................     p=&y; 
....................    (*p)=(unsigned int8)((((unsigned int16)(*p)) + 127) >> 1); 
....................    #endif 
....................     
....................    #if defined(__PCD__) 
....................     p = (((unsigned int8 *)(&y))+3); 
....................     data1 = *(((unsigned int8 *)(&y))+3); 
....................     data2 = *(((unsigned int8 *)(&y))+2); 
....................     rotate_left(&data1,1);     
....................     if(bit_test(data2,7))     
....................        bit_set(data1,0);     
....................     data1 = ((data1+127) >>1); 
....................     bit_clear(data2,7); 
....................     if(bit_test(data1,0)) 
....................        bit_set(data2,7); 
....................     data1 = data1 >>1; 
....................     *(((unsigned int8 *)(&y))+3) = data1; 
....................     *(((unsigned int8 *)(&y))+2) = data2; 
....................      
....................   #endif 
....................  
....................    do { 
....................       res=y; 
....................       y+=(x/y); 
....................  
....................       #if !defined(__PCD__) 
....................      (*p)--; 
....................    #endif 
....................     
....................    #if defined(__PCD__) 
....................     data1 = *(((unsigned int8 *)(&y))+3); 
....................     data2 = *(((unsigned int8 *)(&y))+2); 
....................     rotate_left(&data1,1); 
....................     if(bit_test(data2,7)) 
....................        bit_set(data1,0);     
....................     data1--; 
....................     bit_clear(data2,7); 
....................     if(bit_test(data1,0)) 
....................        bit_set(data2,7); 
....................     data1 = data1 >>1; 
....................     *(((unsigned int8 *)(&y))+3) = data1; 
....................     *(((unsigned int8 *)(&y))+2) = data2; 
....................      
....................   #endif 
....................    } while(res != y); 
....................  
....................    return(res); 
.................... } 
.................... //Overloaded functions for sqrt() for PCD 
.................... // Overloaded function sqrt() for data type - Float48 
.................... #if defined(__PCD__) 
.................... float48 sqrt(float48 x) 
.................... { 
....................    float48 y, res; 
....................    unsigned int16 data1,data2; 
....................    unsigned int8 *p; 
....................  
....................    #ifdef _ERRNO 
....................    if(x < 0) 
....................    { 
....................       errno=EDOM; 
....................    } 
....................    #endif 
....................  
....................    if( x<=0.0) 
....................       return(0.0); 
....................  
....................    y=x; 
....................     
....................    #if !defined(__PCD__) 
....................     p=&y; 
....................    (*p)=(unsigned int8)((((unsigned int16)(*p)) + 127) >> 1); 
....................    #endif 
....................     
....................    #if defined(__PCD__) 
....................     p = (((unsigned int8 *)(&y))+5); 
....................     data1 = *(((unsigned int8 *)(&y))+5); 
....................     data2 = *(((unsigned int8 *)(&y))+4); 
....................     rotate_left(&data1,1); 
....................     if(bit_test(data2,7)) 
....................        bit_set(data1,0);     
....................     data1 = ((data1+127) >>1); 
....................     bit_clear(data2,7); 
....................     if(bit_test(data1,0)) 
....................        bit_set(data2,7); 
....................     data1 = data1 >>1; 
....................     *(((unsigned int8 *)(&y))+5) = data1; 
....................     *(((unsigned int8 *)(&y))+4) = data2; 
....................      
....................   #endif 
....................  
....................    do { 
....................       res=y; 
....................       y+=(x/y); 
....................  
....................       #if !defined(__PCD__) 
....................      (*p)--; 
....................    #endif 
....................     
....................     data1 = *(((unsigned int8 *)(&y))+5); 
....................     data2 = *(((unsigned int8 *)(&y))+4); 
....................     rotate_left(&data1,1); 
....................     if(bit_test(data2,7)) 
....................        bit_set(data1,0);     
....................     data1--; 
....................     bit_clear(data2,7); 
....................     if(bit_test(data1,0)) 
....................        bit_set(data2,7); 
....................     data1 = data1 >>1; 
....................     *(((unsigned int8 *)(&y))+5) = data1; 
....................     *(((unsigned int8 *)(&y))+4) = data2; 
....................      
....................    } while(res != y); 
....................  
....................    return(res); 
.................... } 
....................  
.................... // Overloaded function sqrt() for data type - Float64 
.................... float64 sqrt(float64 x) 
.................... { 
....................    float64 y, res; 
....................    unsigned int16 *p; 
....................    unsigned int16 temp1,temp2; 
....................  
....................    #ifdef _ERRNO 
....................    if(x < 0) 
....................    { 
....................       errno=EDOM; 
....................    } 
....................    #endif 
....................  
....................    if( x<=0.0) 
....................       return(0.0); 
....................  
....................    y=x; 
....................    p= (((unsigned int16 *)(&y))+3); 
....................    temp1 = *p; 
....................    temp2 = *p; 
....................    bit_clear(temp1,15); 
....................    temp1 = (temp1>>4)+1023; 
....................    temp1 = temp1 >> 1; 
....................    temp1 = (temp1<<4) & 0xFFF0; 
....................    if(bit_test(temp2,15)) 
....................       bit_set(temp1,15); 
....................    temp2 = temp2 & 0x000F; 
....................    temp1 ^= temp2; 
....................     
....................    (*p) = temp1; 
....................     
....................    do { 
....................       res=y; 
....................       y+=(x/y); 
....................      temp1 = *p; 
....................      temp2 = *p; 
....................      bit_clear(temp1,15); 
....................      temp1 = (temp1>>4); 
....................      temp1--; 
....................      temp1 = (temp1<<4) & 0xFFF0; 
....................      if(bit_test(temp2,15)) 
....................         bit_set(temp1,15); 
....................      temp2 = temp2 & 0x000F; 
....................      temp1 ^= temp2; 
....................      (*p) = temp1; 
....................  
....................    } while(res != y); 
....................  
....................    return(res); 
.................... } 
.................... #endif 
....................  
.................... ////////////////////////////// Trig Functions ////////////////////////////// 
.................... #ifdef PI_DIV_BY_TWO_INV 
.................... #undef PI_DIV_BY_TWO_INV 
.................... #endif 
.................... #define PI_DIV_BY_TWO_INV 0.63661977236758134 
.................... #ifdef PI_DIV_BY_TWO 
.................... #undef PI_DIV_BY_TWO 
.................... #endif 
.................... #define PI_DIV_BY_TWO   1.5707963267948966 
.................... #ifdef TWOBYPI 
.................... #undef TWOBYPI 
.................... #endif 
.................... #define TWOBYPI          0.6366197723675813 
....................  
.................... //////////////////////////////////////////////////////////////////////////// 
.................... //   float cos(float x) 
.................... //////////////////////////////////////////////////////////////////////////// 
.................... // Description : returns the cosine value of the angle x, which is in radian 
.................... // Date : 9/20/2001 
.................... // 
.................... float32 cos(float32 x) 
.................... { 
....................    float32 y, t, t2 = 1.0; 
....................    unsigned int8 quad, i; 
....................    float32 frac; 
....................    float32 p[5] = {                    //by the series definition for cosine 
....................       -0.49999999456337096,            // sum ( ( (-1)^n * x^2n )/(2n)! ) 
....................        0.04166663896921267, 
....................       -0.00138883894522527, 
....................        0.00002476138231734, 
....................       -0.00000026070414770 
....................       //-0.00000000001147, 
....................       // 0.00000000000005 
....................    }; 
....................  
....................    if (x < 0) x = -x;                  // absolute value of input 
....................  
....................    quad = (unsigned int8)(x * PI_DIV_BY_TWO_INV);    // quadrant 
....................    frac = (x * PI_DIV_BY_TWO_INV) - quad;  // fractional part of input 
....................    quad = quad % 4;                    // quadrant (0 to 3) 
....................  
....................    if (quad == 0 || quad == 2) 
....................       t = frac * PI_DIV_BY_TWO; 
....................    else if (quad == 1) 
....................       t = (1-frac) * PI_DIV_BY_TWO; 
....................    else // should be 3 
....................       t = (frac-1) * PI_DIV_BY_TWO; 
....................  
....................    y = 1.0; 
....................    t = t * t; 
....................    for (i = 0; i <= 4; i++) 
....................    { 
....................       t2 = t2 * t; 
....................       y = y + p[i] * t2; 
....................    } 
....................  
....................    if (quad == 2 || quad == 1) 
....................       y = -y;  // correct sign 
....................  
....................    return (y); 
.................... } 
....................  
....................  
.................... //Overloaded functions for cos() for PCD 
.................... // Overloaded function cos() for data type - Float48 
.................... #if defined(__PCD__) 
.................... float48 cos(float48 x) 
.................... { 
....................    float48 y, t, t2 = 1.0; 
....................    unsigned int8 quad, i; 
....................    float48 frac; 
....................    float48 p[6] = {                    //by the series definition for cosine 
....................       -0.5,                            // sum ( ( (-1)^n * x^2n )/(2n)! ) 
....................        0.04166666666667, 
....................       -0.00138888888889, 
....................        0.00002480158730, 
....................       -0.00000027557319, 
....................        0.00000000208767 
....................    }; 
....................  
....................    if (x < 0) x = -x;                  // absolute value of input 
....................  
....................    quad = (unsigned int8)(x * PI_DIV_BY_TWO_INV);    // quadrant 
....................    frac = (x * PI_DIV_BY_TWO_INV) - quad;  // fractional part of input 
....................    quad = quad % 4;                    // quadrant (0 to 3) 
....................  
....................    if (quad == 0 || quad == 2) 
....................       t = frac * PI_DIV_BY_TWO; 
....................    else if (quad == 1) 
....................       t = (1-frac) * PI_DIV_BY_TWO; 
....................    else // should be 3 
....................       t = (frac-1) * PI_DIV_BY_TWO; 
....................  
....................    y = 0.999999999781; 
....................    t = t * t; 
....................    for (i = 0; i <= 5; i++) 
....................    { 
....................       t2 = t2 * t; 
....................       y = y + p[i] * t2; 
....................    } 
....................  
....................    if (quad == 2 || quad == 1) 
....................       y = -y;  // correct sign 
....................  
....................    return (y); 
.................... } 
....................  
.................... // Overloaded function cos() for data type - Float64 
.................... float64 cos(float64 x) 
.................... { 
....................    float64 y, t, t2 = 1.0; 
....................    unsigned int8 quad, i; 
....................    float64 frac; 
....................    float64 p_64[9] = {               //by the series definition for cosine 
....................      -0.49999999999998740,           // sum ( ( (-1)^n * x^2n )/(2n)! )              
....................       0.04166666666656518, 
....................      -0.00138888888851691, 
....................       0.00002480158658490, 
....................      -0.00000027557239796, 
....................       0.00000000208715031, 
....................      -0.00000000001126577, 
....................       0.00000000000000427, 
....................       0.00000000000000372}; 
....................  
....................    if (x < 0) x = -x;                  // absolute value of input 
....................  
....................    quad = (unsigned int8)(x * PI_DIV_BY_TWO_INV);    // quadrant 
....................    frac = (x * PI_DIV_BY_TWO_INV) - quad;  // fractional part of input 
....................    quad = quad % 4;                    // quadrant (0 to 3) 
....................  
....................    if (quad == 0 || quad == 2) 
....................       t = frac * PI_DIV_BY_TWO; 
....................    else if (quad == 1) 
....................       t = (1-frac) * PI_DIV_BY_TWO; 
....................    else // should be 3 
....................       t = (frac-1) * PI_DIV_BY_TWO; 
....................  
....................    y = 1.0; 
....................    t = t * t; 
....................    for (i = 0; i <= 8; i++) 
....................    { 
....................       t2 = t2 * t; 
....................       y = y + p_64[i] * t2; 
....................    } 
....................  
....................    if (quad == 2 || quad == 1) 
....................       y = -y;  // correct sign 
....................  
....................    return (y); 
.................... } 
....................  
.................... #endif 
....................  
.................... //////////////////////////////////////////////////////////////////////////// 
.................... //   float sin(float x) 
.................... //////////////////////////////////////////////////////////////////////////// 
.................... // Description : returns the sine value of the angle x, which is in radian 
.................... // Date : 9/20/2001 
.................... // 
.................... float32 sin(float32 x) 
.................... { 
....................    return cos(x - PI_DIV_BY_TWO); 
.................... } 
....................  
.................... //Overloaded functions for sin() for PCD 
.................... // Overloaded function sin() for data type - Float48 
.................... #if defined(__PCD__) 
.................... float48 sin(float48 x) 
.................... { 
....................    return cos(x - PI_DIV_BY_TWO); 
.................... } 
....................  
.................... // Overloaded function sin() for data type - Float48 
.................... float64 sin(float64 x) 
.................... { 
....................    return cos(x - PI_DIV_BY_TWO); 
.................... } 
.................... #endif 
....................  
.................... //////////////////////////////////////////////////////////////////////////// 
.................... //   float tan(float x) 
.................... //////////////////////////////////////////////////////////////////////////// 
.................... // Description : returns the tangent value of the angle x, which is in radian 
.................... // Date : 9/20/2001 
.................... // 
.................... float32 tan(float32 x) 
.................... { 
....................    float32 c, s; 
....................  
....................    c = cos(x); 
....................    if (c == 0.0) 
....................       return (1.0e+36); 
....................  
....................    s = sin(x); 
....................    return(s/c); 
.................... } 
.................... //Overloaded functions for tan() for PCD 
.................... // Overloaded function tan() for data type - Float48 
.................... #if defined(__PCD__) 
.................... float48 tan(float48 x) 
.................... { 
....................    float48 c, s; 
....................  
....................    c = cos(x); 
....................    if (c == 0.0) 
....................       return (1.0e+36); 
....................  
....................    s = sin(x); 
....................    return(s/c); 
.................... } 
....................  
.................... // Overloaded function tan() for data type - Float48 
.................... float64 tan(float64 x) 
.................... { 
....................    float64 c, s; 
....................  
....................    c = cos(x); 
....................    if (c == 0.0) 
....................       return (1.0e+36); 
....................  
....................    s = sin(x); 
....................    return(s/c); 
.................... } 
.................... #endif 
....................  
.................... float32 const pas[3] = {0.49559947, -4.6145309, 5.6036290}; 
.................... float32 const qas[3] = {1.0000000,  -5.5484666, 5.6036290}; 
....................  
.................... float32 ASIN_COS(float32 x, unsigned int8 n) 
.................... { 
....................    float32 y, res, r, y2; 
....................    int1 s; 
....................    #ifdef _ERRNO 
....................    if(x <-1 || x > 1) 
....................    { 
....................       errno=EDOM; 
....................    } 
....................    #endif 
....................    s = 0; 
....................    y = x; 
....................  
....................    if (x < 0) 
....................    { 
....................       s = 1; 
....................       y = -y; 
....................    } 
....................  
....................    if (y > 0.5) 
....................    { 
....................       y = sqrt((1.0 - y)*0.5); 
....................       n += 2; 
....................    } 
....................  
....................    y2=y*y; 
....................  
....................    res = pas[0]*y2 + pas[1]; 
....................    res = res*y2 + pas[2]; 
....................  
....................    r = qas[0]*y2 + qas[1]; 
....................    r = r*y2 + qas[2]; 
....................  
....................    res = y*res/r; 
....................  
....................    if (n & 2)     // |x| > 0.5 
....................       res = PI_DIV_BY_TWO - 2.0*res; 
....................    if (s) 
....................       res = -res; 
....................    if (n & 1)           // take arccos 
....................       res = PI_DIV_BY_TWO - res; 
....................  
....................    return(res); 
.................... } 
....................  
....................  
.................... //Overloaded functions for ASIN_COS() for PCD 
.................... // Overloaded function ASIN_COS() for data type - Float48 
.................... #if defined(__PCD__) 
.................... float48 ASIN_COS(float48 x, unsigned int8 n) 
.................... { 
....................    float48 y, res, r, y2; 
....................    int1 s; 
....................    #ifdef _ERRNO 
....................    if(x <-1 || x > 1) 
....................    { 
....................       errno=EDOM; 
....................    } 
....................    #endif 
....................    s = 0; 
....................    y = x; 
....................  
....................    if (x < 0) 
....................    { 
....................       s = 1; 
....................       y = -y; 
....................    } 
....................  
....................    if (y > 0.5) 
....................    { 
....................       y = sqrt((1.0 - y)*0.5); 
....................       n += 2; 
....................    } 
....................  
....................    y2=y*y; 
....................  
....................    res = pas[0]*y2 + pas[1]; 
....................    res = res*y2 + pas[2]; 
....................  
....................    r = qas[0]*y2 + qas[1]; 
....................    r = r*y2 + qas[2]; 
....................  
....................    res = y*res/r; 
....................  
....................    if (n & 2)     // |x| > 0.5 
....................       res = PI_DIV_BY_TWO - 2.0*res; 
....................    if (s) 
....................       res = -res; 
....................    if (n & 1)           // take arccos 
....................       res = PI_DIV_BY_TWO - res; 
....................  
....................    return(res); 
.................... } 
....................  
.................... // Overloaded function ASIN_COS() for data type - Float64 
.................... double pas_64[5]={1.000000000000000,-2.069938587724477,1.421444580548907, 
....................                  -0.360690137621842,0.024929451660228}; 
....................  
.................... double qas_64[5]={-2.236605254391134,1.719212122946451,-0.524122954476133, 
....................                    0.052808872045749,-0.000662536036570}; 
....................                     
.................... float64 ASIN_COS(float64 x, unsigned int8 n) 
.................... { 
....................    float64 y, res, r, y2; 
....................    int1 s; 
....................    #ifdef _ERRNO 
....................    if(x <-1 || x > 1) 
....................    { 
....................       errno=EDOM; 
....................    } 
....................    #endif 
....................    s = 0; 
....................    y = x; 
....................  
....................    if (x < 0) 
....................    { 
....................       s = 1; 
....................       y = -y; 
....................    } 
....................  
....................    if (y > 0.5) 
....................    { 
....................       y = sqrt((1.0 - y)*0.5); 
....................       n += 2; 
....................    } 
....................  
....................    y2=y*y; 
....................  
....................    res = pas_64[4]*y2 + pas_64[3]; 
....................    res = res*y2 + pas_64[2]; 
....................    res = res*y2 + pas_64[1]; 
....................    res = res*y2 + pas_64[0]; 
....................  
....................    r = qas_64[4]*y2 + qas_64[3]; 
....................    r = r*y2 + qas_64[2]; 
....................    r = r*y2 + qas_64[1]; 
....................    r = r*y2 + qas_64[0]; 
....................    r = r*y2 + 1.0; 
....................  
....................    res = y*res/r; 
....................  
....................    if (n & 2)     // |x| > 0.5 
....................       res = PI_DIV_BY_TWO - 2.0*res; 
....................    if (s) 
....................       res = -res; 
....................    if (n & 1)           // take arccos 
....................       res = PI_DIV_BY_TWO - res; 
....................  
....................    return(res); 
.................... } 
.................... #endif 
....................  
.................... //////////////////////////////////////////////////////////////////////////// 
.................... //   float asin(float x) 
.................... //////////////////////////////////////////////////////////////////////////// 
.................... // Description : returns the arcsine value of the value x. 
.................... // Date : N/A 
.................... // 
.................... float32 asin(float32 x) 
.................... { 
....................    float32 r; 
....................  
....................    r = ASIN_COS(x, 0); 
....................    return(r); 
.................... } 
.................... //Overloaded functions for asin() for PCD 
.................... // Overloaded function asin() for data type - Float48 
.................... #if defined(__PCD__) 
.................... float48 asin(float48 x) 
.................... { 
....................    float48 r; 
....................  
....................    r = ASIN_COS(x, 0); 
....................    return(r); 
.................... } 
....................  
.................... // Overloaded function asin() for data type - Float64 
.................... float64 asin(float64 x) 
.................... { 
....................    float64 r; 
....................  
....................    r = ASIN_COS(x, 0); 
....................    return(r); 
.................... } 
.................... #endif 
....................  
.................... //////////////////////////////////////////////////////////////////////////// 
.................... //   float acos(float x) 
.................... //////////////////////////////////////////////////////////////////////////// 
.................... // Description : returns the arccosine value of the value x. 
.................... // Date : N/A 
.................... // 
.................... float32 acos(float32 x) 
.................... { 
....................    float32 r; 
....................  
....................    r = ASIN_COS(x, 1); 
....................    return(r); 
.................... } 
.................... //Overloaded functions for acos() for PCD 
.................... // Overloaded function acos() for data type - Float48 
.................... #if defined(__PCD__) 
.................... float48 acos(float48 x) 
.................... { 
....................    float48 r; 
....................  
....................    r = ASIN_COS(x, 1); 
....................    return(r); 
.................... } 
....................  
.................... // Overloaded function acos() for data type - Float64 
.................... float64 acos(float64 x) 
.................... { 
....................    float64 r; 
....................  
....................    r = ASIN_COS(x, 1); 
....................    return(r); 
.................... } 
.................... #endif 
....................  
.................... float32 const pat[4] = {0.17630401, 5.6710795, 22.376096, 19.818457}; 
.................... float32 const qat[4] = {1.0000000,  11.368190, 28.982246, 19.818457}; 
....................  
.................... //////////////////////////////////////////////////////////////////////////// 
.................... //   float atan(float x) 
.................... //////////////////////////////////////////////////////////////////////////// 
.................... // Description : returns the arctangent value of the value x. 
.................... // Date : N/A 
.................... // 
.................... float32 atan(float32 x) 
.................... { 
....................    float32 y, res, r; 
....................    int1 s, flag; 
....................  
....................    s = 0; 
....................    flag = 0; 
....................    y = x; 
....................  
....................    if (x < 0) 
....................    { 
....................       s = 1; 
....................       y = -y; 
....................    } 
....................  
....................    if (y > 1.0) 
....................    { 
....................       y = 1.0/y; 
....................       flag = 1; 
....................    } 
....................  
....................    res = pat[0]*y*y + pat[1]; 
....................    res = res*y*y + pat[2]; 
....................    res = res*y*y + pat[3]; 
....................  
....................    r = qat[0]*y*y + qat[1]; 
....................    r = r*y*y + qat[2]; 
....................    r = r*y*y + qat[3]; 
....................  
....................    res = y*res/r; 
....................  
....................  
....................    if (flag)                              // for |x| > 1 
....................       res = PI_DIV_BY_TWO - res; 
....................    if (s) 
....................       res = -res; 
....................  
....................    return(res); 
.................... } 
.................... //Overloaded functions for atan() for PCD 
.................... // Overloaded function atan() for data type - Float48 
.................... #if defined(__PCD__) 
.................... float48 atan(float48 x) 
.................... { 
....................    float48 y, res, r; 
....................    int1 s, flag; 
....................  
....................    s = 0; 
....................    flag = 0; 
....................    y = x; 
....................  
....................    if (x < 0) 
....................    { 
....................       s = 1; 
....................       y = -y; 
....................    } 
....................  
....................    if (y > 1.0) 
....................    { 
....................       y = 1.0/y; 
....................       flag = 1; 
....................    } 
....................  
....................    res = pat[0]*y*y + pat[1]; 
....................    res = res*y*y + pat[2]; 
....................    res = res*y*y + pat[3]; 
....................  
....................    r = qat[0]*y*y + qat[1]; 
....................    r = r*y*y + qat[2]; 
....................    r = r*y*y + qat[3]; 
....................  
....................    res = y*res/r; 
....................  
....................  
....................    if (flag)                              // for |x| > 1 
....................       res = PI_DIV_BY_TWO - res; 
....................    if (s) 
....................       res = -res; 
....................  
....................    return(res); 
.................... } 
....................  
.................... float64 pat_64[6]={0.999999999999999,2.249923645595566,1.771541617806449, 
....................                    0.579678874003185,0.072162702162882,0.002281100141660}; 
....................  
.................... float64 qat_64[6]={2.583256978928510,2.432627277466967,1.016760379885393, 
....................                    0.182482977188688,0.011155377971690,0.000100013019160}; 
.................... // Overloaded function atan() for data type - Float64 
.................... float64 atan(float64 x) 
.................... { 
....................    float64 y,y2, res, r; 
....................    int1 s, flag; 
....................  
....................    s = 0; 
....................    flag = 0; 
....................    y = x; 
....................  
....................    if (x < 0) 
....................    { 
....................       s = 1; 
....................       y = -y; 
....................    } 
....................  
....................    if (y > 1.0) 
....................    { 
....................       y = 1.0/y; 
....................       flag = 1; 
....................    } 
....................    y2 = y*y; 
....................    res = pat_64[5]*y2 + pat_64[4]; 
....................    res = res*y2 + pat_64[3]; 
....................    res = res*y2 + pat_64[2]; 
....................    res = res*y2 + pat_64[1]; 
....................    res = res*y2 + pat_64[0]; 
....................  
....................    r = qat_64[5]*y2 + qat_64[4]; 
....................    r = r*y2 + qat_64[3]; 
....................    r = r*y2 + qat_64[2]; 
....................    r = r*y2 + qat_64[1]; 
....................    r = r*y2 + qat_64[0]; 
....................    r = r*y2 + 1.0; 
....................  
....................    res = y*res/r; 
....................  
....................  
....................    if (flag)                              // for |x| > 1 
....................       res = PI_DIV_BY_TWO - res; 
....................    if (s) 
....................       res = -res; 
....................  
....................    return(res); 
.................... } 
.................... #endif 
....................  
.................... ///////////////////////////////////////////////////////////////////////////// 
.................... //   float atan2(float y, float x) 
.................... ///////////////////////////////////////////////////////////////////////////// 
.................... // Description :computes the principal value of arc tangent of y/x, using the 
.................... // signs of both the arguments to determine the quadrant of the return value 
.................... // Returns : returns the arc tangent of y/x. 
.................... // Date : N/A 
.................... // 
....................  
.................... float32 atan2(float32 y,float32 x) 
.................... { 
....................    float32 z; 
....................    int1 sign; 
....................    unsigned int8 quad; 
....................    sign=0; 
....................    quad=0; //quadrant 
....................    quad=((y<=0.0)?((x<=0.0)?3:4):((x<0.0)?2:1)); 
....................    if(y<0.0) 
....................    { 
....................       sign=1; 
....................       y=-y; 
....................    } 
....................    if(x<0.0) 
....................    { 
....................       x=-x; 
....................    } 
....................    if (x==0.0) 
....................    { 
....................       if(y==0.0) 
....................       { 
....................       #ifdef _ERRNO 
....................       { 
....................          errno=EDOM; 
....................       } 
....................       #endif 
....................       } 
....................       else 
....................       { 
....................          if(sign) 
....................          { 
....................          return (-(PI_DIV_BY_TWO)); 
....................          } 
....................          else 
....................          { 
....................          return (PI_DIV_BY_TWO); 
....................          } 
....................       } 
....................    } 
....................    else 
....................    { 
....................       z=y/x; 
....................       switch(quad) 
....................       { 
....................          case 1: 
....................          { 
....................             return atan(z); 
....................             break; 
....................          } 
....................          case 2: 
....................          { 
.................... //            return (atan(z)+PI_DIV_BY_TWO);  //2L3122 
....................             return (PI-atan(z)); 
....................             break; 
....................          } 
....................          case 3: 
....................          { 
....................             return (atan(z)-PI); 
....................             break; 
....................          } 
....................          case 4: 
....................          { 
....................             return (-atan(z)); 
....................             break; 
....................          } 
....................       } 
....................    } 
.................... } 
....................  
.................... //Overloaded functions for atan2() for PCD 
.................... // Overloaded function atan2() for data type - Float48 
.................... #if defined(__PCD__) 
.................... float48 atan2(float48 y,float48 x) 
.................... { 
....................    float48 z; 
....................    int1 sign; 
....................    unsigned int8 quad; 
....................    sign=0; 
....................    quad=0; //quadrant 
....................    quad=((y<=0.0)?((x<=0.0)?3:4):((x<0.0)?2:1)); 
....................    if(y<0.0) 
....................    { 
....................       sign=1; 
....................       y=-y; 
....................    } 
....................    if(x<0.0) 
....................    { 
....................       x=-x; 
....................    } 
....................    if (x==0.0) 
....................    { 
....................       if(y==0.0) 
....................       { 
....................       #ifdef _ERRNO 
....................       { 
....................          errno=EDOM; 
....................       } 
....................       #endif 
....................       } 
....................       else 
....................       { 
....................          if(sign) 
....................          { 
....................          return (-(PI_DIV_BY_TWO)); 
....................          } 
....................          else 
....................          { 
....................          return (PI_DIV_BY_TWO); 
....................          } 
....................       } 
....................    } 
....................    else 
....................    { 
....................       z=y/x; 
....................       switch(quad) 
....................       { 
....................          case 1: 
....................          { 
....................             return atan(z); 
....................             break; 
....................          } 
....................          case 2: 
....................          { 
.................... //            return (atan(z)+PI_DIV_BY_TWO);  //2L3122 
....................             return (PI-atan(z)); 
....................             break; 
....................          } 
....................          case 3: 
....................          { 
....................             return (atan(z)-PI); 
....................             break; 
....................          } 
....................          case 4: 
....................          { 
....................             return (-atan(z)); 
....................             break; 
....................          } 
....................       } 
....................    } 
.................... } 
....................  
.................... // Overloaded function atan2() for data type - Float64 
.................... float64 atan2(float64 y,float64 x) 
.................... { 
....................    float64 z; 
....................    int1 sign; 
....................    unsigned int8 quad; 
....................    sign=0; 
....................    quad=0; //quadrant 
....................    quad=((y<=0.0)?((x<=0.0)?3:4):((x<0.0)?2:1)); 
....................    if(y<0.0) 
....................    { 
....................       sign=1; 
....................       y=-y; 
....................    } 
....................    if(x<0.0) 
....................    { 
....................       x=-x; 
....................    } 
....................    if (x==0.0) 
....................    { 
....................       if(y==0.0) 
....................       { 
....................       #ifdef _ERRNO 
....................       { 
....................          errno=EDOM; 
....................       } 
....................       #endif 
....................       } 
....................       else 
....................       { 
....................          if(sign) 
....................          { 
....................          return (-(PI_DIV_BY_TWO)); 
....................          } 
....................          else 
....................          { 
....................          return (PI_DIV_BY_TWO); 
....................          } 
....................       } 
....................    } 
....................    else 
....................    { 
....................       z=y/x; 
....................       switch(quad) 
....................       { 
....................          case 1: 
....................          { 
....................             return atan(z); 
....................             break; 
....................          } 
....................          case 2: 
....................          { 
.................... //            return (atan(z)+PI_DIV_BY_TWO);  //2L3122 
....................             return (PI-atan(z)); 
....................             break; 
....................          } 
....................          case 3: 
....................          { 
....................             return (atan(z)-PI); 
....................             break; 
....................          } 
....................          case 4: 
....................          { 
....................             return (-atan(z)); 
....................             break; 
....................          } 
....................       } 
....................    } 
.................... } 
.................... #endif 
....................  
.................... //////////////////// Hyperbolic functions //////////////////// 
....................  
.................... //////////////////////////////////////////////////////////////////////////// 
.................... //   float cosh(float x) 
.................... //////////////////////////////////////////////////////////////////////////// 
.................... // Description : Computes the hyperbolic cosine value of x 
.................... // Returns : returns the hyperbolic cosine value of x 
.................... // Date : N/A 
.................... // 
....................  
.................... float32 cosh(float32 x) 
.................... { 
....................    return ((exp(x)+exp(-x))*0.5); 
.................... } 
.................... //Overloaded functions for cosh() for PCD 
.................... // Overloaded function cosh() for data type - Float48 
.................... #if defined(__PCD__) 
.................... float48 cosh(float48 x) 
.................... { 
....................    return ((exp(x)+exp(-x))*0.5); 
.................... } 
....................  
.................... // Overloaded function cosh() for data type - Float64 
.................... float64 cosh(float64 x) 
.................... { 
....................    return ((exp(x)+exp(-x))*0.5); 
.................... } 
.................... #endif 
....................  
.................... //////////////////////////////////////////////////////////////////////////// 
.................... //   float sinh(float x) 
.................... //////////////////////////////////////////////////////////////////////////// 
.................... // Description : Computes the hyperbolic sine value of x 
.................... // Returns : returns the hyperbolic sine value of x 
.................... // Date : N/A 
.................... // 
....................  
.................... float32 sinh(float32 x) 
.................... { 
....................  
....................    return ((exp(x) - exp(-x))*0.5); 
.................... } 
.................... //Overloaded functions for sinh() for PCD 
.................... // Overloaded function sinh() for data type - Float48 
.................... #if defined(__PCD__) 
.................... float48 sinh(float48 x) 
.................... { 
....................  
....................    return ((exp(x) - exp(-x))*0.5); 
.................... } 
....................  
.................... // Overloaded function sinh() for data type - Float48 
.................... float64 sinh(float64 x) 
.................... { 
....................  
....................    return ((exp(x) - exp(-x))*0.5); 
.................... } 
.................... #endif 
....................  
.................... //////////////////////////////////////////////////////////////////////////// 
.................... //   float tanh(float x) 
.................... //////////////////////////////////////////////////////////////////////////// 
.................... // Description : Computes the hyperbolic tangent value of x 
.................... // Returns : returns the hyperbolic tangent value of x 
.................... // Date : N/A 
.................... // 
....................  
.................... float32 tanh(float32 x) 
.................... { 
....................    return(sinh(x)/cosh(x)); 
.................... } 
.................... //Overloaded functions for tanh() for PCD 
.................... // Overloaded function tanh() for data type - Float48 
.................... #if defined(__PCD__) 
.................... float48 tanh(float48 x) 
.................... { 
....................    return(sinh(x)/cosh(x)); 
.................... } 
....................  
.................... // Overloaded function tanh() for data type - Float64 
.................... float64 tanh(float64 x) 
.................... { 
....................    return(sinh(x)/cosh(x)); 
.................... } 
.................... #endif 
....................  
.................... //////////////////////////////////////////////////////////////////////////// 
.................... //   float frexp(float x, signed int *exp) 
.................... //////////////////////////////////////////////////////////////////////////// 
.................... // Description : breaks a floating point number into a normalized fraction and an integral 
.................... // power of 2. It stores the integer in the signed int object pointed to by exp. 
.................... // Returns : returns the value x, such that x is a double with magnitude in the interval 
.................... // [1/2,1) or zero, and value equals x times 2 raised to the power *exp.If value is zero, 
.................... // both parts of the result are zero. 
.................... // Date : N/A 
.................... // 
....................  
.................... #define LOG2 .30102999566398119521 
.................... #define LOG2_INV 3.32192809488736234787 
.................... float32 frexp(float32 x, signed int8 *exp) 
.................... { 
....................    float32 res; 
....................    int1 sign = 0; 
....................    if(x == 0.0) 
....................    { 
....................       *exp=0; 
....................       return (0.0); 
....................    } 
....................    if(x < 0.0) 
....................    { 
....................      x=-x; 
....................      sign=1; 
....................    } 
....................    if (x > 1.0) 
....................    { 
....................       *exp=(ceil(log10(x)*LOG2_INV)); 
....................       res=x/(pow(2, *exp)); 
....................       if (res == 1) 
....................       { 
....................          *exp=*exp+1; 
....................           res=.5; 
....................       } 
....................    } 
....................    else 
....................    { 
....................       if(x < 0.5) 
....................       { 
....................          *exp=-1; 
....................          res=x*2; 
....................       } 
....................       else 
....................       { 
....................          *exp=0; 
....................           res=x; 
....................       } 
....................    } 
....................    if(sign) 
....................    { 
....................       res=-res; 
....................    } 
....................    return res; 
.................... } 
....................  
.................... //Overloaded functions for frexp() for PCD 
.................... // Overloaded function frexp() for data type - Float48 
.................... #if defined(__PCD__) 
.................... float48 frexp(float48 x, signed int8 *exp) 
.................... { 
....................    float48 res; 
....................    int1 sign = 0; 
....................    if(x == 0.0) 
....................    { 
....................       *exp=0; 
....................       return (0.0); 
....................    } 
....................    if(x < 0.0) 
....................    { 
....................      x=-x; 
....................      sign=1; 
....................    } 
....................    if (x > 1.0) 
....................    { 
....................       *exp=(ceil(log10(x)*LOG2_INV)); 
....................       res=x/(pow(2, *exp)); 
....................       if (res == 1) 
....................       { 
....................          *exp=*exp+1; 
....................           res=.5; 
....................       } 
....................    } 
....................    else 
....................    { 
....................       if(x < 0.5) 
....................       { 
....................          *exp=-1; 
....................          res=x*2; 
....................       } 
....................       else 
....................       { 
....................          *exp=0; 
....................           res=x; 
....................       } 
....................    } 
....................    if(sign) 
....................    { 
....................       res=-res; 
....................    } 
....................    return res; 
.................... } 
....................  
.................... // Overloaded function frexp() for data type - Float64 
.................... float64 frexp(float64 x, signed int8 *exp) 
.................... { 
....................    float64 res; 
....................    int1 sign = 0; 
....................    if(x == 0.0) 
....................    { 
....................       *exp=0; 
....................       return (0.0); 
....................    } 
....................    if(x < 0.0) 
....................    { 
....................      x=-x; 
....................      sign=1; 
....................    } 
....................    if (x > 1.0) 
....................    { 
....................       *exp=(ceil(log10(x)*LOG2_INV)); 
....................       res=x/(pow(2, *exp)); 
....................       if (res == 1) 
....................       { 
....................          *exp=*exp+1; 
....................           res=.5; 
....................       } 
....................    } 
....................    else 
....................    { 
....................       if(x < 0.5) 
....................       { 
....................          *exp=-1; 
....................          res=x*2; 
....................       } 
....................       else 
....................       { 
....................          *exp=0; 
....................           res=x; 
....................       } 
....................    } 
....................    if(sign) 
....................    { 
....................       res=-res; 
....................    } 
....................    return res; 
.................... } 
.................... #endif 
....................  
.................... ////////////////////////////////////////////////////////////////////////////// 
.................... //   float ldexp(float x, signed int *exp) 
.................... ////////////////////////////////////////////////////////////////////////////// 
.................... // Description : multiplies a floating point number by an integral power of 2. 
.................... // Returns : returns the value of x times 2 raised to the power exp. 
.................... // Date : N/A 
.................... // 
....................  
.................... float32 ldexp(float32 value, signed int8 exp) 
.................... { 
....................    return (value * pow(2,exp)); 
.................... } 
.................... //Overloaded functions for ldexp() for PCD 
.................... // Overloaded function ldexp() for data type - Float48 
....................  
.................... #if defined(__PCD__) 
.................... float48 ldexp(float48 value, signed int8 exp) 
.................... { 
....................    return (value * pow(2,exp)); 
.................... } 
.................... // Overloaded function ldexp() for data type - Float64 
.................... float64 ldexp(float64 value, signed int8 exp) 
.................... { 
....................    return (value * pow(2,exp)); 
.................... } 
.................... #endif 
....................  
.................... #endif 
....................  
.................... #include<string.h> 
.................... //////////////////////////////////////////////////////////////////////////// 
.................... ////        (C) Copyright 1996,2008 Custom Computer Services            //// 
.................... //// This source code may only be used by licensed users of the CCS C   //// 
.................... //// compiler.  This source code may only be distributed to other       //// 
.................... //// licensed users of the CCS C compiler.  No other use, reproduction  //// 
.................... //// or distribution is permitted without written permission.           //// 
.................... //// Derivative programs created using this software in object code     //// 
.................... //// form are not restricted in any way.                                //// 
.................... //////////////////////////////////////////////////////////////////////////// 
....................  
.................... #ifndef _STRING 
.................... #define _STRING 
.................... #include <stddef.h> 
.................... #include <ctype.h> 
....................  
....................  
....................  
.................... ////////////////////////////////////////////// 
.................... //// Uncomment the following define to    //// 
.................... //// allow some functions to use a        //// 
.................... //// quicker algorithm, but use more ROM  //// 
.................... ////                                      //// 
.................... //// #define FASTER_BUT_MORE_ROM          //// 
.................... ////////////////////////////////////////////// 
....................  
....................  
....................  
.................... /*Copying functions*/ 
.................... /* standard template: 
....................    void *memmove(void *s1, void *s2, size_t n). 
....................    Copies max of n characters safely (not following ending '\0') 
....................    from s2 in s1; if s2 has less than n characters, appends 0 */ 
....................  
.................... unsigned char *memmove(void *s1,void *s2,size_t n) 
.................... { 
....................    unsigned char *sc1; 
....................    unsigned char *sc2; 
....................    sc1=s1; 
....................    sc2=s2; 
....................    if(sc2<sc1 && sc1 <sc2 +n) 
....................       for(sc1+=n,sc2+=n;0<n;--n) 
....................          *--sc1=*--sc2; 
....................    else 
....................       for(;0<n;--n) 
....................          *sc1++=*sc2++; 
....................   return s1; 
....................   } 
....................  
.................... /* Standard template: char *strcpy(char *s1, const char *s2) 
....................    copies the string s2 including the null character to s1. 
....................    This is a compiler built in to handle the different address 
....................    spaces */ 
....................  
.................... #define strcopy strcpy 
....................  
.................... /* standard template: 
....................    char *strncpy(char *s1, const char *s2, size_t n). 
....................    Copies max of n characters (not following ending '\0') 
....................    from s2 in s1; if s2 has less than n characters, appends 0 */ 
....................  
.................... unsigned char *strncpy(unsigned char *s1, unsigned char *s2, size_t n) 
.................... { 
....................   unsigned char *s; 
....................  
....................   for (s = s1; n > 0 && *s2 != '\0'; n--) 
....................      *s++ = *s2++; 
....................   for (; n > 0; n--) 
....................      *s++ = '\0'; 
....................  
....................   return(s1); 
.................... } 
.................... /***********************************************************/ 
....................  
.................... /*concatenation functions*/ 
.................... /* standard template: char *strcat(char *s1, const char *s2) 
.................... appends s2 to s1*/ 
....................  
.................... unsigned char *strcat(unsigned char *s1, unsigned char *s2) 
.................... { 
....................    unsigned char *s; 
....................  
....................    for (s = s1; *s != '\0'; ++s); 
....................    while(*s2 != '\0') 
....................    { 
....................       *s = *s2; 
....................       ++s; 
....................       ++s2; 
....................    } 
....................  
....................    *s = '\0'; 
....................    return(s1); 
.................... } 
.................... /* standard template: char *strncat(char *s1, char *s2,size_t n) 
.................... appends not more than n characters from s2 to s1*/ 
....................  
.................... unsigned char *strncat(unsigned char *s1, unsigned char *s2, size_t n) 
.................... { 
....................    unsigned char *s; 
....................  
....................    for (s = s1; *s != '\0'; ++s); 
....................    while(*s2 != '\0' && 0<n) 
....................    { 
....................       *s = *s2; 
....................       ++s; 
....................       ++s2; 
....................       --n; 
....................    } 
....................  
....................    *s = '\0'; 
....................    return(s1); 
.................... } 
....................  
.................... /***********************************************************/ 
....................  
....................  
.................... /*comparison functions*/ 
.................... /* standard template: signed int memcmp(void *s1, void *s2). 
....................    Compares s1 & s2; returns -1 if s1<s2, 0 if s1=s2, 1 if s1>s2 */ 
....................  
.................... signed int8 memcmp(void * s1,void *s2,size_t n) 
.................... { 
.................... unsigned char *su1, *su2; 
.................... for(su1=s1, su2=s2; 0<n; ++su1, ++su2, --n) 
.................... { 
....................    if(*su1!=*su2) 
....................       return ((*su1<*su2)?-1:1); 
.................... } 
.................... return 0; 
.................... } 
....................  
.................... /* standard template: int strcmp(const char *s1, const char *s2). 
....................    Compares s1 & s2; returns -1 if s1<s2, 0 if s1=s2, 1 if s1>s2 */ 
....................  
.................... signed int8 strcmp(unsigned char *s1, unsigned char *s2) 
.................... { 
....................    for (; *s1 == *s2; s1++, s2++) 
....................       if (*s1 == '\0') 
....................          return(0); 
....................    return((*s1 < *s2) ? -1: 1); 
.................... } 
.................... /* standard template: int strcoll(const char *s1, const char *s2). 
....................    Compares s1 & s2; returns -1 if s1<s2, 0 if s1=s2, 1 if s1>s2 */ 
....................  
.................... signed int8 strcoll(unsigned char *s1, unsigned char *s2) 
.................... { 
....................    for (; *s1 == *s2; s1++, s2++) 
....................       if (*s1 == '\0') 
....................          return(0); 
....................    return((*s1 < *s2) ? -1: 1); 
.................... } 
....................  
.................... /* standard template: 
....................    int strncmp(const char *s1, const char *s2, size_t n). 
....................    Compares max of n characters (not following 0) from s1 to s2; 
....................    returns same as strcmp */ 
....................  
.................... signed int8 strncmp(unsigned char *s1, unsigned char *s2, size_t n) 
.................... { 
....................    for (; n > 0; s1++, s2++, n--) 
....................       if (*s1 != *s2) 
....................          return((*s1 <*s2) ? -1: 1); 
....................       else if (*s1 == '\0') 
....................          return(0); 
....................    return(0); 
.................... } 
.................... /* standard template: 
....................    int strxfrm(const char *s1, const char *s2, size_t n). 
....................    transforms maximum of n characters from s2 and places them into s1, returns number of chars written ot s1. 
....................    if s1 is NULL and n is 0, then it returns the length of s2.*/ 
.................... size_t strxfrm(unsigned char *s1, unsigned char *s2, size_t n) 
.................... { 
....................    unsigned char c; 
....................    unsigned int8 n1; 
....................     
....................    if (!s1 && !n) 
....................       n = -1; //find length 
....................  
....................    n1 = 0; 
....................     
....................    for (; n1 < n; n1++) 
....................    { 
....................       c = *s2++; 
....................       if (!c) 
....................          break; 
....................       if (s1) 
....................          *s1++ = c; 
....................    } 
....................  
....................   return(n1); 
.................... } 
....................  
....................  
....................  
....................  
....................  
.................... /***********************************************************/ 
.................... /*Search functions*/ 
.................... /* standard template: void *memchr(const char *s, int c). 
....................    Finds first occurrence of c in n characters of s */ 
....................  
.................... unsigned char *memchr(void *s,unsigned int8 c,size_t n) 
.................... { 
....................    unsigned char uc; 
....................    unsigned char *su; 
....................    uc=c; 
....................    for(su=s;0<n;++su,--n) 
....................       if(*su==uc) 
....................       return su; 
....................    return NULL; 
.................... } 
....................  
.................... /* standard template: char *strchr(const char *s, int c). 
....................    Finds first occurrence of c in s */ 
....................  
.................... unsigned char *strchr(unsigned char *s, unsigned int8 c) 
.................... { 
....................    for (; *s != c; s++) 
....................       if (*s == '\0') 
....................          return(0); 
....................    return(s); 
.................... } 
.................... /* standard template: 
....................    size_t strcspn(const char *s1, const char *s2). 
....................    Computes length of max initial segment of s1 that 
....................    consists entirely of characters NOT from s2*/ 
....................  
.................... unsigned int8  strcspn(unsigned char *s1, unsigned char *s2) 
.................... { 
....................    unsigned char *sc1, *sc2; 
....................  
....................    for (sc1 = s1; *sc1 != 0; sc1++) 
....................       for (sc2 = s2; *sc2 != 0; sc2++) 
....................          if (*sc1 == *sc2) 
....................             return(sc1 - s1); 
....................    return(sc1 - s1); 
.................... } 
.................... /* standard template: 
....................    char *strpbrk(const char *s1, const char *s2). 
....................    Locates first occurence of any character from s2 in s1; 
....................    returns s1 if s2 is empty string */ 
....................  
.................... unsigned char *strpbrk(unsigned char *s1, unsigned char *s2) 
.................... { 
....................    unsigned char *sc1, *sc2; 
....................  
....................    for (sc1 = s1; *sc1 != 0; sc1++) 
....................       for (sc2 = s2; *sc2 != 0; sc2++) 
....................          if (*sc1 == *sc2) 
....................             return(sc1); 
....................    return(0); 
.................... } 
....................  
....................  
.................... /* standard template: char *strrchr(const char *s, int c). 
....................    Finds last occurrence of c in s */ 
....................  
.................... unsigned char *strrchr(unsigned char *s, unsigned int8 c) 
.................... { 
....................    unsigned char *p; 
....................  
....................    for (p = 0; ; s++) 
....................    { 
....................       if (*s == c) 
....................          p = s; 
....................       if (*s == '\0') 
....................          return(p); 
....................    } 
.................... } 
.................... /* computes length of max initial segment of s1 consisting 
....................    entirely of characters from s2 */ 
....................  
.................... unsigned int8  strspn(unsigned char *s1, unsigned char *s2) 
.................... { 
....................    unsigned char *sc1, *sc2; 
....................  
....................    for (sc1 = s1; *sc1 != 0; sc1++) 
....................       for (sc2 = s2; ; sc2++) 
....................     if (*sc2 == '\0') 
....................        return(sc1 - s1); 
....................          else if (*sc1 == *sc2) 
....................             break; 
....................    return(sc1 - s1); 
.................... } 
.................... /* standard template: 
....................    char *strstr(const char *s1, const char *s2); 
....................    Locates first occurence of character sequence s2 in s1; 
....................    returns 0 if s2 is empty string 
....................  
....................    Uncomment #define FASTER_BUT_MORE_ROM at the top of the 
....................    file to use the faster algorithm */ 
.................... unsigned char *strstr(unsigned char *s1, unsigned char *s2) 
.................... { 
....................    unsigned char *s, *t; 
....................  
....................    #ifdef FASTER_BUT_MORE_ROM 
....................    if (*s2 == '\0') 
....................          return(s1); 
....................    #endif 
....................  
....................    while (*s1) 
....................    { 
....................       for(s = s1, t = s2; *t && (*s == *t); ++s, ++t); 
....................  
....................       if (*t == '\0') 
....................          return s1; 
....................       ++s1; 
....................       #ifdef FASTER_BUT_MORE_ROM 
....................          while(*s1 != '\0' && *s1 != *s2) 
....................             ++s1; 
....................       #endif 
....................    } 
....................    return 0; 
.................... } 
....................  
.................... /* standard template: size_t strlen(const char *s). 
....................    Computes length of s1 (preceding terminating 0) */ 
....................  
.................... size_t strlen(unsigned char *s) 
.................... { 
....................    unsigned char *sc; 
....................  
....................    for (sc = s; *sc != 0; sc++); 
....................    return(sc - s); 
.................... } 
....................  
.................... /* standard template: char *strtok(char *s1, const char *s2). 
....................  
....................    Finds next token in s1 delimited by a character from separator 
....................    string s2 (which can be different from call to call).  First call 
....................    starts at beginning of s1 searching for first character NOT 
....................    contained in s2; returns 0 if none is found. 
....................    If one is found, it is the start of first token (return value). 
....................    Function then searches from there for a character contained in s2. 
....................    If none is found, current token extends to end of s1, and subsequent 
....................    searches for a token will return 0.  If one is found, it is 
....................    overwritten by '\0', which terminates current token.  Function saves 
....................    pointer to following character from which next search will start. 
....................    Each subsequent call, with 0 as first argument, starts searching 
....................    from saved pointer */ 
....................  
.................... unsigned char *strtok(unsigned char *s1, unsigned char *s2) 
.................... { 
....................    unsigned char *beg, *end; 
....................    static char *save; 
....................  
....................    beg = (s1)? s1: save; 
....................    beg += strspn(beg, s2); 
....................    if (*beg == '\0') 
....................       return(0); 
....................        
....................    end = strpbrk(beg, s2); 
....................    if (end != '\0') 
....................    { 
....................       *end = '\0'; 
....................       end++; 
....................       save = end; 
....................    } 
....................    else 
....................       save = beg + strlen(beg); 
....................     
....................    return(beg); 
.................... } 
....................  
.................... /*****************************************************************/ 
.................... /*Miscellaneous functions*/ 
.................... /* standard template 
.................... maps error number in errnum to an error message string 
.................... Returns: Pointer to string 
.................... */ 
.................... #ifdef _ERRNO 
.................... unsigned char * strerror(unsigned int8 errnum) 
.................... { 
.................... static unsigned char s[13]; 
.................... switch( errnum) 
.................... { 
.................... case 0: 
....................    strcpy(s,"no errors"); 
....................    return s; 
.................... case EDOM : 
....................    strcpy(s,"domain error"); 
....................    return s; 
.................... case ERANGE: 
....................    strcpy(s,"range error"); 
....................    return s; 
.................... } 
.................... } 
.................... #ENDIF 
....................  
.................... /* standard template: size_t stricmp(const char *s1, const char *s2). 
....................    Compares s1 to s2 ignoring case (upper vs. lower) */ 
....................  
.................... signed int8 stricmp(unsigned char *s1, unsigned char *s2) 
.................... { 
....................  for(; *s1==*s2||(isalpha(*s1)&&isalpha(*s2)&&(*s1==*s2+32||*s2==*s1+32)); 
....................     s1++, s2++) 
....................     if (*s1 == '\0') 
....................        return(0); 
....................  return((*s1 < *s2) ? -1: 1); 
.................... } 
....................  
....................  
.................... /* standard template: char *strlwr(char *s). 
....................    Replaces uppercase letters by lowercase; 
....................    returns pointer to new string s */ 
....................  
.................... unsigned char *strlwr(unsigned char *s) 
.................... { 
....................    unsigned char *p; 
....................  
....................    for (p = s; *p != '\0'; p++) 
....................       if (*p >= 'A' && *p <='Z') 
....................          *p += 'a' - 'A'; 
....................    return(s); 
.................... } 
....................  
.................... /* standard template: char *strupr(char *s). 
....................    Replaces lowercase letters by upercase; 
....................    returns pointer to new string s */ 
....................  
.................... unsigned char *strupr(unsigned char *s) 
.................... { 
....................    unsigned char *p; 
....................  
....................    for (p = s; *p != '\0'; p++) 
....................       if (*p >= 'a' && *p <='z') 
....................          *p -= 'a' - 'A'; 
....................    return(s); 
.................... } 
....................  
....................  
.................... /************************************************************/ 
....................  
....................  
.................... #endif 
....................  
.................... #include<ctype.h> 
.................... //////////////////////////////////////////////////////////////////////////// 
.................... ////        (C) Copyright 1996,2003 Custom Computer Services            //// 
.................... //// This source code may only be used by licensed users of the CCS C   //// 
.................... //// compiler.  This source code may only be distributed to other       //// 
.................... //// licensed users of the CCS C compiler.  No other use, reproduction  //// 
.................... //// or distribution is permitted without written permission.           //// 
.................... //// Derivative programs created using this software in object code     //// 
.................... //// form are not restricted in any way.                                //// 
.................... //////////////////////////////////////////////////////////////////////////// 
....................  
.................... #ifndef _CTYPE 
.................... #define _CTYPE 
....................  
.................... #define islower(x)  isamong(x,"abcdefghijklmnopqrstuvwxyz") 
.................... #define isupper(x)  isamong(x,"ABCDEFGHIJKLMNOPQRSTUVWXYZ") 
.................... #define isalnum(x)  isamong(x,"0123456789ABCDEFGHIJKLMNOPQRSTUVWXYZabcdefghijklmnopqrstuvwxyz") 
.................... #define isalpha(x)  isamong(x,"ABCDEFGHIJKLMNOPQRSTUVWXYZabcdefghijklmnopqrstuvwxyz") 
.................... #define isdigit(x)  isamong(x,"0123456789") 
.................... #define isspace(x)  ((x)==' ') 
.................... #define isxdigit(x) isamong(x,"0123456789ABCDEFabcdef") 
.................... #define iscntrl(x)  ((x)<' ') 
.................... #define isprint(x)  ((x)>=' ') 
.................... #define isgraph(x)  ((x)>' ') 
.................... #define ispunct(x)  (((x)>' ')&&!isalnum(x)) 
....................  
.................... #endif 
....................  
....................  
....................  
.................... #include "MAPA_DATA_EEPROM.h" 
.................... /*  
....................  * File:   mapa_eeprom.h 
....................  * Author: Leonardo 
....................  * 
....................  * Created on 10 de Julho de 2019, 10:57 
....................  */ 
....................  
.................... #ifndef MAPA_EEPROM_H 
.................... #define	MAPA_EEPROM_H 
....................  
.................... #define OFFSET_CAL_ADDRESS 10  // endereco de offset_cal na eeprom 
.................... #define DEVICE_CALIBRATED_ADDRESS 0 // endereco do status de calibracao 
.................... #define BAUD_RATE_ADDRESS 1  // armazena o valor do BAUD_RATE do MODO UART 
....................                  
.................... /*MAPA E2PROM 
....................  * config_fabrica       0   1 byte      uint8 
....................  * operation            1   1 byte      uint8       
....................  * i2c_address          2   1 byte      uint8 
....................  
....................  * device_calibrated    DEVICE_CALIBRATED_ADDRESS   1 byte         unsigned int8 
....................  * baud_rate            BAUD_RATE_ADDRESS           2 bytes        unsigned int16 
....................  * offset_cal           DEVICE_CALIBRATED_ADDRESS   4 bytes  float32 e unsigned int8 (union) 
....................  *  
....................  */ 
....................  
....................  
....................  
....................  
....................  
.................... #endif	/* MAPA_EEPROM_H */ 
....................  
....................  
.................... #include "pic_orp_atlas_emu.h" 
.................... /*  
....................  * File:   pic_orp_atlas_emu.h 
....................  * Author: Leonardo 
....................  * 
....................  * Created on 17 de Junho de 2019, 16:35 
....................  */ 
....................  
....................  
.................... #ifndef PIC_ORP_ATLAS_EMU_H 
.................... #define	PIC_ORP_ATLAS_EMU_H 
....................  
....................  
.................... // #define debug /*depuracao*/ 
....................  
.................... #use delay(internal=16MHZ,restart_wdt) // CPU rodando em 16MHZ (clock interno); WDT sempre é resetado duranto o uso das funcoes delay built in 
*
07E1:  MOVLW  21
07E2:  MOVWF  05
07E3:  MOVLW  0F
07E4:  MOVWF  04
07E5:  MOVF   00,W
07E6:  BTFSC  03.2
07E7:  GOTO   7F9
07E8:  MOVLW  05
07E9:  MOVWF  78
07EA:  MOVLW  BF
07EB:  MOVWF  77
07EC:  CLRWDT
07ED:  DECFSZ 77,F
07EE:  GOTO   7EC
07EF:  DECFSZ 78,F
07F0:  GOTO   7EA
07F1:  MOVLW  2E
07F2:  MOVWF  77
07F3:  DECFSZ 77,F
07F4:  GOTO   7F3
07F5:  NOP
07F6:  CLRWDT
07F7:  DECFSZ 00,F
07F8:  GOTO   7E8
07F9:  RETURN
....................  
.................... // configuracoes de hardware do PIC (fuses) 
.................... #fuses PUT, RSTOSC_HFINTRC // POR 
.................... #fuses WRT, PROTECT, CPD, NOLVP // Proteção das Memórias   
.................... #fuses BROWNOUT,BORV27 // BOR- Brown out ativo com V_brow_out= 2.7 V (abaixo de V_brow_out ele fica no Reset) 
.................... #fuses WDT_NOSL // WhatDogTimer (WTD) 
.................... #fuses NOMCLR // MASTER CLEAR (MCLR)  
....................  
.................... // Descrição fuses do PIC16F18326 que estão configurados  
.................... /*  
.................... PUT             // Power Up Timer 
.................... RSTOSC_HFINTRC   // On Power-up clock running from HFINTRC 
....................  *  
.................... WRT            //  Program Memory Write Protected 
.................... PROTECT        //  Code protected from reads 
.................... CPD             // Data EEPROM Code Protected 
.................... NOLVP           // No low voltage programing, B3(PIC16) or B5(PIC18) used for I/O 
....................  *  
.................... NOMCLR           //Master Clear pin used for I/O 
....................  *  
.................... WDT_NOSL //  Watch Dog Timer enable, except during SLEEP 
....................  *  
.................... */  
....................  
....................  
.................... /* 
....................  Def para acesso dos registradores do PIC (ambiente CCS) ; Obs: Alterar alguns desses bits do registrador(diretamente) pode sobreescrever os FUSES se não tomar cuidado 
....................  */ 
.................... #byte TRISA= getenv("SFR:TRISA") // registrador que define se os pinos do PORTA são Digital input ou  Digital output 
.................... #bit  TRISA1= TRISA.1  
.................... #bit  TRISA2= TRISA.2 
....................  
....................  
.................... #byte PORTA= getenv("SFR:PORTA") // registrador para leitura do estado atual dos pinos do PORTA (pode ser usado para escrita, igual ao LATA) 
.................... #bit  PORTA1= PORTA.1  
....................  
.................... #byte LATA=getenv("SFR:LATA") // registrador que altera as saídas nos pinos digitais do PORTA(caso seja input muda a semântica desse registrador) 
.................... #bit  LATA1= LATA.1  
....................  
.................... #byte FVRCON =getenv("SFR:FVRCON") // FIXED VOLTAGE REFERENCE CONTROL REGISTER 
....................  
.................... /* bit 7 FVREN: Fixed Voltage Reference Enable bit bit 7 FVREN: Fixed Voltage Reference Enable bit 
.................... 1 = Fixed Voltage Reference is enabled 
.................... 0 = Fixed Voltage Reference is disabled 
.................... */ 
.................... #bit  FVREN = FVRCON.7  
....................     
.................... /* 
.................... bit 5 TSEN: Temperature Indicator Enable bit(3) 
.................... 1 = Temperature Indicator is enabled 
.................... 0 = Temperature Indicator is disabled 
.................... */ 
.................... #bit  TSEN = FVRCON.5 
.................... /* 
.................... bit 4 TSRNG: Temperature Indicator Range Selection bit(3) 
.................... 1 => VOUT = VDD - 4VT (High Range) 
.................... 0 => VOUT = VDD - 2VT (Low Range) 
....................  *  
....................  Para TEMPERATURE INDICATOR MODULE 
....................  TSRNG = 1 => Min. VDD  3.6V 
....................  TSRNG = 0 => Min. VDD, 1.8V 
.................... ///////////////////////////////////////////////////////////////////////////// 
.................... */ 
.................... #bit  TSRNG = FVRCON.4 
....................  
.................... /* 
.................... bit 1-0 ADFVR<1:0>: ADC FVR Buffer Gain Selection bit 
.................... 11 = ADC FVR Buffer Gain is 4x, (4.096V)(2) 
.................... 10 = ADC FVR Buffer Gain is 2x, (2.048V)(2) 
.................... 01 = ADC FVR Buffer Gain is 1x, (1.024V) 
.................... 00 = ADC FVR Buffer is off 
.................... */ 
.................... #bit ADFVR_bit1= FVRCON.1 
.................... #bit ADFVR_bit0= FVRCON.0 
....................  
.................... // REGISTRADORES PARA DESABILITAR\HABILITAR OS MÓDULOS DO PIC ( all modules are ON by default following any Reset.) : (CAP 14 datasheet) 
....................  
....................  
.................... #byte PMD0 = getenv("SFR:PMD0") //PMD0: PMD CONTROL REGISTER 0 
.................... /* 
.................... bit 7 SYSCMD: Disable Peripheral System Clock Network bit 
.................... See description in Section 14.3 ?System Clock Disable?. 
....................  
.................... 1 = System Clock network disabled (a.k.a. FOSC) 
.................... 0 = System Clock network enabled 
.................... */ 
.................... #bit  SYSCMD = PMD0.7 
.................... /* 
.................... bit 6 FVRMD: Disable Fixed Voltage Reference FVR bit 
.................... 1 = FVR module disabled 
.................... 0 = FVR module enabled 
.................... */ 
.................... #bit  FVRMD = PMD0.6 
.................... // bit 5-3 Unimplemented: Read as ?0? 
....................  
....................  /* bit 2 NVMMD: NVM Module Disable bit(1) 
.................... 1 = Data EEPROM (a.k.a. user memory, EEPROM) reading and writing is disabled; NVMCON 
.................... registers cannot be written; FSR access to EEPROM returns zero. 
.................... 0 = NVM module enabled 
.................... */ 
.................... #bit NVMMD = PMD0.2 
....................  
....................  /* bit 1 CLKRMD: Disable Clock Reference CLKR bit 
.................... 1 = CLKR module disabled 
.................... 0 = CLKR module enabled */ 
.................... #bit CLKRMD = PMD0.1 
....................  
.................... /* bit 0 IOCMD: Disable Interrupt-on-Change bit, All Ports 
.................... 1 = IOC module(s) disabled 
.................... 0 = IOC module(s) enabled */ 
.................... #bit IOCMD = PMD0.0 
....................  
.................... // Note 1: When enabling NVM, a delay of up to 1 ?s may be required before accessing data. 
.................... //////////////////////////////////////////////////////// 
....................  
.................... #byte PMD1 = getenv("SFR:PMD1") //PMD1: PMD CONTROL REGISTER 1 
.................... /* bits PMD1: 
.................... 1 = module disabled 
.................... 0 = module enabled */ 
....................  
.................... #bit NCOMD =  PMD1.7 //bit 7 NCOMD: Disable Numerically Control Oscillator bit 
.................... #bit TMR6MD = PMD1.6 //bit 6 TMR6MD: Disable Timer TMR6 bit 
.................... #bit TMR5MD = PMD1.5 //bit 5 TMR5MD: Disable Timer TMR5 bit 
.................... #bit TMR4MD = PMD1.4 //bit 4 TMR4MD: Disable Timer TMR4 bit 
.................... #bit TMR3MD = PMD1.3 //bit 3 TMR3MD: Disable Timer TMR3 bit 
.................... #bit TMR2MD = PMD1.2 //bit 2 TMR2MD: Disable Timer TMR2 bit 
.................... #bit TMR1MD = PMD1.1 //bit 1 TMR1MD: Disable Timer TMR1 bit 
.................... #bit TMR0MD = PMD1.0 //bit 0 TMR0MD: Disable Timer TMR0 bit 
....................  
.................... #byte PMD2 =  getenv("SFR:PMD2") //PMD2: PMD CONTROL REGISTER 2 
.................... /* bits PMD2: 
.................... 1 = module disabled 
.................... 0 = module enabled */ 
....................  
.................... //bit 7 Unimplemented: Read as ?0? 
.................... #bit DACMD = PMD2.6 //bit 6 DACMD: Disable DAC bit 
.................... #bit ADCMD = PMD2.5 //bit 5 ADCMD: Disable ADC bit 
.................... //bit 4-3 Unimplemented: Read as ?0? 
.................... #bit CMP2MD = PMD2.2 //bit 2 CMP2MD: Disable Comparator C2 bit 
.................... #bit CMP1MD = PMD2.1 //bit 1 CMP1MD: Disable Comparator C1 bit 
.................... //bit 0 Unimplemented: Read as ?0? 
....................  
....................  
.................... #byte PMD3 = getenv("SFR:PMD3") //PMD3: PMD CONTROL REGISTER 3 
.................... /* bits PMD3: 
.................... 1 = module disabled 
.................... 0 = module enabled */ 
....................  
.................... #bit CWG2MD = PMD3.7     //bit 7 CWG2MD: Disable CWG2 bit 
.................... #bit CWG1MD = PMD3.6     //bit 6 CWG1MD: Disable CWG1 bit 
.................... #bit PWM6MD = PMD3.5     //bit 5 PWM6MD: Disable PWM6 bit 
.................... #bit PWM5MD = PMD3.4     //bit 4 PWM5MD: Disable PWM5 bit 
.................... #bit CCP4MD = PMD3.3     //bit 3 CCP4MD: Disable CCP4 bit 
.................... #bit CCP3MD = PMD3.2     //bit 2 CCP3MD: Disable CCP3 bit 
.................... #bit CCP2MD = PMD3.1     //bit 1 CCP2MD: Disable CCP2 bit 
.................... #bit CCP1MD = PMD3.0     //bit 0 CCP1MD: Disable CCP1 bit 
....................  
.................... #byte PMD4 = getenv("SFR:PMD4") //PMD4: PMD CONTROL REGISTER 4 
.................... /* bits PMD4: 
.................... 1 = module disabled 
.................... 0 = module enabled */ 
....................  
.................... //bit 7-6 Unimplemented: Read as ?0? 
.................... #bit UART1MD = PMD4.5  //bit 5 UART1MD: Disable EUSART1 bit 
.................... //bit 4-3 Unimplemented: Read as ?0? 
.................... #bit MSSP2MD = PMD4.2     //bit 2 MSSP2MD: Disable MSSP2 bit 
.................... #bit MSSP1MD = PMD4.1     //bit 1 MSSP1MD: Disable MSSP1 bit 
.................... //bit 0 Unimplemented: Read as ?0? 
....................  
....................  
.................... #byte PMD5 = getenv("SFR:PMD5") //PMD5: PMD CONTROL REGISTER 5 
.................... /* bits PMD5: 
.................... 1 = module disabled 
.................... 0 = module enabled */ 
.................... //bit 7-5 Unimplemented: Read as ?0? 
.................... #bit CLC4MD = PMD5.4   //bit 4 CLC4MD: Disable CLC4 bit 
.................... #bit CLC3MD = PMD5.3   //bit 3 CLC3MD: Disable CLC3 bit 
.................... #bit CLC2MD = PMD5.2    //bit 2 CLC2MD: Disable CLC2 bit 
.................... #bit CLC1MD = PMD5.1     //bit 1 CLC1MD: Disable CLC1 bit 
.................... #bit DSMMD = PMD5.0      //bit 0 DSMMD: Disable Data Signal Modulator bit 
....................  
....................  
.................... ////////////////////////////////////////////////////////////////////////////////////////////////////////////////////////////// 
.................... ////////////////////////////////////////////////////////////////////////////////////////////////////////////////////////////// 
.................... ////////////////////////////////////////////////////////////////////////////////////////////////////////////////////////////// 
....................  
....................  
.................... #define VERSAO_FIRMWARE 1.0 
.................... #define BUF_SIZE 40 // tamanho dos Buffers do I2C1 
.................... #define PIC_ADDRESS  0xC4// endereco padrão da I2C1 do pic Modo Slave (endereco em 7 bits) 0x62; As funcoes CCS usam endereco na forma 8 bits 0x62<<1= 0xC4 
.................... #define LED_PIN PIN_A1 // pino onde está conectado o LED pino 12 RA1 
.................... #define LED_STATUS  PIN_A1 
.................... #define TAM_MAX  25 
....................  
.................... #define LEN_MAX_CMD 7 // o numero maximo de caracteres dos comandos da lista_comandos  ( não contando '\0') para comandos da forma : "CMD" 
.................... #define LEN_MAX_CMD2 5  // tamanho max do cmd2 ( não contando '\0') para um comando da forma CMD,CMD2,VALOR 
.................... #define LEN_MAX_VALOR 28 // tamanho max de  valor (não contando '\0') para comandos da forma CMD,VALOR ouu CMD,CMD2,VALOR pode variar, mas não passara de 20 
....................  
.................... // Macros de reset dos buffers do I2C1 (buffers não físicos) 
.................... #define RESET_out_buffer  for(int i = 0; i <= BUF_SIZE; i++) out_buffer[i] =0;  // reseta o buffer de entrada do I2C1 
.................... #define RESET_in_buffer   for(int i = 0; i <= BUF_SIZE; i++) in_buffer[i] =0;  // reseta o buffer de saida do I2C1 
.................... #define RESET_out_buffers for(int i = 0; i <= BUF_SIZE; i++) { out_buffer[i] =0; if(i<=LEN_MAX_CMD)CMD[i] =0; if(i<=LEN_MAX_CMD2) CMD2[i] =0; if(i<=LEN_MAX_VALOR)VALOR[i]=0;} // reseta os buffers de entrada e saída do PIC (modo Slave) 
....................  
....................  
.................... // associando os pinos do pic com a funcao que ele desempenha ( #pin_select) para uso da I2C1 
.................... // PPS do PIC 
....................  #pin_select SCL1IN=PIN_C0  
....................  #pin_select SCL1OUT=PIN_C0 // Modo slave não controla clock 
....................  #pin_select SDA1IN=PIN_C1 
....................  #pin_select SDA1OUT=PIN_C1 
.................... /*configura a I2C1(MSSP1) para o modo slave, com endereco PIC_ADDRESS,  usando hardware I2C  
....................  functions(FORCE_HW). Uma ID= I2C_PIC_SLAVE  representa o canal(stream) i2c criado  
....................  A i2c é iniciado com i2c_init() (NOINIT) , 
....................  restart_wdt=> Restart the WDT while waiting in I2C_READ  
....................  */  
.................... #use i2c(SLAVE, I2C1, address= PIC_ADDRESS , stream= I2C_PIC_SLAVE, NOINIT,FORCE_HW, restart_wdt)  
*
0075:  MOVF   2B,W
0076:  MOVWF  11
0077:  BSF    15.4
0078:  MOVLB  00
0079:  BCF    11.3
007A:  MOVLB  04
007B:  BTFSC  14.0
007C:  GOTO   07B
007D:  CLRF   78
007E:  BTFSS  16.6
007F:  INCF   78,F
....................  
.................... /* 
.................... #pin_select U1TX= PIN_A4 // PIN_C1 SDA/TX 
.................... #pin_select U1RX= PIN_A5 // PIN_C0 SCL/RX 
.................... #use rs232(baud=9600, xmit = PIN_A4 , rcv = PIN_A5, bits=8 , stream= UART_PIC ,NOINIT) 
....................  
.................... */ 
....................  
.................... // C5 SDA MCP 
.................... // C4 SCL MCP 
....................  
.................... //unsigned int8 tamanho = 0; 
.................... char in_buffer[BUF_SIZE+1]; // buffer de recepcao de dados vindos do Master para o PIC 
.................... char out_buffer[BUF_SIZE+1]; // buffer de saida dados do slave(PIC) para o master 
....................  
.................... char CMD[LEN_MAX_CMD +1]={}; 
.................... char CMD2[LEN_MAX_CMD2+1]={}; 
.................... char VALOR[LEN_MAX_VALOR+1]={} ; 
....................  
....................  
.................... // unsigned int8  index_in_buffer_uart =0;  
....................  
.................... unsigned int1  lendo_str_master = FALSE ; // indica se o PIC está preenchendo in_buffer (I2C) 
.................... unsigned int8  index_out_buffer; 
.................... unsigned int8  index_in_buffer ; 
.................... unsigned int1  FIND_exe= FALSE ;// status do comando FIND (se está executando é TRUE) 
.................... unsigned int1  SLEEP_exe= FALSE ; // // status do comando SLEEP 
.................... unsigned int8  device_calibrated ; // indica se o dispositivo está calibrado ou não TRUE= Calibrado; FALSE= Não calibrado 
....................  
.................... int8 Reason_for_restart ; // indica a causa do ultimo restart do PIC 
....................  
....................  
.................... typedef enum {cmd_err, cmd_Baud ,cmd_Cal, cmd_Export, cmd_Factory, cmd_Find, cmd_i, cmd_I2c, cmd_Import, cmd_L, cmd_Plock, cmd_R, cmd_Sleep, cmd_Slope,cmd_Status} comandos; 
.................... char lista_comandos[15][LEN_MAX_CMD +1]= {"ERR","BAUD","CAL","EXPORT","FACTORY","FIND","I","I2C","IMPORT","L","PLOCK","R","SLEEP","SLOPE","STATUS"} ; 
....................  
....................  
.................... void config_PIC(void) ; 
.................... void disable_Modulos_PIC(void); 
.................... void renable_Modulos_PIC(void); 
....................  
.................... /* 
....................  Faz o parseamento de in_buffer, conforme o protocolo definido abaixo: 
....................  in_buffer pode ser da forma "CMD", "CMD,VALOR" ou "CMD,CMD2,VALOR" 
....................  Monta as string CMD(comando), CMD2(comando secundário (nem todos os comandos tem um CMD2) ) e VALOR( parâmetro de algum comando) 
....................  Obs: o separador padrão é ',' mas pode ser alterado para separador=%c 
....................  retorna TRUE se o parseamento foi correto (nº esperado de separadores) 
....................  retorna FALSE se o parseamento foi inválido(erro de sintaxe) (nº inesperado de separadores) 
....................  */ 
.................... int1 parsing_in_buffer(char *rcv_buffer) ;  
....................  
.................... /* Retorna qual  comando(CMD) foi enviado pelo usuário 
....................  O retorno é um valor de enum comandos 
....................  */ 
.................... int8 identifica_comando( char * comando) ; 
....................  
.................... void monta_out_buffer( int8 num_comando ) ; // monta o vetor out_buffer de resposta as requisicoes do mestre 
....................  
....................  
.................... /* 
....................  Variáveis e definições ANORP 
....................  */ 
....................  
....................  union float32_eeprom  
....................     { 
....................         float32  valor; // float 
....................         unsigned int8 valor_byte[4]; // bytes do float onde MSB valor_byte[0] e LSB é valor_byte[3] 
....................      }  ; 
....................  
.................... union float32_eeprom offset_cal; //valor  do offset usado na calibracao do eletrodo de ORP (Salvo na eeprom) 
....................  
....................  
....................  /* 
....................  Protótipos das funções do ANORP 
....................  */ 
....................  
.................... int1 isStr_float(char *str_teste) ;// verifica se uma string representa um float válido 
.................... float32 get_orp_value_mV(void) ; 
....................  
....................  
.................... void ANORP_R(void) ; // retorna uma única leitura do valor de ph (%.2f)  
.................... void ANORP_FIND(void); //Find: LED rapidly blinks white, used to help find device 
.................... void ANORP_L(void); // LED CONTROL 
.................... void ANORP_i(void); // retorna device information para o usuario 
.................... void ANORP_STATUS(void) ; //  Status voltage at Vcc pin and reason for last restart 
.................... void ANORP_SLEEP(void) ; // Placa entre em modo Sleep 
.................... void ANORP_CAL(void); // 
.................... void ANORP_FACTORY(void);// 
.................... /* */ 
....................  
....................  
....................  
.................... #ifndef debug 
....................  
.................... //////////////////// Driver for MCP3421 A/D Converter /////////////////// 
.................... ////                                                                 //// 
.................... ////  adc_init() - initializes the MCP3421, call after power up      //// 
.................... ////                                                                 //// 
.................... ////  read_adc_mcp3421() - initiates a conversion and reads adc,     //// 
.................... ////                       returns raw reading.                      //// 
.................... ////                                                                 //// 
.................... ////  read_adc_volts_mcp3421() - initiates a conversion and read     //// 
.................... ////                             adc, returns voltage as float       //// 
.................... ////                             (-2.048 to 2.048).                  //// 
.................... ////                                                                 //// 
.................... ////  Defines used to setup MCP3421:                                 //// 
.................... ////                                                                 //// 
.................... ////    MCP3421_SCL  - specifies the I2C clock pin to use, default   //// 
.................... ////                   if not specified is PIN_C3.                   //// 
.................... ////                                                                 //// 
.................... ////    MCP3421_SDA  - specifies the I2C data pin to use, default if //// 
.................... ////                   not specified is PIN_C4.                      //// 
.................... ////                                                                 //// 
.................... ////    MCP3421_MODE - specifies the mode to use, default if not     //// 
.................... ////                   specified is MCP3421_CONTINUOUS.  Valid       //// 
.................... ////                   options are:                                  //// 
.................... ////                     MCP3421_CONTINUOUS                          //// 
.................... ////                     MCP3421_ONE_SHOT                            //// 
.................... ////                                                                 //// 
.................... ////    MCP3421_BITS - specifies the number of conversion bits to    //// 
.................... ////                   use, default if not specified is              //// 
.................... ////                   MCP3421_18BITS.  Valid options are:           //// 
.................... ////                     MCP3421_18BITS                              //// 
.................... ////                     MCP3421_16BITS                              //// 
.................... ////                     MCP3421_14BITS                              //// 
.................... ////                     MCP3421_12BITS                              //// 
.................... ////                                                                 //// 
.................... ////    MCP3421_GAIN - specifies the PGA gain to use, default if not //// 
.................... ////                   specified is MCP3421_1X_GAIN.  Valid options  //// 
.................... ////                   are:                                          //// 
.................... ////                     MCP3421_8X_GAIN                             //// 
.................... ////                     MCP3421_4X_GAIN                             //// 
.................... ////                     MCP3421_2X_GAIN                             //// 
.................... ////                     MCP3421_1X_GAIN                             //// 
.................... ////                                                                 //// 
.................... ////    MCP3421_ADDRESS - specifies the address of MCP3421 devices,  //// 
.................... ////                      default if not specified is 0.  Valid      //// 
.................... ////                      options are 0-7.                           //// 
.................... ////                                                                 //// 
.................... ////    USE_HW_I2C - specifies that the MCP3421_SCL and MCP3421_SDA  //// 
.................... ////                 pins are HW I2C pins and to use PIC's HW I2C    //// 
.................... ////                 peripheral.                                     //// 
.................... ////                                                                 //// 
.................... ///////////////////////////////////////////////////////////////////////// 
.................... ////        (C) Copyright 1996,2013 Custom Computer Services         //// 
.................... //// This source code may only be used by licensed users of the CCS  //// 
.................... //// C compiler.  This source code may only be distributed to other  //// 
.................... //// licensed users of the CCS C compiler.  No other use,            //// 
.................... //// reproduction or distribution is permitted without written       //// 
.................... //// permission.  Derivative programs created using this software    //// 
.................... //// in object code form are not restricted in any way.              //// 
.................... ///////////////////////////////////////////////////////////////////////// 
....................  
.................... #define MCP3421_CONTINUOUS 0x10 
.................... #define MCP3421_ONE_SHOT   0x00 
....................  
.................... #define MCP3421_18BITS     0x0C 
.................... #define MCP3421_16BITS     0x08 
.................... #define MCP3421_14BITS     0x04 
.................... #define MCP3421_12BITS     0x00 
....................  
.................... #define MCP3421_8X_GAIN    0x03 
.................... #define MCP3421_4X_GAIN    0x02 
.................... #define MCP3421_2X_GAIN    0x01 
.................... #define MCP3421_1X_GAIN    0x00 
....................  
.................... #define MCP3421_DEVICE_CODE       0xD0 
.................... #define MCP3421_START_CONVERSTION 0x80 
....................  
.................... #ifndef MCP3421_SCL 
....................  #define MCP3421_SCL  PIN_C4 
.................... #endif 
....................  
.................... #ifndef MCP3421_SDA 
....................  #define MCP3421_SDA  PIN_C5 
.................... #endif 
....................  
....................  
.................... #ifndef MCP3421_MODE 
....................  #define MCP3421_MODE /*MCP3421_ONE_SHOT*/ MCP3421_CONTINUOUS 
.................... #endif 
....................  
.................... #ifndef MCP3421_BITS 
....................  #define MCP3421_BITS MCP3421_18BITS 
.................... #endif 
....................  
.................... #ifndef MCP3421_GAIN 
....................  #define MCP3421_GAIN MCP3421_1X_GAIN 
.................... #endif 
....................  
.................... #ifndef MCP3421_ADDRESS 
....................  #define MCP3421_ADDRESS 0 // endereco MCP3421 0x68=> 0xD0|0x00<<1  ;   
.................... #endif 
....................  
....................  
....................  #pin_select SCL2IN = MCP3421_SCL  
....................  #pin_select SCL2OUT = MCP3421_SCL 
....................  #pin_select SDA2IN = MCP3421_SDA 
....................  #pin_select SDA2OUT = MCP3421_SDA 
....................  
....................  
.................... #use i2c(MASTER,FAST,SCL=MCP3421_SCL, SDA=MCP3421_SDA, stream= MCP3421_STREAM,NOINIT, restart_wdt) 
*
00EC:  MOVLB  04
00ED:  BCF    1D.7
00EE:  MOVLB  00
00EF:  BCF    12.3
00F0:  MOVLB  03
00F1:  MOVF   67,W
00F2:  MOVLB  04
00F3:  MOVWF  19
00F4:  MOVLW  02
00F5:  BTFSC  1D.7
00F6:  GOTO   0FE
00F7:  MOVLB  00
00F8:  BTFSS  12.3
00F9:  GOTO   0F8
00FA:  MOVLW  00
00FB:  MOVLB  04
00FC:  BTFSC  1E.6
00FD:  MOVLW  01
00FE:  MOVWF  78
00FF:  MOVLB  00
0100:  RETURN
*
069E:  MOVLB  04
069F:  BCF    1D.6
06A0:  BSF    1E.3
06A1:  BTFSC  1E.3
06A2:  GOTO   6A1
06A3:  BTFSC  77.0
06A4:  BCF    1E.5
06A5:  BTFSS  77.0
06A6:  BSF    1E.5
06A7:  BSF    1E.4
06A8:  BTFSC  1E.4
06A9:  GOTO   6A8
06AA:  MOVF   19,W
06AB:  MOVWF  78
06AC:  MOVLB  00
06AD:  RETURN
....................  
....................  
.................... /* Protótipos*/ 
.................... void adc_init(unsigned int8 address=MCP3421_ADDRESS) ; 
....................  
.................... #if MCP3421_BITS == MCP3421_18BITS 
.................... signed int32 read_adc_mcp3421(unsigned int8 address=MCP3421_ADDRESS) ; 
.................... #else 
.................... signed int16 read_adc_mcp3421(unsigned int8 address=MCP3421_ADDRESS) ; 
.................... #endif 
....................  
.................... float32 read_adc_volts_mcp3421(unsigned int8 address=MCP3421_ADDRESS) ; 
....................  
.................... #endif // debug 
....................  
.................... #endif	/* PIC_ORP_ATLAS_EMU_H */ 
....................  
....................  
....................  
.................... //------------------Serial data receive interrupt-------------------------------------------------  
....................  
.................... /* 
.................... #INT_RDA  
.................... void  RDA_isr(void)  
.................... {    
....................    if(index_in_buffer_uart<=BUF_SIZE) { 
....................          
....................        
....................     if ( ( in_buffer[index_in_buffer_uart++]= getc() ) =='\0')  
....................   
....................     {    
....................         index_in_buffer_uart =0;  
....................         flag_monta_out_buffer=TRUE;  
....................          
....................     }  
....................        
....................    } 
....................  
....................    else index_in_buffer_uart =0; // retorna o index no inicio do vetor (sobreescreve o BUFFER) 
....................             
.................... }  
....................  
.................... */ 
....................  
.................... #INT_SSP // interrupcao I2C1 ( dispara a cada dado recebido ou dado enviado por SSP, chamando SSP_isr_slave ) 
.................... void SSP_isr_slave(void) // ISR associado a interrupcao INT_SSP  
.................... { 
....................  
....................      
....................    unsigned int8 state; 
....................    state = i2c_isr_state(I2C_PIC_SLAVE); 
*
0041:  MOVLB  04
0042:  BTFSC  14.5
0043:  GOTO   047
0044:  CLRF   75
0045:  BTFSC  14.2
0046:  BSF    75.7
0047:  MOVF   75,W
0048:  INCF   75,F
0049:  MOVWF  28
....................         
.................... if(state == 0x00 ) /*recebou o endereco do master( bit R/W =0 escrita), slave ira armazenar os dados vindos pelo master*/ 
004A:  MOVF   28,F
004B:  BTFSS  03.2
004C:  GOTO   05E
....................     {  
....................       i2c_read(I2C_PIC_SLAVE);  
004D:  BCF    15.6
004E:  BTFSS  14.0
004F:  GOTO   04E
0050:  MOVF   11,W
0051:  BSF    15.4
....................       index_in_buffer=0;  
0052:  CLRF   72
....................        
....................  
....................       if( FIND_exe==FALSE ) {lendo_str_master = TRUE ;  out_buffer[0]= 254 ; }                  // Response code: 254 still processing, not ready (exceto quando FIND está executando e está esperando um caracter da I2C para finalizar o comando) 
0053:  BTFSC  70.1
0054:  GOTO   05B
0055:  BSF    70.0
0056:  MOVLW  FE
0057:  MOVLB  00
0058:  MOVWF  57
0059:  GOTO   05D
005A:  MOVLB  04
....................       else out_buffer[0]= 0; // limpa a resposta anterior do FIND  
005B:  MOVLB  00
005C:  CLRF   57
005D:  MOVLB  04
....................        // isso evita que o caracter de saida (lixo) do FIND ou Sleep (ou algum outro) seja analisado 
....................             
.................... } 
....................     
.................... if(state == 0x80)  { i2c_read(I2C_PIC_SLAVE,2); index_out_buffer=0 ; }// recebeu o endereco do master (bit R/W =1 leitura), slave deve responder a requisicao de leitura do master; e reinicia o indice do buffer tbm          
005E:  MOVF   28,W
005F:  SUBLW  80
0060:  BTFSC  03.2
0061:  CLRF   71
....................  
.................... if(state >= 0x80) {  
0062:  MOVF   28,W
0063:  SUBLW  7F
0064:  BTFSC  03.0
0065:  GOTO   082
....................      
....................     if(index_out_buffer<=BUF_SIZE) { 
0066:  MOVF   71,W
0067:  SUBLW  28
0068:  BTFSS  03.0
0069:  GOTO   081
....................          
....................     // slave respondendo a requisicao do master 
....................      i2c_write(I2C_PIC_SLAVE, out_buffer[index_out_buffer] ); 
006A:  MOVLW  37
006B:  ADDWF  71,W
006C:  MOVWF  04
006D:  MOVLW  20
006E:  MOVWF  05
006F:  BTFSC  03.0
0070:  INCF   05,F
0071:  MOVF   00,W
0072:  MOVWF  2A
0073:  MOVF   2A,W
0074:  MOVWF  2B
....................      index_out_buffer++ ;  
*
0080:  INCF   71,F
....................                  
....................     } 
.................... } 
0081:  GOTO   097
....................  
....................     
.................... else { 
....................  if(state > 0x00) { // master escrevendo em slave 
0082:  MOVF   28,F
0083:  BTFSC  03.2
0084:  GOTO   097
....................      
....................      if(index_in_buffer<=BUF_SIZE) { 
0085:  MOVF   72,W
0086:  SUBLW  28
0087:  BTFSS  03.0
0088:  GOTO   097
....................      
....................     
....................     in_buffer[index_in_buffer] = i2c_read(I2C_PIC_SLAVE) ;// o slave lê só até o byte BUF_SIZE-1 ou até receber um caracter nulo; O slave envia  um nack para o mestre na leitura desse byte(ultimo byte) informando para o mestre gerar um stop no protocolo(parar de enviar dados))  
0089:  MOVLW  0E
008A:  ADDWF  72,W
008B:  MOVWF  04
008C:  MOVLW  20
008D:  MOVWF  05
008E:  BTFSC  03.0
008F:  INCF   05,F
0090:  BCF    15.6
0091:  BTFSS  14.0
0092:  GOTO   091
0093:  MOVF   11,W
0094:  BSF    15.4
0095:  MOVWF  00
....................     index_in_buffer++ ;  
0096:  INCF   72,F
....................        
....................                                    } 
....................       
....................                   } 
....................     } 
0097:  MOVLB  00
0098:  BCF    11.3
0099:  MOVLP  00
009A:  GOTO   026
.................... } // fim isr_slave 
....................  
....................  
....................  
.................... void main() 
*
0A19:  MOVLW  55
0A1A:  MOVLB  1C
0A1B:  MOVWF  0F
0A1C:  MOVLW  AA
0A1D:  MOVWF  0F
0A1E:  BCF    0F.0
0A1F:  MOVLW  14
0A20:  MOVWF  1D
0A21:  MOVLW  15
0A22:  MOVWF  1E
0A23:  MOVLW  10
0A24:  MOVWF  20
0A25:  MOVLW  11
0A26:  MOVWF  21
0A27:  MOVLW  18
0A28:  MOVLB  1D
0A29:  MOVWF  20
0A2A:  MOVLW  19
0A2B:  MOVWF  21
0A2C:  MOVLW  1A
0A2D:  MOVWF  24
0A2E:  MOVLW  1B
0A2F:  MOVWF  25
0A30:  MOVLW  55
0A31:  MOVLB  1C
0A32:  MOVWF  0F
0A33:  MOVLW  AA
0A34:  MOVWF  0F
0A35:  BSF    0F.0
0A36:  MOVLB  12
0A37:  CLRF   1E
0A38:  CLRF   1B
0A39:  CLRF   1D
0A3A:  MOVLW  06
0A3B:  MOVWF  1F
0A3C:  MOVLW  60
0A3D:  MOVWF  19
0A3E:  BCF    70.0
0A3F:  BCF    70.1
0A40:  BCF    70.2
0A41:  MOVLW  03
0A42:  MOVWF  75
0A43:  MOVLB  03
0A44:  CLRF   38
0A45:  CLRF   37
0A46:  CLRF   0C
0A47:  CLRF   0E
0A48:  MOVLB  02
0A49:  CLRF   12
0A4A:  CLRF   11
0A4B:  CLRF   14
0A4C:  CLRF   13
0A4D:  GOTO   2D3
0A4E:  DATA 02,34
0A4F:  DATA 00,34
0A50:  DATA 28,34
0A51:  DATA 00,34
0A52:  DATA 00,34
0A53:  DATA 2B,34
0A54:  DATA 40,34
0A55:  DATA B0,34
0A56:  DATA 00,34
0A57:  DATA 03,34
0A58:  DATA 80,34
0A59:  DATA 45,34
0A5A:  DATA 52,34
0A5B:  DATA 52,34
0A5C:  DATA 05,34
0A5D:  DATA C0,34
0A5E:  DATA 00,34
0A5F:  DATA 04,34
0A60:  DATA 80,34
0A61:  DATA 42,34
0A62:  DATA 41,34
0A63:  DATA 55,34
0A64:  DATA 44,34
0A65:  DATA 04,34
0A66:  DATA C0,34
0A67:  DATA 00,34
0A68:  DATA 05,34
0A69:  DATA 80,34
0A6A:  DATA 43,34
0A6B:  DATA 41,34
0A6C:  DATA 4C,34
0A6D:  DATA 00,34
0A6E:  DATA 00,34
0A6F:  DATA 17,34
0A70:  DATA 01,34
0A71:  DATA 20,34
0A72:  DATA 00,34
0A73:  DATA 00,34
0A74:  DATA 00,34
0A75:  DATA 45,34
0A76:  DATA 58,34
0A77:  DATA 50,34
0A78:  DATA 4F,34
0A79:  DATA 52,34
0A7A:  DATA 54,34
0A7B:  DATA 00,34
0A7C:  DATA 00,34
0A7D:  DATA 46,34
0A7E:  DATA 41,34
0A7F:  DATA 43,34
0A80:  DATA 54,34
0A81:  DATA 4F,34
0A82:  DATA 52,34
0A83:  DATA 59,34
0A84:  DATA 00,34
0A85:  DATA 46,34
0A86:  DATA 49,34
0A87:  DATA 4E,34
0A88:  DATA 44,34
0A89:  DATA 04,34
0A8A:  DATA C0,34
0A8B:  DATA 00,34
0A8C:  DATA 01,34
0A8D:  DATA 80,34
0A8E:  DATA 49,34
0A8F:  DATA 07,34
0A90:  DATA C0,34
0A91:  DATA 00,34
0A92:  DATA 03,34
0A93:  DATA 80,34
0A94:  DATA 49,34
0A95:  DATA 32,34
0A96:  DATA 43,34
0A97:  DATA 05,34
0A98:  DATA C0,34
0A99:  DATA 00,34
0A9A:  DATA 09,34
0A9B:  DATA 80,34
0A9C:  DATA 49,34
0A9D:  DATA 4D,34
0A9E:  DATA 50,34
0A9F:  DATA 4F,34
0AA0:  DATA 52,34
0AA1:  DATA 54,34
0AA2:  DATA 00,34
0AA3:  DATA 00,34
0AA4:  DATA 4C,34
0AA5:  DATA 07,34
0AA6:  DATA C0,34
0AA7:  DATA 00,34
0AA8:  DATA 09,34
0AA9:  DATA 80,34
0AAA:  DATA 50,34
0AAB:  DATA 4C,34
0AAC:  DATA 4F,34
0AAD:  DATA 43,34
0AAE:  DATA 4B,34
0AAF:  DATA 00,34
0AB0:  DATA 00,34
0AB1:  DATA 00,34
0AB2:  DATA 52,34
0AB3:  DATA 07,34
0AB4:  DATA C0,34
0AB5:  DATA 00,34
0AB6:  DATA 05,34
0AB7:  DATA 80,34
0AB8:  DATA 53,34
0AB9:  DATA 4C,34
0ABA:  DATA 45,34
0ABB:  DATA 45,34
0ABC:  DATA 50,34
0ABD:  DATA 12,34
0ABE:  DATA 01,34
0ABF:  DATA A0,34
0AC0:  DATA 00,34
0AC1:  DATA 00,34
0AC2:  DATA 00,34
0AC3:  DATA 53,34
0AC4:  DATA 4C,34
0AC5:  DATA 4F,34
0AC6:  DATA 50,34
0AC7:  DATA 45,34
0AC8:  DATA 00,34
0AC9:  DATA 00,34
0ACA:  DATA 00,34
0ACB:  DATA 53,34
0ACC:  DATA 54,34
0ACD:  DATA 41,34
0ACE:  DATA 54,34
0ACF:  DATA 55,34
0AD0:  DATA 53,34
0AD1:  DATA 00,34
0AD2:  DATA 00,34
0AD3:  MOVLW  0A
0AD4:  MOVWF  05
0AD5:  MOVLW  4E
0AD6:  MOVWF  04
0AD7:  BSF    05.7
0AD8:  MOVIW  [FSR0++],W
0AD9:  MOVWF  77
0ADA:  XORLW  00
0ADB:  BTFSC  03.2
0ADC:  GOTO   2ED
0ADD:  MOVIW  [FSR0++],W
0ADE:  MOVWF  78
0ADF:  BTFSC  78.7
0AE0:  GOTO   2E5
0AE1:  ANDLW  0F
0AE2:  MOVWF  07
0AE3:  MOVIW  [FSR0++],W
0AE4:  MOVWF  06
0AE5:  BTFSC  78.6
0AE6:  MOVIW  [FSR0++],W
0AE7:  BTFSS  78.6
0AE8:  MOVIW  [FSR0++],W
0AE9:  MOVWI  W,[FSR1++]
0AEA:  DECFSZ 77,F
0AEB:  GOTO   2E7
0AEC:  GOTO   2D8
.................... {    
....................      
....................     Reason_for_restart = restart_cause() ; // Usado no comando STATUS 
0AED:  MOVLB  11
0AEE:  MOVF   1B,W
0AEF:  ANDLW  CF
0AF0:  MOVWF  77
0AF1:  MOVF   03,W
0AF2:  ANDLW  18
0AF3:  BCF    03.0
0AF4:  RLF    09,F
0AF5:  IORWF  77,W
0AF6:  BTFSS  09.1
0AF7:  BCF    09.0
0AF8:  BTFSS  09.2
0AF9:  BSF    09.5
0AFA:  BTFSS  09.3
0AFB:  BSF    09.5
0AFC:  BTFSC  09.6
0AFD:  BSF    09.5
0AFE:  BTFSC  09.7
0AFF:  BSF    09.5
0B00:  MOVWF  77
0B01:  MOVLW  1F
0B02:  MOVWF  1B
0B03:  MOVF   77,W
0B04:  CLRWDT
0B05:  MOVWF  74
....................      
....................     disable_Modulos_PIC(); // desabilita todos os modulos do PIC (exceto alguns que eu não estou alterando) 
0B06:  MOVLP  00
0B07:  MOVLB  00
0B08:  CALL   0D5
0B09:  MOVLP  08
....................     renable_Modulos_PIC(); // reabilita só os modulos que eu estou utilizando e os configura (chama config_PIC() ; // configura os Módulos, Registradores etc ) 
0B0A:  MOVLP  00
0B0B:  CALL   101
0B0C:  MOVLP  08
....................     //config_PIC(); 
....................      
....................     unsigned int1 flag_monta_out_buffer= FALSE ;// flag para montar o vetor out_buffer 
0B0D:  MOVLB  03
0B0E:  BCF    39.0
....................      
....................     while(TRUE) 
....................     {  
....................       restart_wdt(); 
0B0F:  CLRWDT
....................        
....................       // delay de leitura do in_buffer I2C 
....................       if(lendo_str_master) {  
0B10:  BTFSS  70.0
0B11:  GOTO   331
....................           set_timer0(0);// timer0 comeca a contar do 0 (incrementando a cada 512us; para um delay de 30ms=512us*N_incrementos => N_incrementos=58.59375~ 59)   
0B12:  MOVLB  00
0B13:  BTFSC  17.4
0B14:  CLRF   16
0B15:  CLRF   15
....................           while(get_timer0()<=59){;} // delay de ~30ms 
0B16:  MOVF   15,W
0B17:  MOVWF  77
0B18:  BTFSC  17.4
0B19:  MOVF   16,W
0B1A:  MOVWF  7A
0B1B:  BTFSS  17.4
0B1C:  CLRF   7A
0B1D:  MOVF   77,W
0B1E:  MOVLB  03
0B1F:  MOVWF  3E
0B20:  MOVF   7A,W
0B21:  MOVWF  3F
0B22:  MOVF   3F,F
0B23:  BTFSS  03.2
0B24:  GOTO   32C
0B25:  MOVF   3E,W
0B26:  SUBLW  3B
0B27:  BTFSS  03.0
0B28:  GOTO   32C
0B29:  MOVLB  00
0B2A:  GOTO   316
0B2B:  MOVLB  03
....................            
....................           flag_monta_out_buffer= TRUE ; 
0B2C:  BSF    39.0
....................           in_buffer[BUF_SIZE]='\0'; // adiciona o caracter nulo para formar a string in_buffer 
0B2D:  MOVLB  00
0B2E:  CLRF   56
....................            
....................           lendo_str_master= FALSE ;  
0B2F:  BCF    70.0
0B30:  MOVLB  03
....................       } // habilita a montagem do vetor out_buffer quando tiver preenchido o buffer de entrada (recebido todo o comando do mestre )get_timer0() >=59 
....................                
....................        
....................       if(flag_monta_out_buffer==TRUE)  
0B31:  BTFSS  39.0
0B32:  GOTO   396
....................       { 
....................             flag_monta_out_buffer=FALSE ;  
0B33:  BCF    39.0
....................             RESET_out_buffers ; // reseta out_buffer, CMD,CMD2 e VALOR 
0B34:  CLRF   3A
0B35:  MOVF   3A,W
0B36:  SUBLW  28
0B37:  BTFSS  03.0
0B38:  GOTO   367
0B39:  MOVLW  37
0B3A:  ADDWF  3A,W
0B3B:  MOVWF  04
0B3C:  MOVLW  20
0B3D:  MOVWF  05
0B3E:  BTFSC  03.0
0B3F:  INCF   05,F
0B40:  CLRF   00
0B41:  MOVF   3A,W
0B42:  SUBLW  07
0B43:  BTFSS  03.0
0B44:  GOTO   34D
0B45:  MOVLW  60
0B46:  ADDWF  3A,W
0B47:  MOVWF  04
0B48:  MOVLW  20
0B49:  MOVWF  05
0B4A:  BTFSC  03.0
0B4B:  INCF   05,F
0B4C:  CLRF   00
0B4D:  MOVF   3A,W
0B4E:  SUBLW  05
0B4F:  BTFSS  03.0
0B50:  GOTO   359
0B51:  MOVLW  68
0B52:  ADDWF  3A,W
0B53:  MOVWF  04
0B54:  MOVLW  20
0B55:  MOVWF  05
0B56:  BTFSC  03.0
0B57:  INCF   05,F
0B58:  CLRF   00
0B59:  MOVF   3A,W
0B5A:  SUBLW  1C
0B5B:  BTFSS  03.0
0B5C:  GOTO   365
0B5D:  MOVLW  6E
0B5E:  ADDWF  3A,W
0B5F:  MOVWF  04
0B60:  MOVLW  20
0B61:  MOVWF  05
0B62:  BTFSC  03.0
0B63:  INCF   05,F
0B64:  CLRF   00
0B65:  INCF   3A,F
0B66:  GOTO   335
....................  
....................             int1 parseamento_ok= parsing_in_buffer(in_buffer); 
0B67:  MOVLW  20
0B68:  MOVWF  3F
0B69:  MOVLW  0E
0B6A:  MOVWF  3E
0B6B:  MOVLP  00
0B6C:  MOVLB  00
0B6D:  GOTO   1A9
0B6E:  MOVLP  08
0B6F:  MOVLB  03
0B70:  BCF    39.1
0B71:  BTFSC  78.0
0B72:  BSF    39.1
....................  
....................             if(parseamento_ok) 
0B73:  BTFSS  39.1
0B74:  GOTO   387
....................             { 
....................               int8 cmd_identificado = identifica_comando(CMD) ; 
0B75:  MOVLW  20
0B76:  MOVWF  3F
0B77:  MOVLW  60
0B78:  MOVWF  3E
0B79:  MOVLP  00
0B7A:  MOVLB  00
0B7B:  GOTO   383
0B7C:  MOVLP  08
0B7D:  MOVF   78,W
0B7E:  MOVLB  03
0B7F:  MOVWF  3B
....................               monta_out_buffer(cmd_identificado);  
0B80:  MOVF   3B,W
0B81:  MOVWF  3E
0B82:  MOVLP  10
0B83:  MOVLB  00
0B84:  GOTO   000
0B85:  MOVLP  08
0B86:  MOVLB  03
....................             } 
....................  
....................             // fprintf(UART_PIC,"%s", in_buffer) ; 
....................            RESET_in_buffer ; // limpa o in_buffer (deixa limpo  para um proximo comando) 
0B87:  CLRF   3C
0B88:  MOVF   3C,W
0B89:  SUBLW  28
0B8A:  BTFSS  03.0
0B8B:  GOTO   396
0B8C:  MOVLW  0E
0B8D:  ADDWF  3C,W
0B8E:  MOVWF  04
0B8F:  MOVLW  20
0B90:  MOVWF  05
0B91:  BTFSC  03.0
0B92:  INCF   05,F
0B93:  CLRF   00
0B94:  INCF   3C,F
0B95:  GOTO   388
....................      
....................       } // fim if flag_monta_out_buffer   
0B96:  GOTO   30F
....................       
....................     } // fim loop    
.................... } // fim main 
....................  
0B97:  SLEEP
.................... void config_PIC(void)  
.................... {    
....................     
....................     setup_wdt(WDT_4S); // configura o WTD para resetar dps de 4s sem chamar restart_wdt(); Comeca a contar logo após do fuse WDT 
*
0107:  MOVLW  19
0108:  MOVLB  01
0109:  MOVWF  17
....................      
....................      
....................     enable_interrupts(INT_SSP); // habilita a interrupcao de uma atividade em MSSP1 (interrupcao da I2C PIC SLAVE)  
010A:  BSF    11.3
....................     // enable_interrupts(INT_RDA); // habilita a interrupcao recieve data rs232 
....................     enable_interrupts(GLOBAL); // habilita todas as interrupcoes unmasked, que foram habilitadas anteriormente dessa chamada 
010B:  MOVLW  C0
010C:  IORWF  0B,F
....................      
....................     i2c_init(I2C_PIC_SLAVE,1); // inicia I2C1 (modo slave)  
010D:  BSF    0E.0
010E:  BSF    0E.1
010F:  MOVLB  04
0110:  BCF    17.0
0111:  BCF    17.1
0112:  BCF    17.3
0113:  MOVLW  C4
0114:  MOVWF  12
0115:  MOVLW  36
0116:  MOVWF  15
0117:  BSF    16.0
0118:  BSF    16.7
....................      
....................     i2c_init( MCP3421_STREAM,1); // inicia I2C2 (MCP3421)  
0119:  MOVLB  01
011A:  BSF    0E.4
011B:  BSF    0E.5
011C:  MOVLB  04
011D:  BCF    1F.0
011E:  BCF    1F.1
011F:  BCF    1F.3
0120:  MOVLW  09
0121:  MOVWF  1A
0122:  MOVLW  28
0123:  MOVWF  1D
0124:  BCF    1C.7
0125:  BCF    1C.6
....................     adc_init(MCP3421_ADDRESS);// envia a configuração inicial para o MCP3421 
0126:  MOVLB  03
0127:  CLRF   40
....................      
....................   
....................    FVREN=1 ; // Fixed Voltage Reference is enabled   
*
013D:  MOVLB  02
013E:  BSF    17.7
.................... // TSEN=1 ; // Temperature Indicator is enabled 
.................... // TSRNG= 0 ;  
....................           
....................  /*Configuracao do ADC do PIC*/ 
....................     // ADFVR<1:0> = ADC FVR Buffer Gain is 2x, (2.048V)( Tensão de referência do ADC) 
....................     ADFVR_bit1= 1 ; 
013F:  BSF    17.1
....................     ADFVR_bit0= 0 ; 
0140:  BCF    17.0
....................      
....................     setup_adc(ADC_CLOCK_INTERNAL) ; // clock do adc é Fosc=16MHz/4 
0141:  MOVLB  01
0142:  BSF    1E.4
0143:  BSF    1E.5
0144:  BCF    1E.6
0145:  BSF    1E.7
0146:  BSF    1D.0
....................     setup_adc_ports(sAN2); // pino A2 definido como entrada analógica ; usa o canal conectado ao Vdd da placa    */  
0147:  BCF    1E.0
0148:  BCF    1E.1
0149:  BCF    1E.2
014A:  MOVLW  04
014B:  MOVLB  03
014C:  MOVWF  0C
014D:  MOVLW  00
014E:  MOVWF  0E
....................     set_adc_channel(2) ; // definindo de qual canal o ADC fará a leitura ( pino A2 está no canal 2 do ADC) 
014F:  MOVLW  08
0150:  MOVWF  78
0151:  MOVLB  01
0152:  MOVF   1D,W
0153:  ANDLW  03
0154:  IORWF  78,W
0155:  MOVWF  1D
....................     setup_adc_reference(VSS_FVR); // Range 0-Fixed Voltage Reference(FVR) (0-2.048) 
0156:  BSF    1E.0
0157:  BSF    1E.1
0158:  BCF    1E.2
....................     // set_adc_channel(TEMPERATURE_INDICATOR); // usa o canal interno para medir Vout  
....................       //set_adc_channel(FVR_CHANNEL); // usa o canal interno para medir FVR     
....................    // setup_uart(TRUE,UART_PIC); // inicia a UART 
....................          
....................      
....................     /* Configuracao e uso do DAC 
....................  //setup_dac(DAC_VSS_VDD | DAC_OUTPUT);                // setup conversor digital para analógico (5 bits) 
....................    //dac_write(4);//(5/31)*4 V                                    // Write DAC value 0-31 (5 bits)/*            
....................     */ 
....................              
....................     /*Cálculo de parametros associados a interrupcao de TMR0(por overflow) 
....................     FCLK- frequência do clock que o pic utiliza ; Neste caso FCLK= internal=16MHZ 
....................     Fout? The output frequency after the division.  
....................     Tout ? The Cycle Time after the division. (periodo da interrupcao) 
....................     4 - The division of the original clock (4 MHz) by 4, when using internal crystal as clock (and not external oscillator).  
....................     Count - A numeric value to be placed to obtain the desired output frequency - Fout. (fator necessário para ajustar Tout/Fout desejado) 
....................     (256 - TMR0) - The number of times in the timer will count based on the register TMR0. (Ajusta até onde o timer iira contar) 
....................      // 256 usando o timer no modo 8 bits, ou T0_16_BIT 
....................       
....................      // Fout= FCLK/(4*Prescaler*(2^8-TMR0)*Count); // modo 8 bits 
....................      // Fout= FCLK/(4*Prescaler*(2^16-TMR0)*Count); // modo 16 bits 
....................    
....................       
....................      Para: 
....................      TMR0=0; //valor inicial 
....................      FCLK= internal=16MHZ 
....................      tempo_TMR0_incremento=1/(FCLK/(4*Prescaler) ) =>  // tempo_TMR0_incremento= (Prescaler/4)us 
....................      TMR0(max modo 16 bits)=2^16 -1 (16bits) ( 2^16 incrementos para o overflow=>TMR0=0 
....................       
....................      */ 
....................     setup_timer_0(T0_INTERNAL|T0_DIV_2048| T0_16_BIT); //TMR0 incrementa a cada 512us 
0159:  MOVLW  90
015A:  MOVLB  00
015B:  MOVWF  17
015C:  MOVLW  4B
015D:  MOVWF  18
....................      
.................... TRISA1=0; // configura o pino do led como saída 
015E:  MOVLB  01
015F:  BCF    0C.1
.................... LATA1=1; // led A1 comeca ligado 
0160:  MOVLB  02
0161:  BSF    0C.1
....................  
.................... /* 
....................  Carrega os parametros e status armazenados na EEPROM 
....................   
....................  */ 
....................  
.................... // Obtem o valor do  offset de calibracao da ultima calibracao realizada (salvo na eeprom) 
.................... offset_cal.valor_byte[0]= read_eeprom(OFFSET_CAL_ADDRESS); 
0162:  MOVLW  0A
0163:  MOVLB  11
0164:  MOVWF  11
0165:  MOVLW  70
0166:  MOVWF  12
0167:  BSF    15.6
0168:  BSF    15.0
0169:  MOVF   13,W
016A:  BCF    15.6
016B:  MOVLB  03
016C:  MOVWF  33
.................... offset_cal.valor_byte[1]= read_eeprom(OFFSET_CAL_ADDRESS +1); 
016D:  MOVLW  0B
016E:  MOVLB  11
016F:  MOVWF  11
0170:  MOVLW  70
0171:  MOVWF  12
0172:  BSF    15.6
0173:  BSF    15.0
0174:  MOVF   13,W
0175:  BCF    15.6
0176:  MOVLB  03
0177:  MOVWF  34
.................... offset_cal.valor_byte[2]= read_eeprom(OFFSET_CAL_ADDRESS +2); 
0178:  MOVLW  0C
0179:  MOVLB  11
017A:  MOVWF  11
017B:  MOVLW  70
017C:  MOVWF  12
017D:  BSF    15.6
017E:  BSF    15.0
017F:  MOVF   13,W
0180:  BCF    15.6
0181:  MOVLB  03
0182:  MOVWF  35
.................... offset_cal.valor_byte[3]= read_eeprom(OFFSET_CAL_ADDRESS +3 ); 
0183:  MOVLW  0D
0184:  MOVLB  11
0185:  MOVWF  11
0186:  MOVLW  70
0187:  MOVWF  12
0188:  BSF    15.6
0189:  BSF    15.0
018A:  MOVF   13,W
018B:  BCF    15.6
018C:  MOVLB  03
018D:  MOVWF  36
....................  
.................... device_calibrated= read_eeprom(DEVICE_CALIBRATED_ADDRESS); // status da calibração 
018E:  MOVLB  11
018F:  CLRF   11
0190:  MOVLW  70
0191:  MOVWF  12
0192:  BSF    15.6
0193:  BSF    15.0
0194:  MOVF   13,W
0195:  BCF    15.6
0196:  MOVWF  73
....................  
....................  RESET_in_buffer ; 
0197:  MOVLB  03
0198:  CLRF   3F
0199:  MOVF   3F,W
019A:  SUBLW  28
019B:  BTFSS  03.0
019C:  GOTO   1A7
019D:  MOVLW  0E
019E:  ADDWF  3F,W
019F:  MOVWF  04
01A0:  MOVLW  20
01A1:  MOVWF  05
01A2:  BTFSC  03.0
01A3:  INCF   05,F
01A4:  CLRF   00
01A5:  INCF   3F,F
01A6:  GOTO   199
.................... } 
....................  
....................  
.................... void disable_Modulos_PIC(void){ 
....................  
.................... // REGISTRADORES PARA DESABILITAR\HABILITAR OS MÓDULOS DO PIC ( all modules are ON by default following any Reset.) : (CAP 14 datasheet) 
.................... /* bits : 
.................... 1 = module disabled 
.................... 0 = module enabled */ 
....................      
.................... // PMD0 bits 
....................   
.................... // SYSCMD = 1; // 1 = System Clock network disabled (a.k.a. FOSC) See description in Section 14.3 ?System Clock Disable?. 
.................... FVRMD = 1 ; // 1 = FVR module disable 
*
00D5:  MOVLB  12
00D6:  BSF    11.6
.................... NVMMD = 1 ; //1 = Data EEPROM (a.k.a. user memory, EEPROM) reading and writing is disabled; NVMCON registers cannot be written; FSR access to EEPROM returns zero. //0 = NVM module enabled 
00D7:  BSF    11.2
.................... // CLKRMD = 1 ; //  Disable Clock Reference CLKR bit 
.................... // IOCMD = 1 ;// 1 = IOC module(s) disabled ; 0 = IOC module(s) enabled ; Disable Interrupt-on-Change bit, All Ports 
.................... // Note 1: When enabling NVM, a delay of up to 1 ?s may be required before accessing data. 
.................... //////////////////////////////////////////////////////// 
....................  
.................... // PMD1 bits 
....................  
.................... // NCOMD = 1;  //bit 7 NCOMD: Disable Numerically Control Oscillator bit 
.................... //TMR6MD=  1  ; //bit 6 TMR6MD: Disable Timer TMR6 bit 
.................... //TMR5MD = 1 ; //bit 5 TMR5MD: Disable Timer TMR5 bit 
.................... //TMR4MD = 1 ; //bit 4 TMR4MD: Disable Timer TMR4 bit 
.................... //TMR3MD = 1 ;  //bit 3 TMR3MD: Disable Timer TMR3 bit 
.................... //TMR2MD = 1 ; //bit 2 TMR2MD: Disable Timer TMR2 bit 
.................... //TMR1MD = 1 ; //bit 1 TMR1MD: Disable Timer TMR1 bit 
.................... TMR0MD = 1 ; //bit 0 TMR0MD: Disable Timer TMR0 bit 
00D8:  BSF    12.0
....................  
.................... //bits PMD2: 
....................  
.................... DACMD = 1 ;  //bit 6 DACMD: Disable DAC bit 
00D9:  BSF    13.6
.................... ADCMD = 1 ;  //bit 5 ADCMD: Disable ADC bit 
00DA:  BSF    13.5
.................... CMP2MD = 1 ; //bit 2 CMP2MD: Disable Comparator C2 bit 
00DB:  BSF    13.2
.................... CMP1MD = 1 ; //bit 1 CMP1MD: Disable Comparator C1 bit 
00DC:  BSF    13.1
....................  
.................... /* bits PMD3:*/ 
....................  
.................... CWG2MD = 1 ;    //bit 7 CWG2MD: Disable CWG2 bit 
00DD:  BSF    14.7
.................... CWG1MD = 1 ;   //bit 6 CWG1MD: Disable CWG1 bit 
00DE:  BSF    14.6
.................... PWM6MD = 1 ;     //bit 5 PWM6MD: Disable PWM6 bit 
00DF:  BSF    14.5
.................... PWM5MD = 1 ;    //bit 4 PWM5MD: Disable PWM5 bit 
00E0:  BSF    14.4
.................... CCP4MD = 1 ;     //bit 3 CCP4MD: Disable CCP4 bit 
00E1:  BSF    14.3
.................... CCP3MD = 1 ;    //bit 2 CCP3MD: Disable CCP3 bit 
00E2:  BSF    14.2
.................... CCP2MD = 1 ;     //bit 1 CCP2MD: Disable CCP2 bit 
00E3:  BSF    14.1
.................... CCP1MD = 1 ;     //bit 0 CCP1MD: Disable CCP1 bit 
00E4:  BSF    14.0
....................  
.................... /* bits PMD4:*/ 
....................  
.................... //UART1MD = 1 ;   //bit 5 UART1MD: Disable EUSART1 bit 
.................... //MSSP2MD = 1 ;   //bit 2 MSSP2MD: Disable MSSP2 bit 
.................... //MSSP1MD = 1 ;   //bit 1 MSSP1MD: Disable MSSP1 bit 
....................  
.................... /* bits PMD5: */ 
....................  
.................... CLC4MD = 1 ;   //bit 4 CLC4MD: Disable CLC4 bit 
00E5:  BSF    16.4
.................... CLC3MD = 1 ;   //bit 3 CLC3MD: Disable CLC3 bit 
00E6:  BSF    16.3
.................... CLC2MD = 1 ;    //bit 2 CLC2MD: Disable CLC2 bit 
00E7:  BSF    16.2
.................... CLC1MD = 1 ;     //bit 1 CLC1MD: Disable CLC1 bit 
00E8:  BSF    16.1
.................... DSMMD  = 1 ;     //bit 0 DSMMD: Disable Data Signal Modulator bit 
00E9:  BSF    16.0
00EA:  MOVLB  00
00EB:  RETURN
....................  
.................... } 
....................  
.................... void renable_Modulos_PIC(void) { 
....................  
.................... // REGISTRADORES PARA DESABILITAR\HABILITAR OS MÓDULOS DO PIC ( all modules are ON by default following any Reset.) : (CAP 14 datasheet) 
.................... /* bits : 
.................... 1 = module disabled 
.................... 0 = module enabled */ 
....................      
.................... // PMD0 bits 
....................   
.................... // SYSCMD = 0; // 1 = System Clock network disabled (a.k.a. FOSC) See description in Section 14.3 ?System Clock Disable?. 
.................... FVRMD = 0 ; // 1 = FVR module disable 
*
0101:  MOVLB  12
0102:  BCF    11.6
.................... NVMMD = 0 ; //1 = Data EEPROM (a.k.a. user memory, EEPROM) reading and writing is disabled; NVMCON registers cannot be written; FSR access to EEPROM returns zero. //0 = NVM module enabled 
0103:  BCF    11.2
.................... // CLKRMD = 0 ; //  Disable Clock Reference CLKR bit 
.................... // IOCMD = 0 ;// 1 = IOC module(s) disabled ; 0 = IOC module(s) enabled ; Disable Interrupt-on-Change bit, All Ports 
.................... // Note 1: When enabling NVM, a delay of up to 1 ?s may be required before accessing data. 
.................... //////////////////////////////////////////////////////// 
....................  
.................... // PMD1 bits 
....................  
.................... // NCOMD = 0;  //bit 7 NCOMD: Disable Numerically Control Oscillator bit 
.................... //TMR6MD=  0  ; //bit 6 TMR6MD: Disable Timer TMR6 bit 
.................... //TMR5MD = 0 ; //bit 5 TMR5MD: Disable Timer TMR5 bit 
.................... //TMR4MD = 0 ; //bit 4 TMR4MD: Disable Timer TMR4 bit 
.................... //TMR3MD = 0 ;  //bit 3 TMR3MD: Disable Timer TMR3 bit 
.................... //TMR2MD = 0 ; //bit 2 TMR2MD: Disable Timer TMR2 bit 
.................... //TMR1MD = 0 ; //bit 1 TMR1MD: Disable Timer TMR1 bit 
.................... TMR0MD = 0 ; //bit 0 TMR0MD: Disable Timer TMR0 bit 
0104:  BCF    12.0
....................  
.................... //bits PMD2: 
....................  
.................... DACMD = 0 ;  //bit 6 DACMD: Disable DAC bit 
0105:  BCF    13.6
.................... ADCMD = 0 ;  //bit 5 ADCMD: Disable ADC bit 
0106:  BCF    13.5
.................... //CMP2MD = 0 ; //bit 2 CMP2MD: Disable Comparator C2 bit 
.................... //CMP1MD = 0 ; //bit 1 CMP1MD: Disable Comparator C1 bit 
....................  
.................... /* bits PMD3:*/ 
....................  
.................... //CWG2MD = 0 ;    //bit 7 CWG2MD: Disable CWG2 bit 
.................... //CWG1MD = 0 ;   //bit 6 CWG1MD: Disable CWG1 bit 
.................... //PWM6MD = 0 ;     //bit 5 PWM6MD: Disable PWM6 bit 
.................... //PWM5MD = 0 ;    //bit 4 PWM5MD: Disable PWM5 bit 
.................... //CCP4MD = 0 ;     //bit 3 CCP4MD: Disable CCP4 bit 
.................... //CCP3MD = 0 ;    //bit 2 CCP3MD: Disable CCP3 bit 
.................... //CCP2MD = 0 ;     //bit 1 CCP2MD: Disable CCP2 bit 
.................... //CCP1MD = 0 ;     //bit 0 CCP1MD: Disable CCP1 bit 
....................  
.................... /* bits PMD4:*/ 
....................  
.................... //UART1MD = 0 ;   //bit 5 UART1MD: Disable EUSART1 bit 
.................... //MSSP2MD = 0 ;   //bit 2 MSSP2MD: Disable MSSP2 bit 
.................... //MSSP1MD = 0 ;   //bit 1 MSSP1MD: Disable MSSP1 bit 
....................  
.................... /* bits PMD5: */ 
....................  
.................... //CLC4MD = 0 ;   //bit 4 CLC4MD: Disable CLC4 bit 
.................... //CLC3MD = 0 ;   //bit 3 CLC3MD: Disable CLC3 bit 
.................... //CLC2MD = 0 ;    //bit 2 CLC2MD: Disable CLC2 bit 
.................... //CLC1MD = 0 ;     //bit 1 CLC1MD: Disable CLC1 bit 
.................... //DSMMD  = 0 ;     //bit 0 DSMMD: Disable Data Signal Modulator bit 
....................  
.................... config_PIC() ; // quando os modulos são reabilitados ( após um disable)  todos os registradores associados ao modulo estão com valores do estado de reset POR, e dessa forma deve-se configurar o PIC novamente (dependendo do modulo tem que usar novamente as diretivas tbm (Ex #usei2c, caso i2c seja reabilitado)) 
*
01A7:  MOVLB  00
01A8:  RETURN
....................  
.................... } 
....................  
.................... int1 parsing_in_buffer(char *rcv_buffer) { 
01A9:  MOVLB  03
01AA:  CLRF   40
....................     
....................  unsigned int8 num_separadores=0; 
....................  unsigned int8 index_separador_1 ; 
....................  unsigned int8 index_separador_2 ; 
....................  const char separador=','; 
....................   
....................  for( int i=0; rcv_buffer[i]!='\0'; i++) {  
01AB:  CLRF   43
01AC:  MOVF   43,W
01AD:  ADDWF  3E,W
01AE:  MOVWF  04
01AF:  MOVLW  00
01B0:  ADDWFC 3F,W
01B1:  MOVWF  05
01B2:  MOVF   00,F
01B3:  BTFSC  03.2
01B4:  GOTO   20F
....................      rcv_buffer[i]=toupper(rcv_buffer[i]) ; /*coloca todo os caracteres 
01B5:  MOVF   43,W
01B6:  ADDWF  3E,W
01B7:  MOVWF  78
01B8:  MOVLW  00
01B9:  ADDWFC 3F,W
01BA:  MOVWF  7A
01BB:  MOVF   78,W
01BC:  MOVWF  49
01BD:  MOVF   7A,W
01BE:  MOVWF  4A
01BF:  MOVF   43,W
01C0:  ADDWF  3E,W
01C1:  MOVWF  04
01C2:  MOVLW  00
01C3:  ADDWFC 3F,W
01C4:  MOVWF  05
01C5:  MOVF   00,W
01C6:  MOVWF  4B
01C7:  SUBLW  60
01C8:  BTFSC  03.0
01C9:  GOTO   1D1
01CA:  MOVF   4B,W
01CB:  SUBLW  7A
01CC:  BTFSS  03.0
01CD:  GOTO   1D1
01CE:  MOVF   4B,W
01CF:  ANDLW  DF
01D0:  GOTO   1D2
01D1:  MOVF   4B,W
01D2:  MOVWF  4B
01D3:  MOVF   4A,W
01D4:  MOVWF  05
01D5:  MOVF   49,W
01D6:  MOVWF  04
01D7:  MOVF   4B,W
01D8:  MOVWF  00
....................  de in_buffer pra maiusculo para que o usuario possa mandar comandos com caracteres minusculos e/ou maiusculos*/  
....................     if(rcv_buffer[i]==separador) { 
01D9:  MOVF   43,W
01DA:  ADDWF  3E,W
01DB:  MOVWF  04
01DC:  MOVLW  00
01DD:  ADDWFC 3F,W
01DE:  MOVWF  05
01DF:  MOVF   00,W
01E0:  MOVWF  49
01E1:  MOVLW  3F
01E2:  MOVLB  11
01E3:  MOVWF  12
01E4:  MOVLW  8F
01E5:  MOVWF  11
01E6:  MOVLW  21
01E7:  MOVWF  05
01E8:  MOVLW  1A
01E9:  MOVWF  04
01EA:  MOVLW  01
01EB:  MOVLB  03
01EC:  MOVWF  4C
*
01FD:  MOVLB  03
01FE:  MOVF   4A,W
01FF:  SUBWF  49,W
0200:  BTFSS  03.2
0201:  GOTO   20D
....................         num_separadores++;  // conta o numero de separadores do comando enviado para o pic 
0202:  INCF   40,F
....................         // guarda o indice de onde ocorrem os separadores 
....................         if(num_separadores==1) index_separador_1=i; 
0203:  DECFSZ 40,W
0204:  GOTO   207
0205:  MOVF   43,W
0206:  MOVWF  41
....................         if(num_separadores==2) index_separador_2=i; 
0207:  MOVF   40,W
0208:  SUBLW  02
0209:  BTFSS  03.2
020A:  GOTO   20D
020B:  MOVF   43,W
020C:  MOVWF  42
....................           }      
020D:  INCF   43,F
020E:  GOTO   1AC
....................  } 
....................   
....................  
....................  switch(num_separadores){ 
020F:  MOVF   40,W
0210:  XORLW  00
0211:  MOVLB  00
0212:  BTFSC  03.2
0213:  GOTO   21B
0214:  XORLW  01
0215:  BTFSC  03.2
0216:  GOTO   245
0217:  XORLW  03
0218:  BTFSC  03.2
0219:  GOTO   2A5
021A:  GOTO   337
....................      case 0:  // não tem separador=> CMD= in_buffer 
....................            int i ; 
....................            for( i=0; i<=LEN_MAX_CMD; i++) CMD[i]= rcv_buffer[i] ;     
021B:  MOVLB  03
021C:  CLRF   44
021D:  MOVF   44,W
021E:  SUBLW  07
021F:  BTFSS  03.0
0220:  GOTO   23C
0221:  MOVLW  60
0222:  ADDWF  44,W
0223:  MOVWF  78
0224:  MOVLW  20
0225:  MOVWF  7A
0226:  BTFSC  03.0
0227:  INCF   7A,F
0228:  MOVF   78,W
0229:  MOVWF  49
022A:  MOVF   7A,W
022B:  MOVWF  4A
022C:  MOVF   44,W
022D:  ADDWF  3E,W
022E:  MOVWF  04
022F:  MOVLW  00
0230:  ADDWFC 3F,W
0231:  MOVWF  05
0232:  MOVF   00,W
0233:  MOVWF  4B
0234:  MOVF   4A,W
0235:  MOVWF  05
0236:  MOVF   49,W
0237:  MOVWF  04
0238:  MOVF   4B,W
0239:  MOVWF  00
023A:  INCF   44,F
023B:  GOTO   21D
....................            CMD[i]='\0'; 
023C:  MOVLW  60
023D:  ADDWF  44,W
023E:  MOVWF  04
023F:  MOVLW  20
0240:  MOVWF  05
0241:  BTFSC  03.0
0242:  INCF   05,F
0243:  CLRF   00
....................            break;   
0244:  GOTO   33D
....................      case 1: // só tem um separadores => comando é da forma CMD,VALOR 
....................             { 
....................               int i ; 
....................               for( i=0; rcv_buffer[i]!='\0'; i++) { 
0245:  MOVLB  03
0246:  CLRF   45
0247:  MOVF   45,W
0248:  ADDWF  3E,W
0249:  MOVWF  04
024A:  MOVLW  00
024B:  ADDWFC 3F,W
024C:  MOVWF  05
024D:  MOVF   00,F
024E:  BTFSC  03.2
024F:  GOTO   29A
....................                   if(i<index_separador_1) CMD[i]= rcv_buffer[i] ; 
0250:  MOVF   41,W
0251:  SUBWF  45,W
0252:  BTFSC  03.0
0253:  GOTO   26D
0254:  MOVLW  60
0255:  ADDWF  45,W
0256:  MOVWF  78
0257:  MOVLW  20
0258:  MOVWF  7A
0259:  BTFSC  03.0
025A:  INCF   7A,F
025B:  MOVF   78,W
025C:  MOVWF  49
025D:  MOVF   7A,W
025E:  MOVWF  4A
025F:  MOVF   45,W
0260:  ADDWF  3E,W
0261:  MOVWF  04
0262:  MOVLW  00
0263:  ADDWFC 3F,W
0264:  MOVWF  05
0265:  MOVF   00,W
0266:  MOVWF  4B
0267:  MOVF   4A,W
0268:  MOVWF  05
0269:  MOVF   49,W
026A:  MOVWF  04
026B:  MOVF   4B,W
026C:  MOVWF  00
....................                   if(i==index_separador_1) CMD[i]='\0'; 
026D:  MOVF   41,W
026E:  SUBWF  45,W
026F:  BTFSS  03.2
0270:  GOTO   279
0271:  MOVLW  60
0272:  ADDWF  45,W
0273:  MOVWF  04
0274:  MOVLW  20
0275:  MOVWF  05
0276:  BTFSC  03.0
0277:  INCF   05,F
0278:  CLRF   00
....................                   if(i>index_separador_1) VALOR[i-(index_separador_1 +1)]= rcv_buffer[i] ; 
0279:  MOVF   45,W
027A:  SUBWF  41,W
027B:  BTFSC  03.0
027C:  GOTO   298
027D:  MOVLW  01
027E:  ADDWF  41,W
027F:  SUBWF  45,W
0280:  ADDLW  6E
0281:  MOVWF  78
0282:  MOVLW  20
0283:  MOVWF  7A
0284:  BTFSC  03.0
0285:  INCF   7A,F
0286:  MOVF   78,W
0287:  MOVWF  49
0288:  MOVF   7A,W
0289:  MOVWF  4A
028A:  MOVF   45,W
028B:  ADDWF  3E,W
028C:  MOVWF  04
028D:  MOVLW  00
028E:  ADDWFC 3F,W
028F:  MOVWF  05
0290:  MOVF   00,W
0291:  MOVWF  4B
0292:  MOVF   4A,W
0293:  MOVWF  05
0294:  MOVF   49,W
0295:  MOVWF  04
0296:  MOVF   4B,W
0297:  MOVWF  00
0298:  INCF   45,F
0299:  GOTO   247
....................                        } 
....................               VALOR[i-(index_separador_1 +1)]= '\0' ; 
029A:  MOVLW  01
029B:  ADDWF  41,W
029C:  SUBWF  45,W
029D:  ADDLW  6E
029E:  MOVWF  04
029F:  MOVLW  20
02A0:  MOVWF  05
02A1:  BTFSC  03.0
02A2:  INCF   05,F
02A3:  CLRF   00
....................               } 
....................          break;  
02A4:  GOTO   33D
....................      case 2: // tem dois  separadores => comando é da forma CMD,CMD2,VALOR 
....................             { 
....................              int i ; 
....................              for( i=0; rcv_buffer[i]!='\0'; i++) { 
02A5:  MOVLB  03
02A6:  CLRF   46
02A7:  MOVF   46,W
02A8:  ADDWF  3E,W
02A9:  MOVWF  04
02AA:  MOVLW  00
02AB:  ADDWFC 3F,W
02AC:  MOVWF  05
02AD:  MOVF   00,F
02AE:  BTFSC  03.2
02AF:  GOTO   32B
....................                          if(i<index_separador_1) CMD[i]= rcv_buffer[i] ; 
02B0:  MOVF   41,W
02B1:  SUBWF  46,W
02B2:  BTFSC  03.0
02B3:  GOTO   2CD
02B4:  MOVLW  60
02B5:  ADDWF  46,W
02B6:  MOVWF  78
02B7:  MOVLW  20
02B8:  MOVWF  7A
02B9:  BTFSC  03.0
02BA:  INCF   7A,F
02BB:  MOVF   78,W
02BC:  MOVWF  49
02BD:  MOVF   7A,W
02BE:  MOVWF  4A
02BF:  MOVF   46,W
02C0:  ADDWF  3E,W
02C1:  MOVWF  04
02C2:  MOVLW  00
02C3:  ADDWFC 3F,W
02C4:  MOVWF  05
02C5:  MOVF   00,W
02C6:  MOVWF  4B
02C7:  MOVF   4A,W
02C8:  MOVWF  05
02C9:  MOVF   49,W
02CA:  MOVWF  04
02CB:  MOVF   4B,W
02CC:  MOVWF  00
....................                          if(i==index_separador_1) CMD[i]='\0'; 
02CD:  MOVF   41,W
02CE:  SUBWF  46,W
02CF:  BTFSS  03.2
02D0:  GOTO   2D9
02D1:  MOVLW  60
02D2:  ADDWF  46,W
02D3:  MOVWF  04
02D4:  MOVLW  20
02D5:  MOVWF  05
02D6:  BTFSC  03.0
02D7:  INCF   05,F
02D8:  CLRF   00
....................                          if((i>index_separador_1)&&(i<index_separador_2)) CMD2[i-(index_separador_1 +1)]= rcv_buffer[i]; 
02D9:  MOVF   46,W
02DA:  SUBWF  41,W
02DB:  BTFSC  03.0
02DC:  GOTO   2FC
02DD:  MOVF   42,W
02DE:  SUBWF  46,W
02DF:  BTFSC  03.0
02E0:  GOTO   2FC
02E1:  MOVLW  01
02E2:  ADDWF  41,W
02E3:  SUBWF  46,W
02E4:  ADDLW  68
02E5:  MOVWF  78
02E6:  MOVLW  20
02E7:  MOVWF  7A
02E8:  BTFSC  03.0
02E9:  INCF   7A,F
02EA:  MOVF   78,W
02EB:  MOVWF  49
02EC:  MOVF   7A,W
02ED:  MOVWF  4A
02EE:  MOVF   46,W
02EF:  ADDWF  3E,W
02F0:  MOVWF  04
02F1:  MOVLW  00
02F2:  ADDWFC 3F,W
02F3:  MOVWF  05
02F4:  MOVF   00,W
02F5:  MOVWF  4B
02F6:  MOVF   4A,W
02F7:  MOVWF  05
02F8:  MOVF   49,W
02F9:  MOVWF  04
02FA:  MOVF   4B,W
02FB:  MOVWF  00
....................                          if(i==index_separador_2) CMD2[i-(index_separador_1 +1)]='\0';  
02FC:  MOVF   42,W
02FD:  SUBWF  46,W
02FE:  BTFSS  03.2
02FF:  GOTO   30A
0300:  MOVLW  01
0301:  ADDWF  41,W
0302:  SUBWF  46,W
0303:  ADDLW  68
0304:  MOVWF  04
0305:  MOVLW  20
0306:  MOVWF  05
0307:  BTFSC  03.0
0308:  INCF   05,F
0309:  CLRF   00
....................                          if(i>index_separador_2) VALOR[i-(index_separador_2 +1)]= rcv_buffer[i] ;     
030A:  MOVF   46,W
030B:  SUBWF  42,W
030C:  BTFSC  03.0
030D:  GOTO   329
030E:  MOVLW  01
030F:  ADDWF  42,W
0310:  SUBWF  46,W
0311:  ADDLW  6E
0312:  MOVWF  78
0313:  MOVLW  20
0314:  MOVWF  7A
0315:  BTFSC  03.0
0316:  INCF   7A,F
0317:  MOVF   78,W
0318:  MOVWF  49
0319:  MOVF   7A,W
031A:  MOVWF  4A
031B:  MOVF   46,W
031C:  ADDWF  3E,W
031D:  MOVWF  04
031E:  MOVLW  00
031F:  ADDWFC 3F,W
0320:  MOVWF  05
0321:  MOVF   00,W
0322:  MOVWF  4B
0323:  MOVF   4A,W
0324:  MOVWF  05
0325:  MOVF   49,W
0326:  MOVWF  04
0327:  MOVF   4B,W
0328:  MOVWF  00
0329:  INCF   46,F
032A:  GOTO   2A7
....................                     } 
....................              VALOR[i-(index_separador_2 +1) ]= '\0' ; 
032B:  MOVLW  01
032C:  ADDWF  42,W
032D:  SUBWF  46,W
032E:  ADDLW  6E
032F:  MOVWF  04
0330:  MOVLW  20
0331:  MOVWF  05
0332:  BTFSC  03.0
0333:  INCF   05,F
0334:  CLRF   00
....................          } 
....................          break;       
0335:  GOTO   33D
0336:  MOVLB  00
....................      default: // o comando não é de nenhuma forma esperada=> erro de sintaxe 
....................          out_buffer[0]= 2; // 2 sintax error  "Excesso de separador" 
0337:  MOVLW  02
0338:  MOVWF  57
....................          return FALSE ; // erro de sintaxe durante o parseamento (número inesperado de separadores) 
0339:  MOVLW  00
033A:  MOVWF  78
033B:  GOTO   340
....................          break; 
033C:  MOVLB  03
....................  } 
....................   
....................  return TRUE ; // caso o parseamento ocorra com sucesso (sem erro de sintaxe em relação a separação (não detecta se os argumentos dos comandos são corretos, somente a forma do comando)) 
033D:  MOVLW  01
033E:  MOVWF  78
033F:  MOVLB  00
0340:  MOVLP  08
0341:  GOTO   36E (RETURN)
....................  //#endif 
....................  
.................... } 
....................  
....................  
.................... int8 identifica_comando( char * comando) { 
.................... /*Identiicacao de qual comando foi recebido pelo PIC*/ 
.................... for( int8 cmd= cmd_err; cmd<=cmd_Status ; cmd++ ) { // varre do primeiro comando ao ultimo da lista 
*
0383:  MOVLB  03
0384:  CLRF   40
0385:  MOVF   40,W
0386:  SUBLW  0E
0387:  BTFSS  03.0
0388:  GOTO   3AF
....................   if ( strcmp(comando, lista_comandos[cmd] )== 0 ){ return cmd ;   } 
0389:  RLF    40,W
038A:  MOVWF  77
038B:  RLF    77,F
038C:  RLF    77,F
038D:  MOVLW  F8
038E:  ANDWF  77,F
038F:  MOVF   77,W
0390:  ADDLW  8B
0391:  MOVWF  78
0392:  MOVLW  20
0393:  MOVWF  7A
0394:  BTFSC  03.0
0395:  INCF   7A,F
0396:  MOVF   78,W
0397:  MOVWF  42
0398:  MOVF   7A,W
0399:  MOVWF  43
039A:  MOVF   3F,W
039B:  MOVWF  4D
039C:  MOVF   3E,W
039D:  MOVWF  4C
039E:  MOVF   43,W
039F:  MOVWF  4F
03A0:  MOVF   42,W
03A1:  MOVWF  4E
03A2:  MOVLB  00
03A3:  CALL   342
03A4:  MOVF   78,F
03A5:  BTFSS  03.2
03A6:  GOTO   3AC
03A7:  MOVLB  03
03A8:  MOVF   40,W
03A9:  MOVWF  78
03AA:  GOTO   3B1
03AB:  MOVLB  00
03AC:  MOVLB  03
03AD:  INCF   40,F
03AE:  GOTO   385
.................... } 
....................  // comando invalido, já que o comando não esta na lista_de_comandos   
....................    return cmd_Err ;    
03AF:  MOVLW  00
03B0:  MOVWF  78
03B1:  MOVLP  08
03B2:  MOVLB  00
03B3:  GOTO   37C (RETURN)
....................  } 
....................  
....................  
.................... void monta_out_buffer( int8 num_comando) { 
....................   
....................   // Os comandos podem ser(ou qualquer outro acrescentado em lista_comandos[] e em enum comandos): cmd_err, cmd_Baud ,cmd_Cal, cmd_Export, cmd_Factory, cmd_Find, cmd_i, cmd_I2c, cmd_Import, cmd_L, cmd_Plock, cmd_R, cmd_Sleep, cmd_Slope,cmd_Status, cmd_T, cmd_RT 
....................    switch(num_comando) { 
*
1000:  MOVLB  03
1001:  MOVF   3E,W
1002:  ADDLW  F1
1003:  BTFSC  03.0
1004:  GOTO   746
1005:  ADDLW  0F
1006:  MOVLB  00
1007:  GOTO   749
....................       
....................        case cmd_Baud: 
....................             
....................            break; 
1008:  MOVLB  03
1009:  GOTO   746
....................         
....................        case cmd_Cal: 
....................                  ANORP_CAL(); // 
....................            break; 
*
138E:  MOVLB  03
138F:  GOTO   746
....................        case cmd_Factory: 
....................                  ANORP_FACTORY();// 
....................            break; 
*
142F:  MOVLB  03
1430:  GOTO   746
....................        case cmd_i: 
....................                  ANORP_i(); 
....................            break;    
*
1453:  MOVLB  03
1454:  GOTO   746
....................        case cmd_R: 
....................                   ANORP_R();// retorna uma única leitura do valor de ph (%.2f)  
....................            break;    
*
14BE:  MOVLB  03
14BF:  GOTO   746
....................        case cmd_Find: 
....................                   ANORP_FIND(); //Find: LED rapidly blinks white, used to help find device 
....................            break ;  
*
14FC:  MOVLB  03
14FD:  GOTO   746
....................        case cmd_L: 
....................                   ANORP_L(); // LED CONTROL 
....................            break; 
*
155D:  MOVLB  03
155E:  GOTO   746
....................        case cmd_Status: 
....................                  ANORP_STATUS(); // 
....................            break; 
*
1713:  MOVLB  03
1714:  GOTO   746
....................        case cmd_Sleep:    
....................                  ANORP_SLEEP(); 
....................            break; 
*
173F:  MOVLB  03
1740:  GOTO   746
....................        case cmd_err:  
....................                     out_buffer[0]= 2; // 2 sintax error "Comando invalido" 
1741:  MOVLW  02
1742:  MOVWF  57
....................            break; 
1743:  MOVLB  03
1744:  GOTO   746
1745:  MOVLB  03
....................    }        
1746:  MOVLP  08
1747:  MOVLB  00
1748:  GOTO   385 (RETURN)
....................         
.................... } 
....................  
....................  
.................... // Implementações de cada comando 
.................... int1 isStr_float(char *str_teste)  { 
*
1025:  CLRF   4E
1026:  CLRF   4F
....................      
....................     int8 num_ponto=0; 
....................     int8 num_sinal_menos=0; 
....................      
.................... // retorna TRUE se a str for uma string float válida(número ponto flutuante positivo ou negativo Ex: 323.124, -2.32, 0.533, .32 ,-.32) ou FALSE caso contrário 
....................     for(int i=0; str_teste[i]!='\0'; i++){ 
1027:  CLRF   50
1028:  MOVF   50,W
1029:  ADDWF  4C,W
102A:  MOVWF  04
102B:  MOVLW  00
102C:  ADDWFC 4D,W
102D:  MOVWF  05
102E:  MOVF   00,F
102F:  BTFSC  03.2
1030:  GOTO   0D3
....................  
....................         if(i==0){ // o primeiro caracter pode ser digito(0-9) ou '-' 
1031:  MOVF   50,F
1032:  BTFSS  03.2
1033:  GOTO   05C
....................             if (isdigit(str_teste[0])||(str_teste[0]=='-') )  { 
1034:  MOVF   4C,W
1035:  MOVWF  04
1036:  MOVF   4D,W
1037:  MOVWF  05
1038:  ADDFSR 00,FSR0
1039:  MOVF   00,W
103A:  MOVWF  51
103B:  MOVF   51,W
103C:  SUBLW  2F
103D:  BTFSC  03.0
103E:  GOTO   043
103F:  MOVF   51,W
1040:  SUBLW  39
1041:  BTFSC  03.0
1042:  GOTO   04C
1043:  MOVF   4C,W
1044:  MOVWF  04
1045:  MOVF   4D,W
1046:  MOVWF  05
1047:  ADDFSR 00,FSR0
1048:  MOVF   00,W
1049:  SUBLW  2D
104A:  BTFSS  03.2
104B:  GOTO   058
....................                  if(str_teste[0]=='-') num_sinal_menos++; 
104C:  MOVF   4C,W
104D:  MOVWF  04
104E:  MOVF   4D,W
104F:  MOVWF  05
1050:  ADDFSR 00,FSR0
1051:  MOVF   00,W
1052:  SUBLW  2D
1053:  BTFSS  03.2
1054:  GOTO   056
1055:  INCF   4F,F
....................                  continue;  
1056:  GOTO   0D1
....................             } 
1057:  GOTO   05B
....................             else return FALSE; //caracter não válido 
1058:  MOVLW  00
1059:  MOVWF  78
105A:  GOTO   0D5
....................         } 
105B:  GOTO   0D1
....................         else{ 
....................             if ((isdigit(str_teste[i])==TRUE)||(str_teste[i]=='.')||(str_teste[i]=='-') ) { 
105C:  MOVF   50,W
105D:  ADDWF  4C,W
105E:  MOVWF  04
105F:  MOVLW  00
1060:  ADDWFC 4D,W
1061:  MOVWF  05
1062:  MOVF   00,W
1063:  MOVWF  51
1064:  MOVF   51,W
1065:  SUBLW  2F
1066:  BTFSC  03.0
1067:  GOTO   06C
1068:  MOVF   51,W
1069:  SUBLW  39
106A:  BTFSC  03.0
106B:  GOTO   06E
106C:  MOVLW  00
106D:  GOTO   06F
106E:  MOVLW  01
106F:  SUBLW  01
1070:  BTFSC  03.2
1071:  GOTO   086
1072:  MOVF   50,W
1073:  ADDWF  4C,W
1074:  MOVWF  04
1075:  MOVLW  00
1076:  ADDWFC 4D,W
1077:  MOVWF  05
1078:  MOVF   00,W
1079:  SUBLW  2E
107A:  BTFSC  03.2
107B:  GOTO   086
107C:  MOVF   50,W
107D:  ADDWF  4C,W
107E:  MOVWF  04
107F:  MOVLW  00
1080:  ADDWFC 4D,W
1081:  MOVWF  05
1082:  MOVF   00,W
1083:  SUBLW  2D
1084:  BTFSS  03.2
1085:  GOTO   0CE
....................             
....................                      if(str_teste[i]=='.') {num_ponto++; if(num_ponto>1) return FALSE; } // só pode ter um ponto 
1086:  MOVF   50,W
1087:  ADDWF  4C,W
1088:  MOVWF  04
1089:  MOVLW  00
108A:  ADDWFC 4D,W
108B:  MOVWF  05
108C:  MOVF   00,W
108D:  SUBLW  2E
108E:  BTFSS  03.2
108F:  GOTO   098
1090:  INCF   4E,F
1091:  MOVF   4E,W
1092:  SUBLW  01
1093:  BTFSC  03.0
1094:  GOTO   098
1095:  MOVLW  00
1096:  MOVWF  78
1097:  GOTO   0D5
....................                      if(str_teste[i]=='-') return FALSE; //o sinal de menos só pode ocorrer se i=0 
1098:  MOVF   50,W
1099:  ADDWF  4C,W
109A:  MOVWF  04
109B:  MOVLW  00
109C:  ADDWFC 4D,W
109D:  MOVWF  05
109E:  MOVF   00,W
109F:  SUBLW  2D
10A0:  BTFSS  03.2
10A1:  GOTO   0A5
10A2:  MOVLW  00
10A3:  MOVWF  78
10A4:  GOTO   0D5
....................                      if(str_teste[strlen(str_teste)-1]=='.') return FALSE; // o ultimo caracter não nulo não pode ser '.' 
10A5:  MOVF   4D,W
10A6:  MOVWF  52
10A7:  MOVF   4C,W
10A8:  MOVWF  51
10A9:  MOVLP  00
10AA:  MOVLB  00
10AB:  CALL   3B4
10AC:  MOVLP  10
10AD:  MOVLW  01
10AE:  SUBWF  78,W
10AF:  MOVLB  03
10B0:  ADDWF  4C,W
10B1:  MOVWF  04
10B2:  MOVLW  00
10B3:  ADDWFC 4D,W
10B4:  MOVWF  05
10B5:  MOVF   00,W
10B6:  SUBLW  2E
10B7:  BTFSS  03.2
10B8:  GOTO   0BC
10B9:  MOVLW  00
10BA:  MOVWF  78
10BB:  GOTO   0D5
....................                      if (isdigit(str_teste[i]) ) continue ;  
10BC:  MOVF   50,W
10BD:  ADDWF  4C,W
10BE:  MOVWF  04
10BF:  MOVLW  00
10C0:  ADDWFC 4D,W
10C1:  MOVWF  05
10C2:  MOVF   00,W
10C3:  MOVWF  51
10C4:  MOVF   51,W
10C5:  SUBLW  2F
10C6:  BTFSC  03.0
10C7:  GOTO   0CD
10C8:  MOVF   51,W
10C9:  SUBLW  39
10CA:  BTFSS  03.0
10CB:  GOTO   0CD
10CC:  GOTO   0D1
....................                   }     
10CD:  GOTO   0D1
....................             else return FALSE; //caracter não válido 
10CE:  MOVLW  00
10CF:  MOVWF  78
10D0:  GOTO   0D5
....................         } 
10D1:  INCF   50,F
10D2:  GOTO   028
....................     } 
....................  return TRUE;       
10D3:  MOVLW  01
10D4:  MOVWF  78
.................... } 
....................  
.................... float32 get_orp_value_mV(void) { 
*
06AE:  MOVLB  03
06AF:  CLRF   54
*
0792:  MOVF   7A,W
0793:  MOVWF  57
0794:  MOVF   79,W
0795:  MOVWF  56
0796:  MOVF   78,W
0797:  MOVWF  55
0798:  MOVF   77,W
0799:  MOVWF  54
079A:  MOVF   57,W
079B:  MOVWF  67
079C:  MOVF   56,W
079D:  MOVWF  66
079E:  MOVF   55,W
079F:  MOVWF  65
07A0:  MOVF   54,W
07A1:  MOVWF  64
07A2:  CLRF   6B
07A3:  CLRF   6A
07A4:  MOVLW  7A
07A5:  MOVWF  69
07A6:  MOVLW  88
07A7:  MOVWF  68
07A8:  MOVLB  00
07A9:  CALL   3D0
07AA:  MOVF   7A,W
07AB:  MOVLB  03
07AC:  MOVWF  53
07AD:  MOVF   79,W
07AE:  MOVWF  52
07AF:  MOVF   78,W
07B0:  MOVWF  51
07B1:  MOVF   77,W
07B2:  MOVWF  50
....................            
....................             float32 mcp_value_mV = read_adc_volts_mcp3421(MCP3421_ADDRESS)*1000 ; 
....................             return mcp_value_mV ; 
07B3:  MOVF   50,W
07B4:  MOVWF  77
07B5:  MOVF   51,W
07B6:  MOVWF  78
07B7:  MOVF   52,W
07B8:  MOVWF  79
07B9:  MOVF   53,W
07BA:  MOVWF  7A
07BB:  MOVLB  00
07BC:  RETURN
.................... } 
....................  
....................  
....................  
.................... void ANORP_R(void){ 
....................      
.................... // resposta: 1(DEC) %.2f(ASCII) 0(DEC) 
....................         if( (strcmp(CMD,in_buffer)==0)&&(CMD2[0]=='\0')&&(VALOR[0]=='\0')) { // comando passado é da forma R 
*
1455:  MOVLW  20
1456:  MOVLB  03
1457:  MOVWF  4D
1458:  MOVLW  60
1459:  MOVWF  4C
145A:  MOVLW  20
145B:  MOVWF  4F
145C:  MOVLW  0E
145D:  MOVWF  4E
145E:  MOVLP  00
145F:  MOVLB  00
1460:  CALL   342
1461:  MOVLP  10
1462:  MOVF   78,F
1463:  BTFSS  03.2
1464:  GOTO   4BC
1465:  MOVLB  01
1466:  MOVF   38,F
1467:  BTFSC  03.2
1468:  GOTO   46B
1469:  MOVLB  00
146A:  GOTO   4BC
146B:  MOVF   3E,F
146C:  BTFSC  03.2
146D:  GOTO   470
146E:  MOVLB  00
146F:  GOTO   4BC
....................          
....................         float32 orp=  get_orp_value_mV() + offset_cal.valor ; // Orp value em mV 
1470:  MOVLP  00
1471:  MOVLB  00
1472:  CALL   6AE
1473:  MOVLP  10
1474:  MOVF   7A,W
1475:  MOVLB  03
1476:  MOVWF  49
1477:  MOVF   79,W
1478:  MOVWF  48
1479:  MOVF   78,W
147A:  MOVWF  47
147B:  MOVF   77,W
147C:  MOVWF  46
147D:  MOVF   05,W
147E:  MOVWF  4B
147F:  MOVF   04,W
1480:  MOVWF  4A
1481:  BCF    03.1
1482:  MOVF   49,W
1483:  MOVWF  63
1484:  MOVF   48,W
1485:  MOVWF  62
1486:  MOVF   47,W
1487:  MOVWF  61
1488:  MOVF   46,W
1489:  MOVWF  60
148A:  MOVF   36,W
148B:  MOVWF  67
148C:  MOVF   35,W
148D:  MOVWF  66
148E:  MOVF   34,W
148F:  MOVWF  65
1490:  MOVF   33,W
1491:  MOVWF  64
1492:  MOVLP  00
1493:  MOVLB  00
1494:  CALL   557
1495:  MOVLP  10
1496:  MOVLB  03
1497:  MOVF   4B,W
1498:  MOVWF  05
1499:  MOVF   4A,W
149A:  MOVWF  04
149B:  MOVF   7A,W
149C:  MOVWF  42
149D:  MOVF   79,W
149E:  MOVWF  41
149F:  MOVF   78,W
14A0:  MOVWF  40
14A1:  MOVF   77,W
14A2:  MOVWF  3F
....................          
....................         out_buffer[0]=1; 
14A3:  MOVLW  01
14A4:  MOVLB  00
14A5:  MOVWF  57
....................         sprintf(out_buffer+1,"%.2f",orp) ; 
14A6:  MOVLW  20
14A7:  MOVLB  03
14A8:  MOVWF  38
14A9:  MOVLW  38
14AA:  MOVWF  37
14AB:  MOVLW  89
14AC:  MOVWF  04
14AD:  MOVF   42,W
14AE:  MOVWF  49
14AF:  MOVF   41,W
14B0:  MOVWF  48
14B1:  MOVF   40,W
14B2:  MOVWF  47
14B3:  MOVF   3F,W
14B4:  MOVWF  46
14B5:  MOVLW  02
14B6:  MOVWF  4A
14B7:  MOVLP  08
14B8:  MOVLB  00
14B9:  CALL   11A
14BA:  MOVLP  10
....................         } 
14BB:  GOTO   4BE
....................         else out_buffer[0]= 2; // 2 sintax error 
14BC:  MOVLW  02
14BD:  MOVWF  57
.................... } 
....................  
....................  
.................... void ANORP_FIND(void){ 
....................      
....................     if( (strcmp(CMD,in_buffer)==0)&&(CMD2[0]=='\0')&&(VALOR[0]=='\0')) { // comando passado é da forma FIND 
14C0:  MOVLW  20
14C1:  MOVLB  03
14C2:  MOVWF  4D
14C3:  MOVLW  60
14C4:  MOVWF  4C
14C5:  MOVLW  20
14C6:  MOVWF  4F
14C7:  MOVLW  0E
14C8:  MOVWF  4E
14C9:  MOVLP  00
14CA:  MOVLB  00
14CB:  CALL   342
14CC:  MOVLP  10
14CD:  MOVF   78,F
14CE:  BTFSS  03.2
14CF:  GOTO   4F9
14D0:  MOVLB  01
14D1:  MOVF   38,F
14D2:  BTFSC  03.2
14D3:  GOTO   4D6
14D4:  MOVLB  00
14D5:  GOTO   4F9
14D6:  MOVF   3E,F
14D7:  BTFSC  03.2
14D8:  GOTO   4DB
14D9:  MOVLB  00
14DA:  GOTO   4F9
....................         FIND_exe= TRUE ; 
14DB:  BSF    70.1
....................         //Response: DEC NULL 
....................         //           1  0 
....................         out_buffer[0]=1; // response code 
14DC:  MOVLW  01
14DD:  MOVLB  00
14DE:  MOVWF  57
....................         in_buffer[0]=0; //sentinela do comando FIND 
14DF:  CLRF   2E
....................          
....................         while(in_buffer[0]==0){// fica piscando o led até o usuário enviar um caracter(in_buffer[0]=!0) 
14E0:  MOVF   2E,F
14E1:  BTFSS  03.2
14E2:  GOTO   4F8
....................             LATA1=!LATA1 ; 
14E3:  MOVLW  02
14E4:  MOVLB  02
14E5:  XORWF  0C,F
....................             delay_ms(100); 
14E6:  MOVLW  64
14E7:  MOVLB  03
14E8:  MOVWF  3F
14E9:  MOVLP  00
14EA:  MOVLB  00
14EB:  CALL   7E1
14EC:  MOVLP  10
....................             LATA1=!LATA1 ; 
14ED:  MOVLW  02
14EE:  MOVLB  02
14EF:  XORWF  0C,F
....................             delay_ms(100); 
14F0:  MOVLW  64
14F1:  MOVLB  03
14F2:  MOVWF  3F
14F3:  MOVLP  00
14F4:  MOVLB  00
14F5:  CALL   7E1
14F6:  MOVLP  10
14F7:  GOTO   4E0
....................         } 
....................          
....................          
....................         } 
14F8:  GOTO   4FB
....................      
....................     else out_buffer[0]= 2; // 2 sintax error   
14F9:  MOVLW  02
14FA:  MOVWF  57
....................      
....................     FIND_exe= FALSE ; 
14FB:  BCF    70.1
.................... } 
....................  
.................... void ANORP_L(void){ 
.................... /* Comando sintaxe 
....................  L,1 // LED on ; Response: 1(DEC) 0(NULL) 
....................  L,0  //  LED off ; Response: 1(DEC) 0(NULL) 
....................  L,? // LED state on/off? ; Response: 1(DEC) ?L,1 0(NULL) ou 1(DEC) ?L,0 0(NULL) 
....................  */   
....................  if( (CMD2[0]=='\0')&&(VALOR[0]!='\0') ){ 
14FE:  MOVLB  01
14FF:  MOVF   38,F
1500:  BTFSS  03.2
1501:  GOTO   55A
1502:  MOVF   3E,F
1503:  BTFSC  03.2
1504:  GOTO   55A
....................   
....................      if (strlen(VALOR)==1){ 
1505:  MOVLW  20
1506:  MOVLB  03
1507:  MOVWF  52
1508:  MOVLW  6E
1509:  MOVWF  51
150A:  MOVLP  00
150B:  MOVLB  00
150C:  CALL   3B4
150D:  MOVLP  10
150E:  DECFSZ 78,W
150F:  GOTO   556
....................    
....................         switch(VALOR[0]){ 
1510:  MOVLB  01
1511:  MOVF   3E,W
1512:  XORLW  31
1513:  MOVLB  00
1514:  BTFSC  03.2
1515:  GOTO   51D
1516:  XORLW  01
1517:  BTFSC  03.2
1518:  GOTO   523
1519:  XORLW  0F
151A:  BTFSC  03.2
151B:  GOTO   529
151C:  GOTO   552
....................  
....................             case '1': 
....................                        LATA1=1 ; 
151D:  MOVLB  02
151E:  BSF    0C.1
....................                        out_buffer[0]=1; //Response: 1(DEC) 0(NULL)     
151F:  MOVLW  01
1520:  MOVLB  00
1521:  MOVWF  57
....................                 break; 
1522:  GOTO   555
....................             case '0': 
....................                        LATA1=0 ; 
1523:  MOVLB  02
1524:  BCF    0C.1
....................                        out_buffer[0]=1; // //Response: 1(DEC) 0(NULL)   
1525:  MOVLW  01
1526:  MOVLB  00
1527:  MOVWF  57
....................                 break; 
1528:  GOTO   555
....................  
....................             case '?': 
....................                       // Response: 1(DEC) ?L,1 0(NULL) ou 1(DEC) ?L,0 0(NULL) 
....................                       out_buffer[0]=1;  
1529:  MOVLW  01
152A:  MOVWF  57
....................                       sprintf(out_buffer+1,"L,?%d",PORTA1); 
152B:  MOVLW  00
152C:  BTFSC  0C.1
152D:  MOVLW  01
152E:  MOVLB  03
152F:  MOVWF  3F
1530:  MOVLW  20
1531:  MOVWF  38
1532:  MOVLW  38
1533:  MOVWF  37
1534:  MOVLW  4C
1535:  MOVWF  58
1536:  MOVLP  00
1537:  MOVLB  00
1538:  CALL   7BD
1539:  MOVLP  10
153A:  MOVLW  2C
153B:  MOVLB  03
153C:  MOVWF  58
153D:  MOVLP  00
153E:  MOVLB  00
153F:  CALL   7BD
1540:  MOVLP  10
1541:  MOVLW  3F
1542:  MOVLB  03
1543:  MOVWF  58
1544:  MOVLP  00
1545:  MOVLB  00
1546:  CALL   7BD
1547:  MOVLP  10
1548:  MOVLB  03
1549:  MOVF   3F,W
154A:  MOVWF  4C
154B:  MOVLW  18
154C:  MOVWF  4D
154D:  MOVLP  08
154E:  MOVLB  00
154F:  CALL   05C
1550:  MOVLP  10
....................                 break ; 
1551:  GOTO   555
....................  
....................             default: 
....................                 out_buffer[0]= 2; // 2 sintax error ; VALOR não é válido 
1552:  MOVLW  02
1553:  MOVWF  57
....................                 break; 
1554:  GOTO   555
....................            }  
....................      } 
1555:  GOTO   558
....................       
....................      else out_buffer[0]= 2; // 2 sintax error VALOR não tem tamanho 1 
1556:  MOVLW  02
1557:  MOVWF  57
....................  } 
1558:  GOTO   55D
1559:  MOVLB  01
....................   
....................  else out_buffer[0]= 2; // 2 sintax error ; O comando passado não é da forma RT,VALOR 
155A:  MOVLW  02
155B:  MOVLB  00
155C:  MOVWF  57
.................... } 
....................  
.................... void ANORP_i(void){ 
....................  // Command sintax: i    // device information 
.................... // 1   ?i,ORP, 19.7 
.................... //Dec   ASCII        NULL 
....................  out_buffer[0]=1; 
*
1431:  MOVLW  01
1432:  MOVWF  57
....................  sprintf(out_buffer+1,"?i,ORP,%.2f", VERSAO_FIRMWARE);    
1433:  MOVLW  20
1434:  MOVLB  03
1435:  MOVWF  38
1436:  MOVLW  38
1437:  MOVWF  37
1438:  MOVLW  9B
1439:  MOVLB  11
143A:  MOVWF  11
143B:  MOVLW  00
143C:  MOVWF  12
143D:  BCF    03.0
143E:  MOVLW  07
143F:  MOVLB  03
1440:  MOVWF  4C
1441:  MOVLP  08
1442:  MOVLB  00
1443:  CALL   000
1444:  MOVLP  10
1445:  MOVLW  89
1446:  MOVWF  04
1447:  MOVLB  03
1448:  CLRF   49
1449:  CLRF   48
144A:  CLRF   47
144B:  MOVLW  7F
144C:  MOVWF  46
144D:  MOVLW  02
144E:  MOVWF  4A
144F:  MOVLP  08
1450:  MOVLB  00
1451:  CALL   11A
1452:  MOVLP  10
.................... } 
....................  
....................  
.................... void ANORP_STATUS(void){ 
....................      
.................... //Status voltage at Vcc pin and reason for last restart 
....................       /*Response:   DEC         ASCII                       NULL 
....................         //           1 ?Status,Reason_for_restart, Vcc       0 
....................         // Reason_for_restart (Restart codes)     
....................             P powered off 
....................             S software reset 
....................             B brown out 
....................             W watchdog 
....................             U unknown 
....................          */ 
....................      
.................... if( (strcmp(CMD,in_buffer)==0)&&(CMD2[0]=='\0')&&(VALOR[0]=='\0')) { // comando passado é da forma STATUS 
*
155F:  MOVLW  20
1560:  MOVLB  03
1561:  MOVWF  4D
1562:  MOVLW  60
1563:  MOVWF  4C
1564:  MOVLW  20
1565:  MOVWF  4F
1566:  MOVLW  0E
1567:  MOVWF  4E
1568:  MOVLP  00
1569:  MOVLB  00
156A:  CALL   342
156B:  MOVLP  10
156C:  MOVF   78,F
156D:  BTFSS  03.2
156E:  GOTO   711
156F:  MOVLB  01
1570:  MOVF   38,F
1571:  BTFSC  03.2
1572:  GOTO   575
1573:  MOVLB  00
1574:  GOTO   711
1575:  MOVF   3E,F
1576:  BTFSC  03.2
1577:  GOTO   57A
1578:  MOVLB  00
1579:  GOTO   711
....................         
....................         float32 Vdd= ((10000+4700)/4700.0)*(2.048*( read_adc()/1023.0) ); // adc de 10 bits com 2.048 de referência (usando um divisor de tensao de 4K7/10K +4K7) 
157A:  BSF    1D.1
157B:  BTFSC  1D.1
157C:  GOTO   57B
157D:  MOVF   1C,W
157E:  MOVWF  7A
157F:  MOVF   1B,W
1580:  MOVLB  03
1581:  MOVWF  44
1582:  MOVF   7A,W
1583:  MOVWF  45
1584:  MOVWF  61
1585:  MOVF   44,W
1586:  MOVWF  60
1587:  MOVLP  00
1588:  MOVLB  00
1589:  CALL   46C
158A:  MOVLP  10
158B:  MOVF   7A,W
158C:  MOVLB  03
158D:  MOVWF  63
158E:  MOVF   79,W
158F:  MOVWF  62
1590:  MOVF   78,W
1591:  MOVWF  61
1592:  MOVF   77,W
1593:  MOVWF  60
1594:  CLRF   67
1595:  MOVLW  C0
1596:  MOVWF  66
1597:  MOVLW  7F
1598:  MOVWF  65
1599:  MOVLW  88
159A:  MOVWF  64
159B:  MOVLP  00
159C:  MOVLB  00
159D:  CALL   48B
159E:  MOVLP  10
159F:  MOVLW  6F
15A0:  MOVLB  03
15A1:  MOVWF  67
15A2:  MOVLW  12
15A3:  MOVWF  66
15A4:  MOVLW  03
15A5:  MOVWF  65
15A6:  MOVLW  80
15A7:  MOVWF  64
15A8:  MOVF   7A,W
15A9:  MOVWF  6B
15AA:  MOVF   79,W
15AB:  MOVWF  6A
15AC:  MOVF   78,W
15AD:  MOVWF  69
15AE:  MOVF   77,W
15AF:  MOVWF  68
15B0:  MOVLP  00
15B1:  MOVLB  00
15B2:  CALL   3D0
15B3:  MOVLP  10
15B4:  MOVLW  93
15B5:  MOVLB  03
15B6:  MOVWF  67
15B7:  MOVLW  2B
15B8:  MOVWF  66
15B9:  MOVLW  48
15BA:  MOVWF  65
15BB:  MOVLW  80
15BC:  MOVWF  64
15BD:  MOVF   7A,W
15BE:  MOVWF  6B
15BF:  MOVF   79,W
15C0:  MOVWF  6A
15C1:  MOVF   78,W
15C2:  MOVWF  69
15C3:  MOVF   77,W
15C4:  MOVWF  68
15C5:  MOVLP  00
15C6:  MOVLB  00
15C7:  CALL   3D0
15C8:  MOVLP  10
15C9:  MOVF   7A,W
15CA:  MOVLB  03
15CB:  MOVWF  42
15CC:  MOVF   79,W
15CD:  MOVWF  41
15CE:  MOVF   78,W
15CF:  MOVWF  40
15D0:  MOVF   77,W
15D1:  MOVWF  3F
....................          
....................         out_buffer[0]=1; // response code 
15D2:  MOVLW  01
15D3:  MOVLB  00
15D4:  MOVWF  57
....................          
....................         switch(Reason_for_restart){ 
15D5:  MOVF   74,W
15D6:  XORLW  3C
15D7:  BTFSC  03.2
15D8:  GOTO   5E6
15D9:  XORLW  02
15DA:  BTFSC  03.2
15DB:  GOTO   618
15DC:  XORLW  21
15DD:  BTFSC  03.2
15DE:  GOTO   64A
15DF:  XORLW  10
15E0:  BTFSC  03.2
15E1:  GOTO   67B
15E2:  XORLW  34
15E3:  BTFSC  03.2
15E4:  GOTO   6AD
15E5:  GOTO   6DF
....................              
....................             case NORMAL_POWER_UP: //??? O ultimo reset foi por falta de alimentacao => ultimo reset foi quando o dispositivo "ligou" dps de ter estar sem alimentacao (Normal)       
....................                   sprintf(out_buffer+1,"?Status,%c,%.2f",'P',Vdd) ; 
15E6:  MOVLW  20
15E7:  MOVLB  03
15E8:  MOVWF  38
15E9:  MOVLW  38
15EA:  MOVWF  37
15EB:  MOVLW  A1
15EC:  MOVLB  11
15ED:  MOVWF  11
15EE:  MOVLW  00
15EF:  MOVWF  12
15F0:  BCF    03.0
15F1:  MOVLW  08
15F2:  MOVLB  03
15F3:  MOVWF  4C
15F4:  MOVLP  08
15F5:  MOVLB  00
15F6:  CALL   000
15F7:  MOVLP  10
15F8:  MOVLW  50
15F9:  MOVLB  03
15FA:  MOVWF  58
15FB:  MOVLP  00
15FC:  MOVLB  00
15FD:  CALL   7BD
15FE:  MOVLP  10
15FF:  MOVLW  2C
1600:  MOVLB  03
1601:  MOVWF  58
1602:  MOVLP  00
1603:  MOVLB  00
1604:  CALL   7BD
1605:  MOVLP  10
1606:  MOVLW  89
1607:  MOVWF  04
1608:  MOVLB  03
1609:  MOVF   42,W
160A:  MOVWF  49
160B:  MOVF   41,W
160C:  MOVWF  48
160D:  MOVF   40,W
160E:  MOVWF  47
160F:  MOVF   3F,W
1610:  MOVWF  46
1611:  MOVLW  02
1612:  MOVWF  4A
1613:  MOVLP  08
1614:  MOVLB  00
1615:  CALL   11A
1616:  MOVLP  10
....................                    break;   
1617:  GOTO   710
....................             case BROWNOUT_RESTART: 
....................                   sprintf(out_buffer+1,"?Status,%c,%.2f",'B',Vdd) ; 
1618:  MOVLW  20
1619:  MOVLB  03
161A:  MOVWF  38
161B:  MOVLW  38
161C:  MOVWF  37
161D:  MOVLW  A9
161E:  MOVLB  11
161F:  MOVWF  11
1620:  MOVLW  00
1621:  MOVWF  12
1622:  BCF    03.0
1623:  MOVLW  08
1624:  MOVLB  03
1625:  MOVWF  4C
1626:  MOVLP  08
1627:  MOVLB  00
1628:  CALL   000
1629:  MOVLP  10
162A:  MOVLW  42
162B:  MOVLB  03
162C:  MOVWF  58
162D:  MOVLP  00
162E:  MOVLB  00
162F:  CALL   7BD
1630:  MOVLP  10
1631:  MOVLW  2C
1632:  MOVLB  03
1633:  MOVWF  58
1634:  MOVLP  00
1635:  MOVLB  00
1636:  CALL   7BD
1637:  MOVLP  10
1638:  MOVLW  89
1639:  MOVWF  04
163A:  MOVLB  03
163B:  MOVF   42,W
163C:  MOVWF  49
163D:  MOVF   41,W
163E:  MOVWF  48
163F:  MOVF   40,W
1640:  MOVWF  47
1641:  MOVF   3F,W
1642:  MOVWF  46
1643:  MOVLW  02
1644:  MOVWF  4A
1645:  MOVLP  08
1646:  MOVLB  00
1647:  CALL   11A
1648:  MOVLP  10
....................                    break; 
1649:  GOTO   710
....................             case  WDT_TIMEOUT:  
....................                   sprintf(out_buffer+1,"?Status,%c,%.2f",'W',Vdd) ; 
164A:  MOVLW  20
164B:  MOVLB  03
164C:  MOVWF  38
164D:  MOVLW  38
164E:  MOVWF  37
164F:  MOVLW  B1
1650:  MOVLB  11
1651:  MOVWF  11
1652:  MOVLW  00
1653:  MOVWF  12
1654:  BCF    03.0
1655:  MOVLW  08
1656:  MOVLB  03
1657:  MOVWF  4C
1658:  MOVLP  08
1659:  MOVLB  00
165A:  CALL   000
165B:  MOVLP  10
165C:  MOVLW  57
165D:  MOVLB  03
165E:  MOVWF  58
165F:  MOVLP  00
1660:  MOVLB  00
1661:  CALL   7BD
1662:  MOVLP  10
1663:  MOVLW  2C
1664:  MOVLB  03
1665:  MOVWF  58
1666:  MOVLP  00
1667:  MOVLB  00
1668:  CALL   7BD
1669:  MOVLP  10
166A:  MOVLW  89
166B:  MOVWF  04
166C:  MOVLB  03
166D:  MOVF   42,W
166E:  MOVWF  49
166F:  MOVF   41,W
1670:  MOVWF  48
1671:  MOVF   40,W
1672:  MOVWF  47
1673:  MOVF   3F,W
1674:  MOVWF  46
1675:  MOVLW  02
1676:  MOVWF  4A
1677:  MOVLP  08
1678:  MOVLB  00
1679:  CALL   11A
167A:  MOVLP  10
....................             case  WDT_FROM_SLEEP: 
....................                   sprintf(out_buffer+1,"?Status,%c,%.2f",'W',Vdd) ; 
167B:  MOVLW  20
167C:  MOVLB  03
167D:  MOVWF  38
167E:  MOVLW  38
167F:  MOVWF  37
1680:  MOVLW  B9
1681:  MOVLB  11
1682:  MOVWF  11
1683:  MOVLW  00
1684:  MOVWF  12
1685:  BCF    03.0
1686:  MOVLW  08
1687:  MOVLB  03
1688:  MOVWF  4C
1689:  MOVLP  08
168A:  MOVLB  00
168B:  CALL   000
168C:  MOVLP  10
168D:  MOVLW  57
168E:  MOVLB  03
168F:  MOVWF  58
1690:  MOVLP  00
1691:  MOVLB  00
1692:  CALL   7BD
1693:  MOVLP  10
1694:  MOVLW  2C
1695:  MOVLB  03
1696:  MOVWF  58
1697:  MOVLP  00
1698:  MOVLB  00
1699:  CALL   7BD
169A:  MOVLP  10
169B:  MOVLW  89
169C:  MOVWF  04
169D:  MOVLB  03
169E:  MOVF   42,W
169F:  MOVWF  49
16A0:  MOVF   41,W
16A1:  MOVWF  48
16A2:  MOVF   40,W
16A3:  MOVWF  47
16A4:  MOVF   3F,W
16A5:  MOVWF  46
16A6:  MOVLW  02
16A7:  MOVWF  4A
16A8:  MOVLP  08
16A9:  MOVLB  00
16AA:  CALL   11A
16AB:  MOVLP  10
....................                  break;   
16AC:  GOTO   710
....................                  
....................             case  RESET_INSTRUCTION: 
....................                 sprintf(out_buffer+1,"?Status,%c,%.2f",'S',Vdd) ; 
16AD:  MOVLW  20
16AE:  MOVLB  03
16AF:  MOVWF  38
16B0:  MOVLW  38
16B1:  MOVWF  37
16B2:  MOVLW  C1
16B3:  MOVLB  11
16B4:  MOVWF  11
16B5:  MOVLW  00
16B6:  MOVWF  12
16B7:  BCF    03.0
16B8:  MOVLW  08
16B9:  MOVLB  03
16BA:  MOVWF  4C
16BB:  MOVLP  08
16BC:  MOVLB  00
16BD:  CALL   000
16BE:  MOVLP  10
16BF:  MOVLW  53
16C0:  MOVLB  03
16C1:  MOVWF  58
16C2:  MOVLP  00
16C3:  MOVLB  00
16C4:  CALL   7BD
16C5:  MOVLP  10
16C6:  MOVLW  2C
16C7:  MOVLB  03
16C8:  MOVWF  58
16C9:  MOVLP  00
16CA:  MOVLB  00
16CB:  CALL   7BD
16CC:  MOVLP  10
16CD:  MOVLW  89
16CE:  MOVWF  04
16CF:  MOVLB  03
16D0:  MOVF   42,W
16D1:  MOVWF  49
16D2:  MOVF   41,W
16D3:  MOVWF  48
16D4:  MOVF   40,W
16D5:  MOVWF  47
16D6:  MOVF   3F,W
16D7:  MOVWF  46
16D8:  MOVLW  02
16D9:  MOVWF  4A
16DA:  MOVLP  08
16DB:  MOVLB  00
16DC:  CALL   11A
16DD:  MOVLP  10
....................                 break;     
16DE:  GOTO   710
....................             default:  
....................                 sprintf(out_buffer+1,"?Status,%c,%.2f",'U',Vdd) ; 
16DF:  MOVLW  20
16E0:  MOVLB  03
16E1:  MOVWF  38
16E2:  MOVLW  38
16E3:  MOVWF  37
16E4:  MOVLW  C9
16E5:  MOVLB  11
16E6:  MOVWF  11
16E7:  MOVLW  00
16E8:  MOVWF  12
16E9:  BCF    03.0
16EA:  MOVLW  08
16EB:  MOVLB  03
16EC:  MOVWF  4C
16ED:  MOVLP  08
16EE:  MOVLB  00
16EF:  CALL   000
16F0:  MOVLP  10
16F1:  MOVLW  55
16F2:  MOVLB  03
16F3:  MOVWF  58
16F4:  MOVLP  00
16F5:  MOVLB  00
16F6:  CALL   7BD
16F7:  MOVLP  10
16F8:  MOVLW  2C
16F9:  MOVLB  03
16FA:  MOVWF  58
16FB:  MOVLP  00
16FC:  MOVLB  00
16FD:  CALL   7BD
16FE:  MOVLP  10
16FF:  MOVLW  89
1700:  MOVWF  04
1701:  MOVLB  03
1702:  MOVF   42,W
1703:  MOVWF  49
1704:  MOVF   41,W
1705:  MOVWF  48
1706:  MOVF   40,W
1707:  MOVWF  47
1708:  MOVF   3F,W
1709:  MOVWF  46
170A:  MOVLW  02
170B:  MOVWF  4A
170C:  MOVLP  08
170D:  MOVLB  00
170E:  CALL   11A
170F:  MOVLP  10
....................         }  
....................        
.................... } 
1710:  GOTO   713
....................     else out_buffer[0]= 2; // 2 sintax error   
1711:  MOVLW  02
1712:  MOVWF  57
....................  
.................... } 
....................  
....................  
....................  void ANORP_SLEEP(void){ 
....................  // Sleep mode/low power : Send any character or command to awaken device  
....................  // Command syntax: Sleep; Resposta : no response (Do not read status byte after issuing sleep command.) 
....................  // Consumo: 5V-  led on, 10.5 mA ; standby( 7,5 mA) sleep ( 5,8 mA) ;  
....................  // Consumo: 3.3 V- led on 6.65 mA  ;standby( 5.5mA) sleep (3.8 mA) ;  
....................  if( (strcmp(CMD,in_buffer)==0)&&(CMD2[0]=='\0')&&(VALOR[0]=='\0') ) { 
1715:  MOVLW  20
1716:  MOVLB  03
1717:  MOVWF  4D
1718:  MOVLW  60
1719:  MOVWF  4C
171A:  MOVLW  20
171B:  MOVWF  4F
171C:  MOVLW  0E
171D:  MOVWF  4E
171E:  MOVLP  00
171F:  MOVLB  00
1720:  CALL   342
1721:  MOVLP  10
1722:  MOVF   78,F
1723:  BTFSS  03.2
1724:  GOTO   73D
1725:  MOVLB  01
1726:  MOVF   38,F
1727:  BTFSC  03.2
1728:  GOTO   72B
1729:  MOVLB  00
172A:  GOTO   73D
172B:  MOVF   3E,F
172C:  BTFSC  03.2
172D:  GOTO   730
172E:  MOVLB  00
172F:  GOTO   73D
....................     SLEEP_exe= TRUE ; // indica a execucao do modo Sleep; Usado para a interrupcao I2C não interpretar como comando quando o usuario fazer: (Send any character or command to awaken device ) 
1730:  BSF    70.2
....................     LATA1=0; // desliga o led 
1731:  MOVLB  02
1732:  BCF    0C.1
....................     disable_Modulos_PIC(); // desabilita todos os modulos do PIC para consumir menos energia (exceto alguns que eu não estou alterando ex, i2c uart, gerador do Fosc etc) 
1733:  MOVLP  00
1734:  MOVLB  00
1735:  CALL   0D5
1736:  MOVLP  10
....................     sleep();  // comando passado é da forma Sleep 
1737:  SLEEP
....................     SLEEP_exe= FALSE; 
1738:  BCF    70.2
....................     renable_Modulos_PIC(); // reabilita e configura os modulos do Pic que estou utilizando  
1739:  MOVLP  00
173A:  CALL   101
173B:  MOVLP  10
....................  } 
173C:  GOTO   73F
....................         
....................  
....................  else   out_buffer[0]= 2; // 2 sintax error  
173D:  MOVLW  02
173E:  MOVWF  57
....................   
....................    
....................  } 
....................  
.................... void ANORP_CAL(void) { 
.................... /* 
.................... Command syntax  
.................... Cal,n // calibrates the ORP circuit to a set value ; Response: 
.................... Cal,clear  // delete calibration data;  Response: 
.................... Cal,? //device calibrated?;   Response: 
.................... */ 
....................  
.................... char str_clear[]= "CLEAR" ;    
*
100A:  MOVLW  43
100B:  MOVLB  03
100C:  MOVWF  3F
100D:  MOVLW  4C
100E:  MOVWF  40
100F:  MOVLW  45
1010:  MOVWF  41
1011:  MOVLW  41
1012:  MOVWF  42
1013:  MOVLW  52
1014:  MOVWF  43
1015:  CLRF   44
.................... char str_interrogacao[]= "?" ; 
1016:  MOVLW  3F
1017:  MOVWF  45
1018:  CLRF   46
....................  
.................... if( (CMD2[0]=='\0')&&(VALOR[0]!='\0')) // Comando é da da forma: Cal,%c 
1019:  MOVLB  01
101A:  MOVF   38,F
101B:  BTFSS  03.2
101C:  GOTO   38B
101D:  MOVF   3E,F
101E:  BTFSC  03.2
101F:  GOTO   38B
....................  
.................... {     
....................      
....................     if(isStr_float(VALOR) ) {   // Cal,n  
1020:  MOVLW  20
1021:  MOVLB  03
1022:  MOVWF  4D
1023:  MOVLW  6E
1024:  MOVWF  4C
*
10D5:  MOVF   78,F
10D6:  BTFSC  03.2
10D7:  GOTO   2CA
....................  
....................     offset_cal.valor=  atof(VALOR) -get_orp_value_mV(); // 
10D8:  MOVLW  20
10D9:  MOVWF  4D
10DA:  MOVLW  6E
10DB:  MOVWF  4C
10DC:  CLRF   4F
10DD:  CLRF   4E
*
121A:  MOVF   7A,W
121B:  MOVWF  4F
121C:  MOVF   79,W
121D:  MOVWF  4E
121E:  MOVF   78,W
121F:  MOVWF  4D
1220:  MOVF   77,W
1221:  MOVWF  4C
1222:  MOVLP  00
1223:  MOVLB  00
1224:  CALL   6AE
1225:  MOVLP  10
1226:  MOVF   05,W
1227:  MOVLB  03
1228:  MOVWF  51
1229:  MOVF   04,W
122A:  MOVWF  50
122B:  BSF    03.1
122C:  MOVF   4F,W
122D:  MOVWF  63
122E:  MOVF   4E,W
122F:  MOVWF  62
1230:  MOVF   4D,W
1231:  MOVWF  61
1232:  MOVF   4C,W
1233:  MOVWF  60
1234:  MOVF   7A,W
1235:  MOVWF  67
1236:  MOVF   79,W
1237:  MOVWF  66
1238:  MOVF   78,W
1239:  MOVWF  65
123A:  MOVF   77,W
123B:  MOVWF  64
123C:  MOVLP  00
123D:  MOVLB  00
123E:  CALL   557
123F:  MOVLP  10
1240:  MOVLB  03
1241:  MOVF   51,W
1242:  MOVWF  05
1243:  MOVF   50,W
1244:  MOVWF  04
1245:  MOVF   7A,W
1246:  MOVWF  36
1247:  MOVF   79,W
1248:  MOVWF  35
1249:  MOVF   78,W
124A:  MOVWF  34
124B:  MOVF   77,W
124C:  MOVWF  33
....................     
....................     // salva na eeprom 
....................     write_eeprom(OFFSET_CAL_ADDRESS   , offset_cal.valor_byte[0] ); 
124D:  MOVF   0B,W
124E:  MOVWF  77
124F:  BCF    0B.7
1250:  MOVLW  0A
1251:  MOVLB  11
1252:  MOVWF  11
1253:  MOVLW  70
1254:  MOVWF  12
1255:  MOVLB  03
1256:  MOVF   33,W
1257:  MOVLB  11
1258:  MOVWF  13
1259:  BSF    15.6
125A:  BSF    15.2
125B:  MOVLW  55
125C:  MOVWF  16
125D:  MOVLW  AA
125E:  MOVWF  16
125F:  BSF    15.1
1260:  BTFSC  15.1
1261:  GOTO   260
1262:  BCF    15.2
1263:  BCF    15.6
1264:  MOVF   77,W
1265:  IORWF  0B,F
....................     write_eeprom(OFFSET_CAL_ADDRESS +1, offset_cal.valor_byte[1] ); 
1266:  MOVF   0B,W
1267:  MOVWF  77
1268:  BCF    0B.7
1269:  MOVLW  0B
126A:  MOVWF  11
126B:  MOVLW  70
126C:  MOVWF  12
126D:  MOVLB  03
126E:  MOVF   34,W
126F:  MOVLB  11
1270:  MOVWF  13
1271:  BSF    15.6
1272:  BSF    15.2
1273:  MOVLW  55
1274:  MOVWF  16
1275:  MOVLW  AA
1276:  MOVWF  16
1277:  BSF    15.1
1278:  BTFSC  15.1
1279:  GOTO   278
127A:  BCF    15.2
127B:  BCF    15.6
127C:  MOVF   77,W
127D:  IORWF  0B,F
....................     write_eeprom(OFFSET_CAL_ADDRESS +2, offset_cal.valor_byte[2] ); 
127E:  MOVF   0B,W
127F:  MOVWF  77
1280:  BCF    0B.7
1281:  MOVLW  0C
1282:  MOVWF  11
1283:  MOVLW  70
1284:  MOVWF  12
1285:  MOVLB  03
1286:  MOVF   35,W
1287:  MOVLB  11
1288:  MOVWF  13
1289:  BSF    15.6
128A:  BSF    15.2
128B:  MOVLW  55
128C:  MOVWF  16
128D:  MOVLW  AA
128E:  MOVWF  16
128F:  BSF    15.1
1290:  BTFSC  15.1
1291:  GOTO   290
1292:  BCF    15.2
1293:  BCF    15.6
1294:  MOVF   77,W
1295:  IORWF  0B,F
....................     write_eeprom(OFFSET_CAL_ADDRESS +3, offset_cal.valor_byte[3] );     
1296:  MOVF   0B,W
1297:  MOVWF  77
1298:  BCF    0B.7
1299:  MOVLW  0D
129A:  MOVWF  11
129B:  MOVLW  70
129C:  MOVWF  12
129D:  MOVLB  03
129E:  MOVF   36,W
129F:  MOVLB  11
12A0:  MOVWF  13
12A1:  BSF    15.6
12A2:  BSF    15.2
12A3:  MOVLW  55
12A4:  MOVWF  16
12A5:  MOVLW  AA
12A6:  MOVWF  16
12A7:  BSF    15.1
12A8:  BTFSC  15.1
12A9:  GOTO   2A8
12AA:  BCF    15.2
12AB:  BCF    15.6
12AC:  MOVF   77,W
12AD:  IORWF  0B,F
....................      
....................     device_calibrated=TRUE; 
12AE:  MOVLW  01
12AF:  MOVWF  73
....................     write_eeprom(DEVICE_CALIBRATED_ADDRESS,device_calibrated);    
12B0:  MOVF   0B,W
12B1:  MOVWF  77
12B2:  BCF    0B.7
12B3:  CLRF   11
12B4:  MOVLW  70
12B5:  MOVWF  12
12B6:  MOVF   73,W
12B7:  MOVWF  13
12B8:  BSF    15.6
12B9:  BSF    15.2
12BA:  MOVLW  55
12BB:  MOVWF  16
12BC:  MOVLW  AA
12BD:  MOVWF  16
12BE:  BSF    15.1
12BF:  BTFSC  15.1
12C0:  GOTO   2BF
12C1:  BCF    15.2
12C2:  BCF    15.6
12C3:  MOVF   77,W
12C4:  IORWF  0B,F
....................      
....................     out_buffer[0]= 1; // Response 1 NULL  
12C5:  MOVLW  01
12C6:  MOVLB  00
12C7:  MOVWF  57
....................     } 
12C8:  GOTO   389
12C9:  MOVLB  03
....................  
....................     else    if(strcmp(VALOR,str_clear)==0){ // Cal,clear 
12CA:  MOVLW  20
12CB:  MOVWF  4D
12CC:  MOVLW  6E
12CD:  MOVWF  4C
12CE:  MOVLW  21
12CF:  MOVWF  4F
12D0:  MOVLW  0F
12D1:  MOVWF  4E
12D2:  MOVLP  00
12D3:  MOVLB  00
12D4:  CALL   342
12D5:  MOVLP  10
12D6:  MOVF   78,F
12D7:  BTFSS  03.2
12D8:  GOTO   359
....................                             offset_cal.valor=0; 
12D9:  MOVLB  03
12DA:  CLRF   36
12DB:  CLRF   35
12DC:  CLRF   34
12DD:  CLRF   33
....................                              
....................                             // salva na eeprom 
....................                             write_eeprom(OFFSET_CAL_ADDRESS   , offset_cal.valor_byte[0] ); 
12DE:  MOVF   0B,W
12DF:  MOVWF  77
12E0:  BCF    0B.7
12E1:  MOVLW  0A
12E2:  MOVLB  11
12E3:  MOVWF  11
12E4:  MOVLW  70
12E5:  MOVWF  12
12E6:  MOVLB  03
12E7:  MOVF   33,W
12E8:  MOVLB  11
12E9:  MOVWF  13
12EA:  BSF    15.6
12EB:  BSF    15.2
12EC:  MOVLW  55
12ED:  MOVWF  16
12EE:  MOVLW  AA
12EF:  MOVWF  16
12F0:  BSF    15.1
12F1:  BTFSC  15.1
12F2:  GOTO   2F1
12F3:  BCF    15.2
12F4:  BCF    15.6
12F5:  MOVF   77,W
12F6:  IORWF  0B,F
....................                             write_eeprom(OFFSET_CAL_ADDRESS +1, offset_cal.valor_byte[1] ); 
12F7:  MOVF   0B,W
12F8:  MOVWF  77
12F9:  BCF    0B.7
12FA:  MOVLW  0B
12FB:  MOVWF  11
12FC:  MOVLW  70
12FD:  MOVWF  12
12FE:  MOVLB  03
12FF:  MOVF   34,W
1300:  MOVLB  11
1301:  MOVWF  13
1302:  BSF    15.6
1303:  BSF    15.2
1304:  MOVLW  55
1305:  MOVWF  16
1306:  MOVLW  AA
1307:  MOVWF  16
1308:  BSF    15.1
1309:  BTFSC  15.1
130A:  GOTO   309
130B:  BCF    15.2
130C:  BCF    15.6
130D:  MOVF   77,W
130E:  IORWF  0B,F
....................                             write_eeprom(OFFSET_CAL_ADDRESS +2, offset_cal.valor_byte[2] ); 
130F:  MOVF   0B,W
1310:  MOVWF  77
1311:  BCF    0B.7
1312:  MOVLW  0C
1313:  MOVWF  11
1314:  MOVLW  70
1315:  MOVWF  12
1316:  MOVLB  03
1317:  MOVF   35,W
1318:  MOVLB  11
1319:  MOVWF  13
131A:  BSF    15.6
131B:  BSF    15.2
131C:  MOVLW  55
131D:  MOVWF  16
131E:  MOVLW  AA
131F:  MOVWF  16
1320:  BSF    15.1
1321:  BTFSC  15.1
1322:  GOTO   321
1323:  BCF    15.2
1324:  BCF    15.6
1325:  MOVF   77,W
1326:  IORWF  0B,F
....................                             write_eeprom(OFFSET_CAL_ADDRESS +3, offset_cal.valor_byte[3] );    
1327:  MOVF   0B,W
1328:  MOVWF  77
1329:  BCF    0B.7
132A:  MOVLW  0D
132B:  MOVWF  11
132C:  MOVLW  70
132D:  MOVWF  12
132E:  MOVLB  03
132F:  MOVF   36,W
1330:  MOVLB  11
1331:  MOVWF  13
1332:  BSF    15.6
1333:  BSF    15.2
1334:  MOVLW  55
1335:  MOVWF  16
1336:  MOVLW  AA
1337:  MOVWF  16
1338:  BSF    15.1
1339:  BTFSC  15.1
133A:  GOTO   339
133B:  BCF    15.2
133C:  BCF    15.6
133D:  MOVF   77,W
133E:  IORWF  0B,F
....................                              
....................                             device_calibrated=FALSE; 
133F:  CLRF   73
....................                             write_eeprom(DEVICE_CALIBRATED_ADDRESS,device_calibrated);   
1340:  MOVF   0B,W
1341:  MOVWF  77
1342:  BCF    0B.7
1343:  CLRF   11
1344:  MOVLW  70
1345:  MOVWF  12
1346:  MOVF   73,W
1347:  MOVWF  13
1348:  BSF    15.6
1349:  BSF    15.2
134A:  MOVLW  55
134B:  MOVWF  16
134C:  MOVLW  AA
134D:  MOVWF  16
134E:  BSF    15.1
134F:  BTFSC  15.1
1350:  GOTO   34F
1351:  BCF    15.2
1352:  BCF    15.6
1353:  MOVF   77,W
1354:  IORWF  0B,F
....................                              
....................                             out_buffer[0]= 1; // Response: 1 NULL              
1355:  MOVLW  01
1356:  MOVLB  00
1357:  MOVWF  57
....................                                         } 
1358:  GOTO   389
....................          
....................     else  if(strcmp(VALOR,str_interrogacao)==0){ // Cal,? 
1359:  MOVLW  20
135A:  MOVLB  03
135B:  MOVWF  4D
135C:  MOVLW  6E
135D:  MOVWF  4C
135E:  MOVLW  21
135F:  MOVWF  4F
1360:  MOVLW  15
1361:  MOVWF  4E
1362:  MOVLP  00
1363:  MOVLB  00
1364:  CALL   342
1365:  MOVLP  10
1366:  MOVF   78,F
1367:  BTFSS  03.2
1368:  GOTO   387
....................                                              out_buffer[0]= 1; // Response Code: 1  
1369:  MOVLW  01
136A:  MOVWF  57
....................                                              sprintf(out_buffer+1,"?Cal,%d",device_calibrated) ; 
136B:  MOVLW  20
136C:  MOVLB  03
136D:  MOVWF  38
136E:  MOVLW  38
136F:  MOVWF  37
1370:  MOVLW  D1
1371:  MOVLB  11
1372:  MOVWF  11
1373:  MOVLW  00
1374:  MOVWF  12
1375:  BCF    03.0
1376:  MOVLW  05
1377:  MOVLB  03
1378:  MOVWF  4C
1379:  MOVLP  08
137A:  MOVLB  00
137B:  CALL   000
137C:  MOVLP  10
137D:  MOVF   73,W
137E:  MOVLB  03
137F:  MOVWF  4C
1380:  MOVLW  18
1381:  MOVWF  4D
1382:  MOVLP  08
1383:  MOVLB  00
1384:  CALL   05C
1385:  MOVLP  10
....................                                                } 
1386:  GOTO   389
....................                      else out_buffer[0]= 2;  // ErroSintaxe: Segundo argumento é inválido 
1387:  MOVLW  02
1388:  MOVWF  57
....................  
.................... } 
1389:  GOTO   38E
138A:  MOVLB  01
....................  
.................... else out_buffer[0]= 2;  // ErroSintaxe: comando invalido 
138B:  MOVLW  02
138C:  MOVLB  00
138D:  MOVWF  57
.................... } 
....................  
.................... void ANORP_FACTORY(void){ 
....................     
.................... /*  
.................... Clears calibration 
.................... LED on 
.................... Response codes enabled 
....................  *  
....................  * Command syntax 
....................  Factory  // enable factory reset 
....................  Response: device reboot 
....................  */ 
....................      
.................... if( (strcmp(CMD,in_buffer)==0)&&(CMD2[0]=='\0')&&(VALOR[0]=='\0')) // Comando passada é da forma: Factory 
1390:  MOVLW  20
1391:  MOVLB  03
1392:  MOVWF  4D
1393:  MOVLW  60
1394:  MOVWF  4C
1395:  MOVLW  20
1396:  MOVWF  4F
1397:  MOVLW  0E
1398:  MOVWF  4E
1399:  MOVLP  00
139A:  MOVLB  00
139B:  CALL   342
139C:  MOVLP  10
139D:  MOVF   78,F
139E:  BTFSS  03.2
139F:  GOTO   42D
13A0:  MOVLB  01
13A1:  MOVF   38,F
13A2:  BTFSC  03.2
13A3:  GOTO   3A6
13A4:  MOVLB  00
13A5:  GOTO   42D
13A6:  MOVF   3E,F
13A7:  BTFSC  03.2
13A8:  GOTO   3AB
13A9:  MOVLB  00
13AA:  GOTO   42D
.................... {     
.................... // Clears calibration 
.................... offset_cal.valor=0 ; // valor de offset de calibracao de fabrica  
13AB:  MOVLB  03
13AC:  CLRF   36
13AD:  CLRF   35
13AE:  CLRF   34
13AF:  CLRF   33
.................... write_eeprom(OFFSET_CAL_ADDRESS   , offset_cal.valor_byte[0] ); 
13B0:  MOVF   0B,W
13B1:  MOVWF  77
13B2:  BCF    0B.7
13B3:  MOVLW  0A
13B4:  MOVLB  11
13B5:  MOVWF  11
13B6:  MOVLW  70
13B7:  MOVWF  12
13B8:  MOVLB  03
13B9:  MOVF   33,W
13BA:  MOVLB  11
13BB:  MOVWF  13
13BC:  BSF    15.6
13BD:  BSF    15.2
13BE:  MOVLW  55
13BF:  MOVWF  16
13C0:  MOVLW  AA
13C1:  MOVWF  16
13C2:  BSF    15.1
13C3:  BTFSC  15.1
13C4:  GOTO   3C3
13C5:  BCF    15.2
13C6:  BCF    15.6
13C7:  MOVF   77,W
13C8:  IORWF  0B,F
.................... write_eeprom(OFFSET_CAL_ADDRESS +1, offset_cal.valor_byte[1] ); 
13C9:  MOVF   0B,W
13CA:  MOVWF  77
13CB:  BCF    0B.7
13CC:  MOVLW  0B
13CD:  MOVWF  11
13CE:  MOVLW  70
13CF:  MOVWF  12
13D0:  MOVLB  03
13D1:  MOVF   34,W
13D2:  MOVLB  11
13D3:  MOVWF  13
13D4:  BSF    15.6
13D5:  BSF    15.2
13D6:  MOVLW  55
13D7:  MOVWF  16
13D8:  MOVLW  AA
13D9:  MOVWF  16
13DA:  BSF    15.1
13DB:  BTFSC  15.1
13DC:  GOTO   3DB
13DD:  BCF    15.2
13DE:  BCF    15.6
13DF:  MOVF   77,W
13E0:  IORWF  0B,F
.................... write_eeprom(OFFSET_CAL_ADDRESS +2, offset_cal.valor_byte[2] ); 
13E1:  MOVF   0B,W
13E2:  MOVWF  77
13E3:  BCF    0B.7
13E4:  MOVLW  0C
13E5:  MOVWF  11
13E6:  MOVLW  70
13E7:  MOVWF  12
13E8:  MOVLB  03
13E9:  MOVF   35,W
13EA:  MOVLB  11
13EB:  MOVWF  13
13EC:  BSF    15.6
13ED:  BSF    15.2
13EE:  MOVLW  55
13EF:  MOVWF  16
13F0:  MOVLW  AA
13F1:  MOVWF  16
13F2:  BSF    15.1
13F3:  BTFSC  15.1
13F4:  GOTO   3F3
13F5:  BCF    15.2
13F6:  BCF    15.6
13F7:  MOVF   77,W
13F8:  IORWF  0B,F
.................... write_eeprom(OFFSET_CAL_ADDRESS +3, offset_cal.valor_byte[3] ); 
13F9:  MOVF   0B,W
13FA:  MOVWF  77
13FB:  BCF    0B.7
13FC:  MOVLW  0D
13FD:  MOVWF  11
13FE:  MOVLW  70
13FF:  MOVWF  12
1400:  MOVLB  03
1401:  MOVF   36,W
1402:  MOVLB  11
1403:  MOVWF  13
1404:  BSF    15.6
1405:  BSF    15.2
1406:  MOVLW  55
1407:  MOVWF  16
1408:  MOVLW  AA
1409:  MOVWF  16
140A:  BSF    15.1
140B:  BTFSC  15.1
140C:  GOTO   40B
140D:  BCF    15.2
140E:  BCF    15.6
140F:  MOVF   77,W
1410:  IORWF  0B,F
....................  
.................... device_calibrated= FALSE; 
1411:  CLRF   73
.................... write_eeprom(DEVICE_CALIBRATED_ADDRESS,device_calibrated); 
1412:  MOVF   0B,W
1413:  MOVWF  77
1414:  BCF    0B.7
1415:  CLRF   11
1416:  MOVLW  70
1417:  MOVWF  12
1418:  MOVF   73,W
1419:  MOVWF  13
141A:  BSF    15.6
141B:  BSF    15.2
141C:  MOVLW  55
141D:  MOVWF  16
141E:  MOVLW  AA
141F:  MOVWF  16
1420:  BSF    15.1
1421:  BTFSC  15.1
1422:  GOTO   421
1423:  BCF    15.2
1424:  BCF    15.6
1425:  MOVF   77,W
1426:  IORWF  0B,F
....................  
.................... //LED on 
.................... LATA1=1; 
1427:  MOVLB  02
1428:  BSF    0C.1
.................... //Response codes enabled (Falta implementar) 
....................  
.................... //Response: device reboot 
.................... out_buffer[0]=1; 
1429:  MOVLW  01
142A:  MOVLB  00
142B:  MOVWF  57
.................... //sprintf(out_buffer,"%s", "device reboot") ; 
....................  
.................... } 
142C:  GOTO   42F
....................  
.................... else out_buffer[0]= 2; // 2 sintax error   
142D:  MOVLW  02
142E:  MOVWF  57
.................... } 
....................  
....................  
.................... // Funções de comunicação com o MCP3421 
.................... #ifndef debug  
....................  
.................... ////////////////////////////////////////////////////////////////////////////////// 
.................... // adc_init() 
.................... // Purpose: To initialize the MCP3421. 
.................... // Parameters: address - Optional parameter for specifying the address of the 
.................... //                       MCP3421 to initialize.  Allows for initializing multiple 
.................... //                       devices on same bus.  Driver only supports one device 
.................... //                       configuration.  Defaults to MCP3421_ADDRESS if not 
.................... //                       specified. 
.................... // Returns:    Nothing. 
.................... ////////////////////////////////////////////////////////////////////////////////// 
....................  
.................... void adc_init(unsigned int8 address=MCP3421_ADDRESS) 
.................... { 
....................   i2c_start(MCP3421_STREAM);  //send I2C start 
*
0128:  MOVLB  04
0129:  BSF    1E.0
012A:  BTFSC  1E.0
012B:  GOTO   12A
....................   i2c_write(MCP3421_STREAM, MCP3421_DEVICE_CODE | (address << 1));  //send write command 
012C:  BCF    03.0
012D:  MOVLB  03
012E:  RLF    40,W
012F:  IORLW  D0
0130:  MOVWF  41
0131:  MOVWF  67
0132:  MOVLB  00
0133:  CALL   0EC
....................   i2c_write(MCP3421_STREAM, MCP3421_MODE | MCP3421_BITS | MCP3421_GAIN);  //send device configuration 
0134:  MOVLW  1C
0135:  MOVLB  03
0136:  MOVWF  67
0137:  MOVLB  00
0138:  CALL   0EC
....................   i2c_stop(MCP3421_STREAM);  //send I2C stop 
0139:  MOVLB  04
013A:  BSF    1E.2
013B:  BTFSC  1E.2
013C:  GOTO   13B
.................... } 
....................  
.................... ////////////////////////////////////////////////////////////////////////////////// 
.................... // read_adc_mcp3421() 
.................... // Purpose: To read the last adc conversion from device, raw value read from 
.................... //          device. If device configured for One-Shot mode, it will initiate the 
.................... //          conversion.  Function will wait for a new conversion before returning. 
.................... // Parameter: address - Optional parameter for specifying the address of the 
.................... //                      MCP3421 to read.  Allows for reading multiple devices on 
.................... //                      same bus.  Defaults to MCP3421_ADDRESS if not specified. 
.................... // Returns:   signed int32 or signed int16 value depending MCP3421_BITS value. 
.................... ////////////////////////////////////////////////////////////////////////////////// 
.................... #if MCP3421_BITS == MCP3421_18BITS 
.................... signed int32 read_adc_mcp3421(unsigned int8 address=MCP3421_ADDRESS) 
.................... #else 
*
06B2:  MOVLW  80
06B3:  MOVWF  65
.................... signed int16 read_adc_mcp3421(unsigned int8 address=MCP3421_ADDRESS) 
.................... #endif 
.................... { 
....................   union 
....................   { 
....................    #if MCP3421_BITS == MCP3421_18BITS 
....................     signed int32 sint32; 
....................     unsigned int8 b[4]; 
....................    #else 
....................     signed int16 sint16; 
....................     unsigned int8 b[2]; 
....................    #endif 
....................   } result; 
....................   unsigned int8 status = 0x80; 
....................  
....................   #if MCP3421_MODE == MCP3421_ONE_SHOT 
....................    i2c_start(MCP3421_STREAM);  //send I2C start 
....................    i2c_write(MCP3421_STREAM, MCP3421_DEVICE_CODE | (address << 1));  //send write command 
....................    i2c_write(MCP3421_STREAM, MCP3421_START_CONVERSTION | MCP3421_MODE | MCP3421_BITS | MCP3421_GAIN);  //initiate conversion 
....................    i2c_stop(MCP3421_STREAM);  //send I2C stop 
....................   #endif 
....................  
....................    i2c_start(MCP3421_STREAM);  //send I2C start 
06B4:  MOVLB  04
06B5:  BSF    1E.0
06B6:  BTFSC  1E.0
06B7:  GOTO   6B6
....................    i2c_write(MCP3421_STREAM, MCP3421_DEVICE_CODE | (address << 1) | 1);  //send read command 
06B8:  BCF    03.0
06B9:  MOVLB  03
06BA:  RLF    60,W
06BB:  IORLW  D0
06BC:  IORLW  01
06BD:  MOVWF  66
06BE:  MOVWF  67
06BF:  MOVLB  00
06C0:  CALL   0EC
....................  
....................   #if MCP3421_BITS == MCP3421_18BITS 
....................    result.b[2] = i2c_read(MCP3421_STREAM, 1);  //read MSB 18 Bit mode 
06C1:  MOVLW  01
06C2:  MOVWF  77
06C3:  CALL   69E
06C4:  MOVF   78,W
06C5:  MOVLB  03
06C6:  MOVWF  63
....................   #endif 
....................    result.b[1] = i2c_read(MCP3421_STREAM, 1);  //read 2nd MSB 18 Bit mode, read MSB 16, 14 or 12 Bit mode 
06C7:  MOVLW  01
06C8:  MOVWF  77
06C9:  MOVLB  00
06CA:  CALL   69E
06CB:  MOVF   78,W
06CC:  MOVLB  03
06CD:  MOVWF  62
....................    result.b[0] = i2c_read(MCP3421_STREAM, 1);  //read LSB 
06CE:  MOVLW  01
06CF:  MOVWF  77
06D0:  MOVLB  00
06D1:  CALL   69E
06D2:  MOVF   78,W
06D3:  MOVLB  03
06D4:  MOVWF  61
....................    status = i2c_read(MCP3421_STREAM, 1);       //read Status 
06D5:  MOVLW  01
06D6:  MOVWF  77
06D7:  MOVLB  00
06D8:  CALL   69E
06D9:  MOVF   78,W
06DA:  MOVLB  03
06DB:  MOVWF  65
....................  
....................    if(bit_test(status,7))  //if RDY = 1, New conversion not ready 
06DC:  BTFSS  65.7
06DD:  GOTO   711
....................    { 
....................      do 
....................      { 
....................        status = i2c_read(MCP3421_STREAM, 1);  //read Status 
06DE:  MOVLW  01
06DF:  MOVWF  77
06E0:  MOVLB  00
06E1:  CALL   69E
06E2:  MOVF   78,W
06E3:  MOVLB  03
06E4:  MOVWF  65
....................      } while(bit_test(status, 7)); //until RDY = 0 
06E5:  BTFSC  65.7
06E6:  GOTO   6DE
....................  
....................      status = i2c_read(MCP3421_STREAM, 0);  //read Status, do nack 
06E7:  CLRF   77
06E8:  MOVLB  00
06E9:  CALL   69E
06EA:  MOVF   78,W
06EB:  MOVLB  03
06EC:  MOVWF  65
....................      i2c_stop();  //send I2C stop 
06ED:  MOVLB  04
06EE:  BSF    1E.2
06EF:  BTFSC  1E.2
06F0:  GOTO   6EF
....................  
....................      i2c_start(MCP3421_STREAM);  //send I2C start 
06F1:  BSF    1E.0
06F2:  BTFSC  1E.0
06F3:  GOTO   6F2
....................      i2c_write(MCP3421_STREAM, MCP3421_DEVICE_CODE | (address << 1) | 1);  //send read command 
06F4:  BCF    03.0
06F5:  MOVLB  03
06F6:  RLF    60,W
06F7:  IORLW  D0
06F8:  IORLW  01
06F9:  MOVWF  66
06FA:  MOVWF  67
06FB:  MOVLB  00
06FC:  CALL   0EC
....................  
....................     #if MCP3421_BITS == MCP3421_18BITS 
....................      result.b[2] = i2c_read(MCP3421_STREAM, 1);  //read MSB 18 Bit mode 
06FD:  MOVLW  01
06FE:  MOVWF  77
06FF:  CALL   69E
0700:  MOVF   78,W
0701:  MOVLB  03
0702:  MOVWF  63
....................     #endif 
....................      result.b[1] = i2c_read(MCP3421_STREAM, 1);  //read 2nd MSB 18 Bit mode, read MSB 16, 14 or 12 Bit mode 
0703:  MOVLW  01
0704:  MOVWF  77
0705:  MOVLB  00
0706:  CALL   69E
0707:  MOVF   78,W
0708:  MOVLB  03
0709:  MOVWF  62
....................      result.b[0] = i2c_read(MCP3421_STREAM, 1);  //read LSB 
070A:  MOVLW  01
070B:  MOVWF  77
070C:  MOVLB  00
070D:  CALL   69E
070E:  MOVF   78,W
070F:  MOVLB  03
0710:  MOVWF  61
....................    } 
....................  
....................    status = i2c_read(MCP3421_STREAM, 0);  //read Status, do nack 
0711:  CLRF   77
0712:  MOVLB  00
0713:  CALL   69E
0714:  MOVF   78,W
0715:  MOVLB  03
0716:  MOVWF  65
....................    i2c_stop();  //send I2C stop 
0717:  MOVLB  04
0718:  BSF    1E.2
0719:  BTFSC  1E.2
071A:  GOTO   719
....................  
....................   #if MCP3421_BITS == MCP3421_18BITS 
....................    if(bit_test(result.b[2],1))  //if 18 Bit mode check sign bit 
071B:  MOVLB  03
071C:  BTFSS  63.1
071D:  GOTO   721
....................      result.b[3] = 0xFF; 
071E:  MOVLW  FF
071F:  MOVWF  64
0720:  GOTO   722
....................    else 
....................      result.b[3] = 0; 
0721:  CLRF   64
....................   #endif 
....................  
....................   #if MCP3421_BITS == MCP3421_18BITS 
....................    return(result.sint32); 
0722:  MOVF   61,W
0723:  MOVWF  77
0724:  MOVF   62,W
0725:  MOVWF  78
0726:  MOVF   63,W
0727:  MOVWF  79
0728:  MOVF   64,W
0729:  MOVWF  7A
....................   #else 
....................    return(result.sint16); 
....................   #endif 
.................... } 
....................  
.................... ////////////////////////////////////////////////////////////////////////////////// 
.................... // read_adc_volts_mcp3421() 
.................... // Purpose: To read the last adc conversion from device, actual volt value read 
.................... //          from device. 
.................... // Parameter: address - Optional parameter for specifying the address of the 
.................... //                      MCP3421 to read.  Allows for reading multiple devices on 
.................... //                      same bus.  Defaults to MCP3421_ADDRESS if not specified. 
.................... // Returns:   float32 
.................... ////////////////////////////////////////////////////////////////////////////////// 
.................... float32 read_adc_volts_mcp3421(unsigned int8 address=MCP3421_ADDRESS) 
.................... { 
....................   #if MCP3421_BITS == MCP3421_18BITS 
....................    signed int32 result; 
....................   #else 
....................    signed int16 result; 
....................   #endif 
....................  
....................   float32 fresult; 
....................  
....................   result = read_adc_mcp3421(address); 
*
06B0:  MOVF   54,W
06B1:  MOVWF  60
*
072A:  MOVF   7A,W
072B:  MOVWF  58
072C:  MOVF   79,W
072D:  MOVWF  57
072E:  MOVF   78,W
072F:  MOVWF  56
0730:  MOVF   77,W
0731:  MOVWF  55
....................  
....................   #if MCP3421_BITS == MCP3421_12BITS 
....................    fresult = (float32)result * 0.001; 
....................   #elif MCP3421_BITS == MCP3421_14BITS 
....................    fresult = (float32)result * 0.00025; 
....................   #elif MCP3421_BITS == MCP3421_16BITS 
....................    fresult = (float32)result * 0.0000625; 
....................   #else 
....................    fresult = (float32)result * 0.000015625; 
0732:  MOVF   58,W
0733:  MOVWF  63
0734:  MOVF   57,W
0735:  MOVWF  62
0736:  MOVF   56,W
0737:  MOVWF  61
0738:  MOVF   55,W
0739:  MOVWF  60
*
0767:  MOVF   7A,W
0768:  MOVWF  63
0769:  MOVF   79,W
076A:  MOVWF  62
076B:  MOVF   78,W
076C:  MOVWF  61
076D:  MOVF   77,W
076E:  MOVWF  60
076F:  MOVF   63,W
0770:  MOVWF  67
0771:  MOVF   62,W
0772:  MOVWF  66
0773:  MOVF   61,W
0774:  MOVWF  65
0775:  MOVF   60,W
0776:  MOVWF  64
0777:  MOVLW  6F
0778:  MOVWF  6B
0779:  MOVLW  12
077A:  MOVWF  6A
077B:  MOVLW  03
077C:  MOVWF  69
077D:  MOVLW  6F
077E:  MOVWF  68
077F:  MOVLB  00
0780:  CALL   3D0
0781:  MOVF   7A,W
0782:  MOVLB  03
0783:  MOVWF  5C
0784:  MOVF   79,W
0785:  MOVWF  5B
0786:  MOVF   78,W
0787:  MOVWF  5A
0788:  MOVF   77,W
0789:  MOVWF  59
....................   #endif 
....................  
....................   #if MCP3421_GAIN == MCP3421_8X_GAIN 
....................    fresult /= 8; 
....................   #elif MCP3421_GAIN == MCP3421_4X_GAIN 
....................    fresult /= 4; 
....................   #elif MCP3421_gain == MCP3421_2X_GAIN 
....................    fresult /= 2; 
....................   #endif 
....................  
....................    return(fresult); 
078A:  MOVF   59,W
078B:  MOVWF  77
078C:  MOVF   5A,W
078D:  MOVWF  78
078E:  MOVF   5B,W
078F:  MOVWF  79
0790:  MOVF   5C,W
0791:  MOVWF  7A
.................... } 
....................  
....................  
.................... #endif 

Configuration Fuses:
   Word  1: 3FEC   NOEXTOSC RSTOSC_HFINTRC NOCLKOUT CKS FCMEN
   Word  2: 3DF8   NOMCLR PUT WDT_NOSL NOLPBOR BROWNOUT BORV27 PPS1WAY STVREN NODEBUG
   Word  3: 1FFC   WRT NOLVP
   Word  4: 3FFC   PROTECT CPD

ROM data:
003F8F: 342C                                       4,
003F90: 347F 3400 3400 3400 3482 3435 34E4 341B    44.4.4.4.454.4.
003F98: 3483 3467 34DB 34A4 3483 341E 348C 3433    4.4g4.4.4.4.4.43
003FA0: 347C 3434 3489 340A 3481 3435 3479 347C    4|444.4.4.454y4|
003FA8: 3483 3433 3402 343F 3483 341E 348C 3433    4.434.4?4.4.4.43
003FB0: 347F 3400 3400 3400 3481 34B1 348D 340A    44.4.4.4.4.4.4.
003FB8: 3481 3433 3450 34EE                        4.434P4.
003FBC: 347D 347D 34BF 3437 3481 3493 34AA 343D    4}4}4.474.4.4.4=
003FC4: 3481 3433 3450 34EE                        4.434P4.
003FC8: 347B 343A 34F3 344C 347E 34DF 349D 342B    4{4:4.4L4~4.4.4+
003FD0: 3400 3400 3400 3400 3400 3400 3400 3400    4.4.4.4.4.4.4.4.
003FD8: 347F 348A 3447 3499 3480 3400 3400 3400    44.4G4.4.4.4.4.
003FE0: 3400 3400 3400 3400 3400 3400 3400 3400    4.4.4.4.4.4.4.4.
003FE8: 3472 3459 3488 347C 3475 3426 3497 34E0    4r4Y4.4|4u4&4.4.
003FF0: 3478 341E 341D 34C4 347A 3463 3450 345E    4x4.4.4.4z4c4P4^
003FF8: 347C 3475 34FE 341A 347E 3431 3472 3418    4|4u4.4.4~414r4.
