CCS PCM C Compiler, Version 5.080, 43599               08-jul-19 17:30

               Filename:   C:\Users\Leonardo\MPLABXProjects\Pic_orp_Atlas_emu\pic_orp_atlas_emu.X\build\default\debug\main.lst

               ROM used:   3085 words (19%)
                           Largest free fragment is 2048
               RAM used:   277 (14%) at main() level
                           330 (16%) worst case
               Stack used: 0 locations
               Stack size: 15

*
0000:  NOP
0001:  MOVLP  00
0002:  GOTO   5B7
0004:  CLRF   03
0005:  MOVLP  00
0006:  MOVLB  00
0007:  MOVF   77,W
0008:  MOVWF  20
0009:  MOVF   78,W
000A:  MOVWF  21
000B:  MOVF   79,W
000C:  MOVWF  22
000D:  MOVF   7A,W
000E:  MOVWF  23
000F:  MOVLB  11
0010:  MOVF   11,W
0011:  MOVLB  00
0012:  MOVWF  24
0013:  MOVLB  11
0014:  MOVF   12,W
0015:  MOVLB  00
0016:  MOVWF  25
0017:  MOVLB  11
0018:  MOVF   13,W
0019:  MOVLB  00
001A:  MOVWF  26
001B:  MOVLB  11
001C:  MOVF   14,W
001D:  MOVLB  00
001E:  MOVWF  27
001F:  CLRF   05
0020:  MOVLW  91
0021:  MOVWF  04
0022:  BTFSS  00.3
0023:  GOTO   026
0024:  BTFSC  11.3
0025:  GOTO   03F
0026:  MOVF   20,W
0027:  MOVWF  77
0028:  MOVF   21,W
0029:  MOVWF  78
002A:  MOVF   22,W
002B:  MOVWF  79
002C:  MOVF   23,W
002D:  MOVWF  7A
002E:  MOVF   24,W
002F:  MOVLB  11
0030:  MOVWF  11
0031:  MOVLB  00
0032:  MOVF   25,W
0033:  MOVLB  11
0034:  MOVWF  12
0035:  MOVLB  00
0036:  MOVF   26,W
0037:  MOVLB  11
0038:  MOVWF  13
0039:  MOVLB  00
003A:  MOVF   27,W
003B:  MOVLB  11
003C:  MOVWF  14
003D:  RETFIE
003E:  MOVLB  00
003F:  MOVLP  00
0040:  GOTO   041
.................... /*  
....................  * File:   main.c 
....................  * Author: Leonardo 
....................  * 
....................  * Created on 17 de Junho de 2019, 16:35 
....................  */ 
....................  
.................... /* 
....................  PIC Operating Voltage Range: 
.................... - 2.3V to 5.5V (PIC16F18326/18346) 
....................  
....................  Inicialização:  Mantém no reset até Vdd>2.3(POR) ; Se Vdd<2.3=> Desliga PIC  
....................  Durante a operação(Vdd>2.3V): caso ocorra a condicao de BOR (Vdd<VBORth) o pic Reseta até que Vdd>VBORth seja verdadeiro (tem um delay para estabilizacao de Vdd) 
....................  Modo sleep ( diminui o consumo de energia através da diminuição do consumo de corrente ( CPU e Memória ficam "paradas"  
....................  * ; Periféricos continuam operando) ) 
....................   
....................  */ 
....................  
....................  
....................  
.................... #DEVICE PIC16F18326 ADC=10 //10 is the number of bits read_adc() should return  
*
00A4:  DATA BF,34
00A5:  DATA AC,27
00A6:  DATA 52,28
00A7:  DATA AC,12
00A8:  DATA 2E,19
00A9:  DATA 66,00
00AA:  DATA BF,29
00AB:  DATA F4,30
00AC:  DATA F4,3A
00AD:  DATA 73,16
00AE:  DATA A5,31
00AF:  DATA AC,12
00B0:  DATA 2E,19
00B1:  DATA 66,00
*
0193:  MOVF   46,W
0194:  MOVWF  77
0195:  BCF    03.0
0196:  MOVLB  11
0197:  BCF    15.6
0198:  BSF    15.0
0199:  NOP
019A:  NOP
019B:  MOVF   13,W
019C:  MOVWF  00
019D:  ADDFSR 01,FSR0
019E:  INCF   11,F
019F:  BTFSC  03.2
01A0:  INCF   12,F
01A1:  DECFSZ 77,F
01A2:  GOTO   198
*
035A:  MOVLB  03
035B:  MOVF   34,W
035C:  MOVWF  05
035D:  MOVF   33,W
035E:  MOVWF  04
035F:  MOVF   50,W
0360:  MOVWI  W,[FSR0++]
0361:  CLRF   00
0362:  INCF   33,F
0363:  BTFSC  03.2
0364:  INCF   34,F
0365:  MOVLB  00
0366:  RETURN
0367:  MOVF   0B,W
0368:  BCF    0B.7
0369:  MOVLB  11
036A:  BCF    15.6
036B:  BSF    15.0
036C:  NOP
036D:  NOP
036E:  BTFSC  09.7
036F:  BSF    0B.7
0370:  BTFSC  03.0
0371:  GOTO   39A
0372:  MOVF   13,W
0373:  ANDLW  7F
0374:  MOVLB  03
0375:  MOVWF  43
0376:  MOVLB  11
0377:  MOVF   11,W
0378:  MOVLB  03
0379:  MOVWF  44
037A:  MOVLB  11
037B:  MOVF   12,W
037C:  MOVLB  03
037D:  MOVWF  45
037E:  MOVF   43,W
037F:  MOVWF  50
0380:  MOVLB  00
0381:  CALL   35A
0382:  MOVLB  03
0383:  MOVF   44,W
0384:  MOVLB  11
0385:  MOVWF  11
0386:  MOVLB  03
0387:  MOVF   45,W
0388:  MOVLB  11
0389:  MOVWF  12
038A:  MOVF   0B,W
038B:  BCF    0B.7
038C:  BCF    15.6
038D:  BSF    15.0
038E:  NOP
038F:  NOP
0390:  BTFSC  09.7
0391:  BSF    0B.7
0392:  MOVLB  03
0393:  DECFSZ 40,F
0394:  GOTO   396
0395:  GOTO   398
0396:  MOVLB  11
0397:  GOTO   39A
0398:  GOTO   3BD
0399:  MOVLB  11
039A:  RLF    13,W
039B:  RLF    14,W
039C:  ANDLW  7F
039D:  MOVLB  03
039E:  MOVWF  43
039F:  MOVLB  11
03A0:  MOVF   11,W
03A1:  MOVLB  03
03A2:  MOVWF  44
03A3:  MOVLB  11
03A4:  MOVF   12,W
03A5:  MOVLB  03
03A6:  MOVWF  45
03A7:  MOVF   43,W
03A8:  MOVWF  50
03A9:  MOVLB  00
03AA:  CALL   35A
03AB:  MOVLB  03
03AC:  MOVF   44,W
03AD:  MOVLB  11
03AE:  MOVWF  11
03AF:  MOVLB  03
03B0:  MOVF   45,W
03B1:  MOVLB  11
03B2:  MOVWF  12
03B3:  INCF   11,F
03B4:  BTFSC  03.2
03B5:  INCF   12,F
03B6:  BCF    03.0
03B7:  MOVLB  03
03B8:  DECFSZ 40,F
03B9:  GOTO   3BB
03BA:  GOTO   3BD
03BB:  MOVLB  00
03BC:  GOTO   367
03BD:  MOVLB  00
03BE:  RETURN
03BF:  MOVLB  03
03C0:  MOVF   50,W
03C1:  BTFSC  03.2
03C2:  GOTO   430
03C3:  MOVWF  5C
03C4:  MOVF   54,W
03C5:  BTFSC  03.2
03C6:  GOTO   430
03C7:  ADDWF  5C,F
03C8:  BTFSC  03.0
03C9:  GOTO   3D1
03CA:  MOVLW  7F
03CB:  SUBWF  5C,F
03CC:  BTFSS  03.0
03CD:  GOTO   430
03CE:  BTFSC  03.2
03CF:  GOTO   430
03D0:  GOTO   3D5
03D1:  MOVLW  81
03D2:  ADDWF  5C,F
03D3:  BTFSC  03.0
03D4:  GOTO   430
03D5:  MOVF   5C,W
03D6:  MOVWF  77
03D7:  CLRF   78
03D8:  CLRF   79
03D9:  CLRF   7A
03DA:  MOVF   51,W
03DB:  MOVWF  60
03DC:  BSF    60.7
03DD:  MOVF   52,W
03DE:  MOVWF  5F
03DF:  MOVF   53,W
03E0:  MOVWF  5E
03E1:  MOVLW  18
03E2:  MOVWF  5C
03E3:  CLRF   5D
03E4:  BTFSS  5E.0
03E5:  GOTO   3FE
03E6:  MOVF   57,W
03E7:  ADDWF  7A,F
03E8:  BTFSS  03.0
03E9:  GOTO   3F0
03EA:  INCF   79,F
03EB:  BTFSS  03.2
03EC:  GOTO   3F0
03ED:  INCF   78,F
03EE:  BTFSC  03.2
03EF:  BSF    5D.7
03F0:  MOVF   56,W
03F1:  ADDWF  79,F
03F2:  BTFSS  03.0
03F3:  GOTO   3F7
03F4:  INCF   78,F
03F5:  BTFSC  03.2
03F6:  BSF    5D.7
03F7:  MOVF   55,W
03F8:  MOVWF  52
03F9:  BSF    52.7
03FA:  MOVF   52,W
03FB:  ADDWF  78,F
03FC:  BTFSC  03.0
03FD:  BSF    5D.7
03FE:  RLF    5D,F
03FF:  RRF    78,F
0400:  RRF    79,F
0401:  RRF    7A,F
0402:  RRF    60,F
0403:  RRF    5F,F
0404:  RRF    5E,F
0405:  BCF    03.0
0406:  DECFSZ 5C,F
0407:  GOTO   3E3
0408:  MOVLW  01
0409:  ADDWF  77,F
040A:  BTFSC  03.0
040B:  GOTO   430
040C:  BTFSC  78.7
040D:  GOTO   415
040E:  RLF    60,F
040F:  RLF    7A,F
0410:  RLF    79,F
0411:  RLF    78,F
0412:  DECF   77,F
0413:  BTFSC  03.2
0414:  GOTO   430
0415:  BTFSS  60.7
0416:  GOTO   426
0417:  INCF   7A,F
0418:  BTFSS  03.2
0419:  GOTO   426
041A:  INCF   79,F
041B:  BTFSS  03.2
041C:  GOTO   426
041D:  INCF   78,F
041E:  BTFSS  03.2
041F:  GOTO   426
0420:  RRF    78,F
0421:  RRF    79,F
0422:  RRF    7A,F
0423:  INCF   77,F
0424:  BTFSC  03.2
0425:  GOTO   430
0426:  MOVF   51,W
0427:  MOVWF  5D
0428:  MOVF   55,W
0429:  XORWF  5D,F
042A:  BTFSS  5D.7
042B:  GOTO   42E
042C:  BSF    78.7
042D:  GOTO   434
042E:  BCF    78.7
042F:  GOTO   434
0430:  CLRF   77
0431:  CLRF   78
0432:  CLRF   79
0433:  CLRF   7A
0434:  MOVLB  00
0435:  RETURN
0436:  BTFSC  03.1
0437:  GOTO   43C
0438:  MOVLW  21
0439:  MOVWF  05
043A:  MOVLW  2C
043B:  MOVWF  04
043C:  CLRF   77
043D:  CLRF   78
043E:  CLRF   79
043F:  CLRF   7A
0440:  MOVLB  03
0441:  CLRF   5C
0442:  CLRF   5D
0443:  CLRF   5E
0444:  CLRF   5F
0445:  MOVF   57,W
0446:  IORWF  56,W
0447:  IORWF  55,W
0448:  IORWF  54,W
0449:  BTFSC  03.2
044A:  GOTO   47B
044B:  MOVLW  20
044C:  MOVWF  60
044D:  BCF    03.0
044E:  RLF    50,F
044F:  RLF    51,F
0450:  RLF    52,F
0451:  RLF    53,F
0452:  RLF    5C,F
0453:  RLF    5D,F
0454:  RLF    5E,F
0455:  RLF    5F,F
0456:  MOVF   57,W
0457:  SUBWF  5F,W
0458:  BTFSS  03.2
0459:  GOTO   464
045A:  MOVF   56,W
045B:  SUBWF  5E,W
045C:  BTFSS  03.2
045D:  GOTO   464
045E:  MOVF   55,W
045F:  SUBWF  5D,W
0460:  BTFSS  03.2
0461:  GOTO   464
0462:  MOVF   54,W
0463:  SUBWF  5C,W
0464:  BTFSS  03.0
0465:  GOTO   475
0466:  MOVF   54,W
0467:  SUBWF  5C,F
0468:  MOVF   55,W
0469:  BTFSS  03.0
046A:  INCFSZ 55,W
046B:  SUBWF  5D,F
046C:  MOVF   56,W
046D:  BTFSS  03.0
046E:  INCFSZ 56,W
046F:  SUBWF  5E,F
0470:  MOVF   57,W
0471:  BTFSS  03.0
0472:  INCFSZ 57,W
0473:  SUBWF  5F,F
0474:  BSF    03.0
0475:  RLF    77,F
0476:  RLF    78,F
0477:  RLF    79,F
0478:  RLF    7A,F
0479:  DECFSZ 60,F
047A:  GOTO   44D
047B:  MOVF   5C,W
047C:  MOVWF  00
047D:  MOVF   5D,W
047E:  MOVWI  W,[FSR0+01]
047F:  MOVF   5E,W
0480:  MOVWI  W,[FSR0+02]
0481:  MOVF   5F,W
0482:  MOVWI  W,[FSR0+03]
0483:  MOVLB  00
0484:  RETURN
0485:  MOVF   04,W
0486:  MOVLB  03
0487:  MOVWF  48
0488:  MOVF   44,W
0489:  MOVWF  4A
048A:  BTFSC  03.2
048B:  GOTO   4A7
048C:  MOVF   43,W
048D:  MOVWF  53
048E:  MOVF   42,W
048F:  MOVWF  52
0490:  MOVF   41,W
0491:  MOVWF  51
0492:  MOVF   40,W
0493:  MOVWF  50
0494:  CLRF   57
0495:  CLRF   56
0496:  MOVLW  20
0497:  MOVWF  55
0498:  MOVLW  82
0499:  MOVWF  54
049A:  MOVLB  00
049B:  CALL   3BF
049C:  MOVF   7A,W
049D:  MOVLB  03
049E:  MOVWF  43
049F:  MOVF   79,W
04A0:  MOVWF  42
04A1:  MOVF   78,W
04A2:  MOVWF  41
04A3:  MOVF   77,W
04A4:  MOVWF  40
04A5:  DECFSZ 4A,F
04A6:  GOTO   48C
04A7:  MOVF   43,W
04A8:  MOVWF  53
04A9:  MOVF   42,W
04AA:  MOVWF  52
04AB:  MOVF   41,W
04AC:  MOVWF  51
04AD:  MOVF   40,W
04AE:  MOVWF  50
04AF:  MOVF   50,W
04B0:  SUBLW  B6
04B1:  MOVWF  50
04B2:  CLRF   7A
04B3:  MOVF   51,W
04B4:  MOVWF  54
04B5:  BSF    51.7
04B6:  BCF    03.0
04B7:  RRF    51,F
04B8:  RRF    52,F
04B9:  RRF    53,F
04BA:  RRF    7A,F
04BB:  RRF    79,F
04BC:  RRF    78,F
04BD:  RRF    77,F
04BE:  DECFSZ 50,F
04BF:  GOTO   4B6
04C0:  BTFSS  54.7
04C1:  GOTO   4CD
04C2:  COMF   77,F
04C3:  COMF   78,F
04C4:  COMF   79,F
04C5:  COMF   7A,F
04C6:  INCF   77,F
04C7:  BTFSC  03.2
04C8:  INCF   78,F
04C9:  BTFSC  03.2
04CA:  INCF   79,F
04CB:  BTFSC  03.2
04CC:  INCF   7A,F
04CD:  MOVF   7A,W
04CE:  MOVWF  43
04CF:  MOVF   79,W
04D0:  MOVWF  42
04D1:  MOVF   78,W
04D2:  MOVWF  41
04D3:  MOVF   77,W
04D4:  MOVWF  40
04D5:  BTFSS  43.7
04D6:  GOTO   4E4
04D7:  DECF   48,F
04D8:  BSF    48.5
04D9:  COMF   40,F
04DA:  COMF   41,F
04DB:  COMF   42,F
04DC:  COMF   43,F
04DD:  INCF   40,F
04DE:  BTFSC  03.2
04DF:  INCF   41,F
04E0:  BTFSC  03.2
04E1:  INCF   42,F
04E2:  BTFSC  03.2
04E3:  INCF   43,F
04E4:  MOVLW  3B
04E5:  MOVWF  4F
04E6:  MOVLW  9A
04E7:  MOVWF  4E
04E8:  MOVLW  CA
04E9:  MOVWF  4D
04EA:  CLRF   4C
04EB:  MOVLW  0A
04EC:  MOVWF  4A
04ED:  MOVF   44,W
04EE:  BTFSC  03.2
04EF:  INCF   48,F
04F0:  BSF    03.1
04F1:  MOVLW  21
04F2:  MOVWF  05
04F3:  MOVLW  10
04F4:  MOVWF  04
04F5:  MOVF   43,W
04F6:  MOVWF  53
04F7:  MOVF   42,W
04F8:  MOVWF  52
04F9:  MOVF   41,W
04FA:  MOVWF  51
04FB:  MOVF   40,W
04FC:  MOVWF  50
04FD:  MOVF   4F,W
04FE:  MOVWF  57
04FF:  MOVF   4E,W
0500:  MOVWF  56
0501:  MOVF   4D,W
0502:  MOVWF  55
0503:  MOVF   4C,W
0504:  MOVWF  54
0505:  MOVLB  00
0506:  CALL   436
0507:  MOVF   78,W
0508:  MOVF   77,F
0509:  BTFSS  03.2
050A:  GOTO   522
050B:  MOVLB  03
050C:  INCF   44,W
050D:  SUBWF  4A,W
050E:  BTFSS  03.2
050F:  GOTO   512
0510:  MOVLB  00
0511:  GOTO   522
0512:  MOVF   48,W
0513:  BTFSC  03.2
0514:  GOTO   525
0515:  ANDLW  0F
0516:  SUBWF  4A,W
0517:  BTFSC  03.2
0518:  GOTO   51B
0519:  BTFSC  03.0
051A:  GOTO   55D
051B:  BTFSC  48.7
051C:  GOTO   55D
051D:  BTFSC  48.6
051E:  GOTO   525
051F:  MOVLW  20
0520:  GOTO   557
0521:  MOVLB  00
0522:  MOVLW  20
0523:  MOVLB  03
0524:  ANDWF  48,F
0525:  BTFSS  48.5
0526:  GOTO   535
0527:  BCF    48.5
0528:  MOVF   44,W
0529:  BTFSS  03.2
052A:  DECF   48,F
052B:  MOVF   77,W
052C:  MOVWF  48
052D:  MOVLW  2D
052E:  MOVWF  50
052F:  MOVLB  00
0530:  CALL   35A
0531:  MOVLB  03
0532:  MOVF   48,W
0533:  MOVWF  77
0534:  CLRF   48
0535:  MOVF   44,W
0536:  SUBWF  4A,W
0537:  BTFSS  03.2
0538:  GOTO   545
0539:  MOVF   77,W
053A:  MOVWF  48
053B:  MOVLW  2E
053C:  MOVWF  50
053D:  MOVLB  00
053E:  CALL   35A
053F:  MOVLB  03
0540:  MOVF   48,W
0541:  MOVWF  77
0542:  MOVLW  20
0543:  ANDWF  48,F
0544:  MOVLW  00
0545:  MOVLW  30
0546:  BTFSS  48.5
0547:  GOTO   557
0548:  BCF    48.5
0549:  MOVF   44,W
054A:  BTFSS  03.2
054B:  DECF   48,F
054C:  MOVF   77,W
054D:  MOVWF  48
054E:  MOVLW  2D
054F:  MOVWF  50
0550:  MOVLB  00
0551:  CALL   35A
0552:  MOVLB  03
0553:  MOVF   48,W
0554:  MOVWF  77
0555:  CLRF   48
0556:  MOVLW  30
0557:  ADDWF  77,F
0558:  MOVF   77,W
0559:  MOVWF  50
055A:  MOVLB  00
055B:  CALL   35A
055C:  MOVLB  03
055D:  BCF    03.1
055E:  MOVF   4F,W
055F:  MOVWF  53
0560:  MOVF   4E,W
0561:  MOVWF  52
0562:  MOVF   4D,W
0563:  MOVWF  51
0564:  MOVF   4C,W
0565:  MOVWF  50
0566:  CLRF   57
0567:  CLRF   56
0568:  CLRF   55
0569:  MOVLW  0A
056A:  MOVWF  54
056B:  MOVLB  00
056C:  CALL   436
056D:  MOVF   7A,W
056E:  MOVLB  03
056F:  MOVWF  4F
0570:  MOVF   79,W
0571:  MOVWF  4E
0572:  MOVF   78,W
0573:  MOVWF  4D
0574:  MOVF   77,W
0575:  MOVWF  4C
0576:  DECFSZ 4A,F
0577:  GOTO   4F0
0578:  MOVLB  00
0579:  RETURN
*
05A0:  MOVLB  03
05A1:  MOVF   45,W
05A2:  CLRF   78
05A3:  SUBWF  44,W
05A4:  BTFSC  03.0
05A5:  GOTO   5A9
05A6:  MOVF   44,W
05A7:  MOVWF  77
05A8:  GOTO   5B5
05A9:  CLRF   77
05AA:  MOVLW  08
05AB:  MOVWF  46
05AC:  RLF    44,F
05AD:  RLF    77,F
05AE:  MOVF   45,W
05AF:  SUBWF  77,W
05B0:  BTFSC  03.0
05B1:  MOVWF  77
05B2:  RLF    78,F
05B3:  DECFSZ 46,F
05B4:  GOTO   5AC
05B5:  MOVLB  00
05B6:  RETURN
*
08F3:  MOVLW  B6
08F4:  MOVWF  77
08F5:  CLRF   7A
08F6:  CLRF   79
08F7:  CLRF   78
08F8:  BCF    50.0
08F9:  BTFSS  4F.7
08FA:  GOTO   109
08FB:  BSF    50.0
08FC:  COMF   4C,F
08FD:  COMF   4D,F
08FE:  COMF   4E,F
08FF:  COMF   4F,F
0900:  INCF   4C,F
0901:  BTFSS  03.2
0902:  GOTO   109
0903:  INCF   4D,F
0904:  BTFSS  03.2
0905:  GOTO   109
0906:  INCF   4E,F
0907:  BTFSC  03.2
0908:  INCF   4F,F
0909:  MOVF   4C,W
090A:  IORWF  4D,W
090B:  IORWF  4E,W
090C:  IORWF  4F,W
090D:  BTFSS  03.2
090E:  GOTO   111
090F:  CLRF   77
0910:  GOTO   120
0911:  BCF    03.0
0912:  BTFSC  78.7
0913:  GOTO   11D
0914:  RLF    4C,F
0915:  RLF    4D,F
0916:  RLF    4E,F
0917:  RLF    4F,F
0918:  RLF    7A,F
0919:  RLF    79,F
091A:  RLF    78,F
091B:  DECFSZ 77,F
091C:  GOTO   111
091D:  BCF    78.7
091E:  BTFSC  50.0
091F:  BSF    78.7
*
0A3B:  MOVLW  20
0A3C:  BTFSS  3D.4
0A3D:  MOVLW  30
0A3E:  MOVWF  40
0A3F:  MOVF   3C,W
0A40:  MOVWF  77
0A41:  BTFSS  3C.7
0A42:  GOTO   24B
0A43:  COMF   77,F
0A44:  INCF   77,F
0A45:  MOVF   77,W
0A46:  MOVWF  3C
0A47:  MOVLW  2D
0A48:  MOVWF  40
0A49:  BSF    3D.7
0A4A:  BSF    3D.0
0A4B:  MOVF   3C,W
0A4C:  MOVWF  44
0A4D:  MOVLW  64
0A4E:  MOVWF  45
0A4F:  MOVLP  00
0A50:  MOVLB  00
0A51:  CALL   5A0
0A52:  MOVLP  08
0A53:  MOVF   77,W
0A54:  MOVLB  03
0A55:  MOVWF  3C
0A56:  MOVLW  30
0A57:  ADDWF  78,W
0A58:  MOVWF  41
0A59:  MOVF   3C,W
0A5A:  MOVWF  44
0A5B:  MOVLW  0A
0A5C:  MOVWF  45
0A5D:  MOVLP  00
0A5E:  MOVLB  00
0A5F:  CALL   5A0
0A60:  MOVLP  08
0A61:  MOVLW  30
0A62:  ADDWF  77,W
0A63:  MOVLB  03
0A64:  MOVWF  43
0A65:  MOVLW  30
0A66:  ADDWF  78,W
0A67:  MOVWF  42
0A68:  MOVF   40,W
0A69:  MOVWF  77
0A6A:  MOVLW  30
0A6B:  SUBWF  41,W
0A6C:  BTFSC  03.2
0A6D:  GOTO   272
0A6E:  BSF    3D.1
0A6F:  BTFSC  3D.7
0A70:  BSF    3D.2
0A71:  GOTO   286
0A72:  MOVF   40,W
0A73:  MOVWF  41
0A74:  MOVLW  20
0A75:  MOVWF  40
0A76:  MOVLW  30
0A77:  SUBWF  42,W
0A78:  BTFSC  03.2
0A79:  GOTO   27E
0A7A:  BSF    3D.0
0A7B:  BTFSC  3D.7
0A7C:  BSF    3D.1
0A7D:  GOTO   286
0A7E:  BTFSS  03.2
0A7F:  BSF    3D.0
0A80:  BTFSS  03.2
0A81:  GOTO   286
0A82:  MOVF   41,W
0A83:  MOVWF  42
0A84:  MOVLW  20
0A85:  MOVWF  41
0A86:  BTFSC  3D.2
0A87:  GOTO   28D
0A88:  BTFSC  3D.1
0A89:  GOTO   294
0A8A:  BTFSC  3D.0
0A8B:  GOTO   29B
0A8C:  GOTO   2A2
0A8D:  MOVF   40,W
0A8E:  MOVWF  50
0A8F:  MOVLP  00
0A90:  MOVLB  00
0A91:  CALL   35A
0A92:  MOVLP  08
0A93:  MOVLB  03
0A94:  MOVF   41,W
0A95:  MOVWF  50
0A96:  MOVLP  00
0A97:  MOVLB  00
0A98:  CALL   35A
0A99:  MOVLP  08
0A9A:  MOVLB  03
0A9B:  MOVF   42,W
0A9C:  MOVWF  50
0A9D:  MOVLP  00
0A9E:  MOVLB  00
0A9F:  CALL   35A
0AA0:  MOVLP  08
0AA1:  MOVLB  03
0AA2:  MOVF   43,W
0AA3:  MOVWF  50
0AA4:  MOVLP  00
0AA5:  MOVLB  00
0AA6:  CALL   35A
0AA7:  MOVLP  08
0AA8:  NOP
*
0AE2:  MOVLW  8E
0AE3:  MOVWF  77
0AE4:  MOVF   43,W
0AE5:  MOVWF  78
0AE6:  MOVF   42,W
0AE7:  MOVWF  79
0AE8:  CLRF   7A
0AE9:  MOVF   78,F
0AEA:  BTFSS  03.2
0AEB:  GOTO   2F6
0AEC:  MOVF   79,W
0AED:  MOVWF  78
0AEE:  CLRF   79
0AEF:  MOVLW  08
0AF0:  SUBWF  77,F
0AF1:  MOVF   78,F
0AF2:  BTFSS  03.2
0AF3:  GOTO   2F6
0AF4:  CLRF   77
0AF5:  GOTO   2FE
0AF6:  BCF    03.0
0AF7:  BTFSC  78.7
0AF8:  GOTO   2FD
0AF9:  RLF    79,F
0AFA:  RLF    78,F
0AFB:  DECF   77,F
0AFC:  GOTO   2F6
0AFD:  BCF    78.7
*
0B0D:  MOVF   42,W
0B0E:  BTFSC  03.2
0B0F:  GOTO   3D3
0B10:  MOVWF  50
0B11:  MOVF   46,W
0B12:  BTFSC  03.2
0B13:  GOTO   3D3
0B14:  SUBWF  50,F
0B15:  BTFSC  03.0
0B16:  GOTO   318
0B17:  GOTO   31D
0B18:  MOVLW  7F
0B19:  ADDWF  50,F
0B1A:  BTFSC  03.0
0B1B:  GOTO   3D3
0B1C:  GOTO   323
0B1D:  MOVLW  81
0B1E:  SUBWF  50,F
0B1F:  BTFSS  03.0
0B20:  GOTO   3D3
0B21:  BTFSC  03.2
0B22:  GOTO   3D3
0B23:  MOVF   50,W
0B24:  MOVWF  77
0B25:  CLRF   78
0B26:  CLRF   79
0B27:  CLRF   7A
0B28:  CLRF   4F
0B29:  MOVF   43,W
0B2A:  MOVWF  4E
0B2B:  BSF    4E.7
0B2C:  MOVF   44,W
0B2D:  MOVWF  4D
0B2E:  MOVF   45,W
0B2F:  MOVWF  4C
0B30:  MOVLW  19
0B31:  MOVWF  50
0B32:  MOVF   49,W
0B33:  SUBWF  4C,F
0B34:  BTFSC  03.0
0B35:  GOTO   346
0B36:  MOVLW  01
0B37:  SUBWF  4D,F
0B38:  BTFSC  03.0
0B39:  GOTO   346
0B3A:  SUBWF  4E,F
0B3B:  BTFSC  03.0
0B3C:  GOTO   346
0B3D:  SUBWF  4F,F
0B3E:  BTFSC  03.0
0B3F:  GOTO   346
0B40:  INCF   4F,F
0B41:  INCF   4E,F
0B42:  INCF   4D,F
0B43:  MOVF   49,W
0B44:  ADDWF  4C,F
0B45:  GOTO   378
0B46:  MOVF   48,W
0B47:  SUBWF  4D,F
0B48:  BTFSC  03.0
0B49:  GOTO   361
0B4A:  MOVLW  01
0B4B:  SUBWF  4E,F
0B4C:  BTFSC  03.0
0B4D:  GOTO   361
0B4E:  SUBWF  4F,F
0B4F:  BTFSC  03.0
0B50:  GOTO   361
0B51:  INCF   4F,F
0B52:  INCF   4E,F
0B53:  MOVF   48,W
0B54:  ADDWF  4D,F
0B55:  MOVF   49,W
0B56:  ADDWF  4C,F
0B57:  BTFSS  03.0
0B58:  GOTO   378
0B59:  INCF   4D,F
0B5A:  BTFSS  03.2
0B5B:  GOTO   378
0B5C:  INCF   4E,F
0B5D:  BTFSS  03.2
0B5E:  GOTO   378
0B5F:  INCF   4F,F
0B60:  GOTO   378
0B61:  MOVF   47,W
0B62:  IORLW  80
0B63:  SUBWF  4E,F
0B64:  BTFSC  03.0
0B65:  GOTO   377
0B66:  MOVLW  01
0B67:  SUBWF  4F,F
0B68:  BTFSC  03.0
0B69:  GOTO   377
0B6A:  INCF   4F,F
0B6B:  MOVF   47,W
0B6C:  IORLW  80
0B6D:  ADDWF  4E,F
0B6E:  MOVF   48,W
0B6F:  ADDWF  4D,F
0B70:  BTFSS  03.0
0B71:  GOTO   355
0B72:  INCF   4E,F
0B73:  BTFSS  03.2
0B74:  GOTO   355
0B75:  INCF   4F,F
0B76:  GOTO   355
0B77:  BSF    7A.0
0B78:  DECFSZ 50,F
0B79:  GOTO   37B
0B7A:  GOTO   386
0B7B:  BCF    03.0
0B7C:  RLF    4C,F
0B7D:  RLF    4D,F
0B7E:  RLF    4E,F
0B7F:  RLF    4F,F
0B80:  BCF    03.0
0B81:  RLF    7A,F
0B82:  RLF    79,F
0B83:  RLF    78,F
0B84:  RLF    51,F
0B85:  GOTO   332
0B86:  BTFSS  51.0
0B87:  GOTO   38E
0B88:  BCF    03.0
0B89:  RRF    78,F
0B8A:  RRF    79,F
0B8B:  RRF    7A,F
0B8C:  RRF    51,F
0B8D:  GOTO   391
0B8E:  DECF   77,F
0B8F:  BTFSC  03.2
0B90:  GOTO   3D3
0B91:  BTFSC  51.7
0B92:  GOTO   3BA
0B93:  BCF    03.0
0B94:  RLF    4C,F
0B95:  RLF    4D,F
0B96:  RLF    4E,F
0B97:  RLF    4F,F
0B98:  MOVF   49,W
0B99:  SUBWF  4C,F
0B9A:  BTFSC  03.0
0B9B:  GOTO   3A6
0B9C:  MOVLW  01
0B9D:  SUBWF  4D,F
0B9E:  BTFSC  03.0
0B9F:  GOTO   3A6
0BA0:  SUBWF  4E,F
0BA1:  BTFSC  03.0
0BA2:  GOTO   3A6
0BA3:  SUBWF  4F,F
0BA4:  BTFSS  03.0
0BA5:  GOTO   3C9
0BA6:  MOVF   48,W
0BA7:  SUBWF  4D,F
0BA8:  BTFSC  03.0
0BA9:  GOTO   3B1
0BAA:  MOVLW  01
0BAB:  SUBWF  4E,F
0BAC:  BTFSC  03.0
0BAD:  GOTO   3B1
0BAE:  SUBWF  4F,F
0BAF:  BTFSS  03.0
0BB0:  GOTO   3C9
0BB1:  MOVF   47,W
0BB2:  IORLW  80
0BB3:  SUBWF  4E,F
0BB4:  BTFSC  03.0
0BB5:  GOTO   3BA
0BB6:  MOVLW  01
0BB7:  SUBWF  4F,F
0BB8:  BTFSS  03.0
0BB9:  GOTO   3C9
0BBA:  INCF   7A,F
0BBB:  BTFSS  03.2
0BBC:  GOTO   3C9
0BBD:  INCF   79,F
0BBE:  BTFSS  03.2
0BBF:  GOTO   3C9
0BC0:  INCF   78,F
0BC1:  BTFSS  03.2
0BC2:  GOTO   3C9
0BC3:  INCF   77,F
0BC4:  BTFSC  03.2
0BC5:  GOTO   3D3
0BC6:  RRF    78,F
0BC7:  RRF    79,F
0BC8:  RRF    7A,F
0BC9:  MOVF   43,W
0BCA:  MOVWF  50
0BCB:  MOVF   47,W
0BCC:  XORWF  50,F
0BCD:  BTFSS  50.7
0BCE:  GOTO   3D1
0BCF:  BSF    78.7
0BD0:  GOTO   3D7
0BD1:  BCF    78.7
0BD2:  GOTO   3D7
0BD3:  CLRF   77
0BD4:  CLRF   78
0BD5:  CLRF   79
0BD6:  CLRF   7A
*
0C76:  BCF    0A.0
0C77:  BCF    0A.1
0C78:  BSF    0A.2
0C79:  ADDWF  02,F
0C7A:  GOTO   46E
0C7B:  GOTO   008
0C7C:  GOTO   00A
0C7D:  GOTO   472
0C7E:  GOTO   472
0C7F:  GOTO   199
0C80:  GOTO   00C
0C81:  GOTO   472
0C82:  GOTO   472
0C83:  GOTO   1D7
0C84:  GOTO   472
0C85:  GOTO   031
0C86:  GOTO   442
0C87:  GOTO   472
0C88:  GOTO   2B9
.................... #DEVICE PIC16F18326 CONST=ROM // Uses the CCS compiler traditional keyword CONST definition, making CONST variables located in program memory 
....................        
.................... #include <16F18326.h> 
.................... //////////// Standard Header file for the PIC16F18326 device //////////////// 
.................... /////////////////////////////////////////////////////////////////////////// 
.................... ////        (C) Copyright 1996, 2014 Custom Computer Services          //// 
.................... //// This source code may only be used by licensed users of the CCS C  //// 
.................... //// compiler.  This source code may only be distributed to other      //// 
.................... //// licensed users of the CCS C compiler.  No other use, reproduction //// 
.................... //// or distribution is permitted without written permission.          //// 
.................... //// Derivative programs created using this software in object code    //// 
.................... //// form are not restricted in any way.                               //// 
.................... /////////////////////////////////////////////////////////////////////////// 
.................... #device PIC16F18326 
....................  
.................... #list 
....................  
.................... #include <stdlib.h> 
.................... /////////////////////////////////////////////////////////////////////////// 
.................... ////        (C) Copyright 1996,2007 Custom Computer Services           //// 
.................... //// This source code may only be used by licensed users of the CCS C  //// 
.................... //// compiler.  This source code may only be distributed to other      //// 
.................... //// licensed users of the CCS C compiler.  No other use, reproduction //// 
.................... //// or distribution is permitted without written permission.          //// 
.................... //// Derivative programs created using this software in object code    //// 
.................... //// form are not restricted in any way.                               //// 
.................... /////////////////////////////////////////////////////////////////////////// 
....................  
....................  
.................... #ifndef _STDLIB 
.................... #define _STDLIB 
....................  
.................... //--------------------------------------------------------------------------- 
.................... // Definitions and types 
.................... //--------------------------------------------------------------------------- 
....................  
.................... #ifndef RAND_MAX 
.................... #define RAND_MAX  32767    // The value of which is the maximum value 
....................                            // ... returned by the rand function 
.................... #endif 
....................  
....................  
.................... #IF (sizeof(int16*)>1) 
.................... #DEFINE LONG_POINTERS 1 
.................... #ELSE  
.................... #DEFINE LONG_POINTERS 0 
.................... #ENDIF 
....................  
.................... typedef struct { 
....................    signed int quot; 
....................    signed int rem; 
.................... } div_t; 
....................  
.................... typedef struct { 
....................    signed long quot; 
....................    signed long rem; 
.................... } ldiv_t; 
....................  
.................... #include <stddef.h> 
.................... /////////////////////////////////////////////////////////////////////////// 
.................... ////        (C) Copyright 1996,2003 Custom Computer Services           //// 
.................... //// This source code may only be used by licensed users of the CCS C  //// 
.................... //// compiler.  This source code may only be distributed to other      //// 
.................... //// licensed users of the CCS C compiler.  No other use, reproduction //// 
.................... //// or distribution is permitted without written permission.          //// 
.................... //// Derivative programs created using this software in object code    //// 
.................... //// form are not restricted in any way.                               //// 
.................... /////////////////////////////////////////////////////////////////////////// 
....................  
.................... #ifndef _STDDEF 
....................  
.................... #define _STDDEF 
....................  
.................... #if sizeof(unsigned int8 *)==1 
.................... #define ptrdiff_t unsigned int8 
.................... #else 
.................... #define ptrdiff_t unsigned int16 
.................... #endif 
....................  
.................... #if defined(__PCB__) || defined(__PCM__) 
.................... #define size_t unsigned int8 
.................... #else 
.................... #define size_t unsigned int16 
.................... #endif 
.................... #define wchar_t char 
.................... #define NULL 0 
....................  
.................... #define offsetof(s,f) (offsetofbit(s,f)/8) 
....................  
.................... #endif 
....................  
....................  
.................... //--------------------------------------------------------------------------- 
.................... // String conversion functions 
.................... //--------------------------------------------------------------------------- 
....................  
.................... /* Standard template: signed int  atoi(char * s) 
....................  * converts the initial portion of the string s to a signed int 
....................  * returns the converted value if any, 0 otherwise 
....................  */ 
.................... signed int atoi(char *s); 
....................  
.................... /* Syntax: signed int32  atoi32(char * s) 
....................    converts the initial portion of the string s to a signed int32 
....................    returns the converted value if any, 0 otherwise*/ 
.................... #if (sizeof(long)==4) 
....................  #define atoi32(s) atol(s) 
.................... #else  
....................  signed int32 atoi32(char *s); 
.................... #endif 
....................  
.................... #if defined(__PCD__) 
.................... // The following functions only work on the 24 bit compiler 
.................... // for the 30F, 33F, 24F and 24H parts 
.................... /* Syntax: signed int48  atoi48(char * s) 
....................    converts the initial portion of the string s to a signed int48 
....................    returns the converted value if any, 0 otherwise*/ 
....................     
.................... signed int48 atoi48(char *s); 
....................  
.................... /* Syntax: signed int64  atoi64(char * s) 
....................    converts the initial portion of the string s to a signed int64 
....................    returns the converted value if any, 0 otherwise*/ 
.................... signed int64 atoi64(char *s); 
.................... #endif 
....................  
.................... /* Syntax: char *  itoa(signed int32 num, int8 base, char * s) 
....................    converts the signed int32 to a string and 
....................    returns the converted value if any, 0 otherwise*/ 
.................... char * itoa(signed int32 num, unsigned int base, char * s); 
....................  
.................... /* Standard template: signed int16  atol(char * s) 
....................  * converts the initial portion of the string s to a signed int16 
....................  * returns the converted value if any, 0 otherwise 
....................  */ 
.................... signed long atol(char *s); 
....................  
.................... /* Standard template: int16 strtoul(char * s,char *endptr,signed int base) 
....................  * converts the initial portion of the string s, represented as an 
....................  * integral value of radix base  to a signed long. 
....................  * Returns the converted value if any, 0 otherwise 
....................  * the final string is returned in the endptr, if endptr is not null 
....................  */ 
.................... signed long strtol(char *s,char *endptr, signed int base); 
....................  
.................... /* Standard template: int16 strtoul(char * s,char *endptr,signed int base) 
....................  * converts the initial portion of the string s, represented as an 
....................  * integral value of radix base to a unsigned long. 
....................  * returns the converted value if any, 0 otherwise 
....................  * the final string is returned in the endptr, if endptr is not null 
....................  */ 
.................... unsigned long strtoul(char *s,char *endptr, signed int base); 
....................  
.................... /* Standart template: float strtof(char * s,char *endptr) 
....................                       float48 strtof48(char *s,char *endptr); 
....................                       float64 strtod(char *s,char *endptr); 
....................  * converts the initial portion of the string s to a float32, float48 or float64, 
....................  * returns the converted value if any, 0 otherwise 
....................  * the final string is returned in the endptr, if endptr is not null                    
.................... */ 
.................... float strtof(char *s,char **endptr); 
.................... #if defined(__PCD__) 
.................... float48 strtof48(char *s,char **endptr); 
.................... float64 strtod(char *s,char **endptr); 
.................... #else 
.................... //provided for compatibility 
.................... #define strtof48(s, e) strtof(s, e) 
.................... #define strtod(s, e) strtof(s, e) 
.................... #endif 
....................  
.................... /* Standard template: float32 atof(char * s) 
....................  * converts the initial portion of the string s to a float. 
....................  * returns the converted value if any, 0 otherwise 
....................  */ 
.................... #define atof(s)   strtof(s, (char*)0) 
....................  
.................... #if defined(__PCD__) 
.................... // The following functions only work on the 24 bit compiler 
.................... // for the 30F, 33F, 24F and 24H parts 
....................  
.................... /* Standard template: float48 atof48(char * s) 
....................  * converts the initial portion of the string s to a float. 
....................  * returns the converted value if any, 0 otherwise 
....................  */ 
.................... #define atof48(s) strtof48(s, 0) 
....................  
.................... /* Standard template: float64 atof64(char * s) 
....................  * converts the initial portion of the string s to a float. 
....................  * returns the converted value if any, 0 otherwise 
....................  */ 
.................... #define atof64(s) strtod(s, 0) 
.................... #endif 
....................  
.................... /* Standard template: float32 atoe(char * s) 
....................  * converts the initial portion of the string s to a float. 
....................  * returns the converted value if any, 0 otherwise 
....................  * also handles E format numbers 
....................  */ 
.................... #if !defined(__PCD__) 
.................... float atoe(char * s); 
.................... #endif 
....................  
.................... #if defined(__PCD__) 
.................... float32 atoe(char * s); 
.................... #endif 
....................  
.................... //--------------------------------------------------------------------------- 
.................... // Pseudo-random sequence generation functions 
.................... //--------------------------------------------------------------------------- 
....................  
.................... /* The rand function computes a sequence of pseudo-random integers in 
....................  * the range 0 to RAND_MAX 
....................  * 
....................  * Parameters: 
....................  *       (none) 
....................  * 
....................  * Returns: 
....................  *       The pseudo-random integer 
....................  */ 
.................... unsigned int16 rand(void); 
....................  
.................... /* The srand function uses the argument as a seed for a new sequence of 
....................  * pseudo-random numbers to be returned by subsequent calls to rand. 
....................  * 
....................  * Parameters: 
....................  *       [in] seed: The seed value to start from. You might need to pass 
....................  * 
....................  * Returns: 
....................  *       (none) 
....................  * 
....................  * Remarks 
....................  *          The srand function sets the starting point for generating 
....................  *       a series of pseudorandom integers. To reinitialize the 
....................  *       generator, use 1 as the seed argument. Any other value for 
....................  *       seed sets the generator to a random starting point. rand 
....................  *       retrieves the pseudorandom numbers that are generated. 
....................  *       Calling rand before any call to srand generates the same 
....................  *       sequence as calling srand with seed passed as 1. 
....................  *          Usually, you need to pass a time here from outer source 
....................  *       so that the numbers will be different every time you run. 
....................  */ 
.................... void srand(unsigned int32 seed); 
....................  
.................... //--------------------------------------------------------------------------- 
.................... // Memory management functions 
.................... //--------------------------------------------------------------------------- 
....................  
.................... // Comming soon 
....................  
.................... //--------------------------------------------------------------------------- 
.................... // Communication with the environment 
.................... //--------------------------------------------------------------------------- 
....................  
.................... /* The function returns 0 always 
....................  */ 
.................... signed int8 system(char *string); 
....................  
.................... //--------------------------------------------------------------------------- 
.................... // Searching and sorting utilities 
.................... //--------------------------------------------------------------------------- 
....................  
.................... /* Performs a binary search of a sorted array.. 
....................  * 
....................  * Parameters: 
....................  *       [in] key: Object to search for 
....................  *       [in] base: Pointer to base of search data 
....................  *       [in] num: Number of elements 
....................  *       [in] width: Width of elements 
....................  *       [in] compare: Function that compares two elements 
....................  * 
....................  * Returns: 
....................  *       bsearch returns a pointer to an occurrence of key in the array pointed 
....................  *       to by base. If key is not found, the function returns NULL. If the 
....................  *       array is not in order or contains duplicate records with identical keys, 
....................  *       the result is unpredictable. 
....................  */ 
.................... //void *bsearch(const void *key, const void *base, size_t num, size_t width, 
.................... //              int (*compare)(const void *, const void *)); 
....................  
.................... /* Performs the shell-metzner sort (not the quick sort algorithm). The contents 
....................  * of the array are sorted into ascending order according to a comparison 
....................  * function pointed to by compar. 
....................  * 
....................  * Parameters: 
....................  *       [in] base: Pointer to base of search data 
....................  *       [in] num: Number of elements 
....................  *       [in] width: Width of elements 
....................  *       [in] compare: Function that compares two elements 
....................  * 
....................  * Returns: 
....................  *       (none) 
....................  */ 
.................... //void *qsort(const void *base, size_t num, size_t width, 
.................... //              int (*compare)(const void *, const void *)); 
....................  
.................... //--------------------------------------------------------------------------- 
.................... // Integer arithmetic functions 
.................... //--------------------------------------------------------------------------- 
....................  
.................... #define labs abs 
....................  
.................... div_t div(signed int numer, signed int denom); 
.................... ldiv_t ldiv(signed long numer, signed long denom); 
....................  
.................... //--------------------------------------------------------------------------- 
.................... // Multibyte character functions 
.................... //--------------------------------------------------------------------------- 
....................  
.................... // Not supported 
....................  
.................... //--------------------------------------------------------------------------- 
.................... // Multibyte string functions 
.................... //--------------------------------------------------------------------------- 
....................  
.................... // Not supported 
....................  
....................  
.................... //--------------------------------------------------------------------------- 
.................... // Internal implementation 
.................... //--------------------------------------------------------------------------- 
....................  
.................... #include <stddef.h> 
.................... /////////////////////////////////////////////////////////////////////////// 
.................... ////        (C) Copyright 1996,2003 Custom Computer Services           //// 
.................... //// This source code may only be used by licensed users of the CCS C  //// 
.................... //// compiler.  This source code may only be distributed to other      //// 
.................... //// licensed users of the CCS C compiler.  No other use, reproduction //// 
.................... //// or distribution is permitted without written permission.          //// 
.................... //// Derivative programs created using this software in object code    //// 
.................... //// form are not restricted in any way.                               //// 
.................... /////////////////////////////////////////////////////////////////////////// 
....................  
.................... #ifndef _STDDEF 
....................  
.................... #define _STDDEF 
....................  
.................... #if sizeof(unsigned int8 *)==1 
.................... #define ptrdiff_t unsigned int8 
.................... #else 
.................... #define ptrdiff_t unsigned int16 
.................... #endif 
....................  
.................... #if defined(__PCB__) || defined(__PCM__) 
.................... #define size_t unsigned int8 
.................... #else 
.................... #define size_t unsigned int16 
.................... #endif 
.................... #define wchar_t char 
.................... #define NULL 0 
....................  
.................... #define offsetof(s,f) (offsetofbit(s,f)/8) 
....................  
.................... #endif 
....................  
.................... #include <string.h> 
.................... //////////////////////////////////////////////////////////////////////////// 
.................... ////        (C) Copyright 1996,2008 Custom Computer Services            //// 
.................... //// This source code may only be used by licensed users of the CCS C   //// 
.................... //// compiler.  This source code may only be distributed to other       //// 
.................... //// licensed users of the CCS C compiler.  No other use, reproduction  //// 
.................... //// or distribution is permitted without written permission.           //// 
.................... //// Derivative programs created using this software in object code     //// 
.................... //// form are not restricted in any way.                                //// 
.................... //////////////////////////////////////////////////////////////////////////// 
....................  
.................... #ifndef _STRING 
.................... #define _STRING 
.................... #include <stddef.h> 
.................... /////////////////////////////////////////////////////////////////////////// 
.................... ////        (C) Copyright 1996,2003 Custom Computer Services           //// 
.................... //// This source code may only be used by licensed users of the CCS C  //// 
.................... //// compiler.  This source code may only be distributed to other      //// 
.................... //// licensed users of the CCS C compiler.  No other use, reproduction //// 
.................... //// or distribution is permitted without written permission.          //// 
.................... //// Derivative programs created using this software in object code    //// 
.................... //// form are not restricted in any way.                               //// 
.................... /////////////////////////////////////////////////////////////////////////// 
....................  
.................... #ifndef _STDDEF 
....................  
.................... #define _STDDEF 
....................  
.................... #if sizeof(unsigned int8 *)==1 
.................... #define ptrdiff_t unsigned int8 
.................... #else 
.................... #define ptrdiff_t unsigned int16 
.................... #endif 
....................  
.................... #if defined(__PCB__) || defined(__PCM__) 
.................... #define size_t unsigned int8 
.................... #else 
.................... #define size_t unsigned int16 
.................... #endif 
.................... #define wchar_t char 
.................... #define NULL 0 
....................  
.................... #define offsetof(s,f) (offsetofbit(s,f)/8) 
....................  
.................... #endif 
....................  
.................... #include <ctype.h> 
.................... //////////////////////////////////////////////////////////////////////////// 
.................... ////        (C) Copyright 1996,2003 Custom Computer Services            //// 
.................... //// This source code may only be used by licensed users of the CCS C   //// 
.................... //// compiler.  This source code may only be distributed to other       //// 
.................... //// licensed users of the CCS C compiler.  No other use, reproduction  //// 
.................... //// or distribution is permitted without written permission.           //// 
.................... //// Derivative programs created using this software in object code     //// 
.................... //// form are not restricted in any way.                                //// 
.................... //////////////////////////////////////////////////////////////////////////// 
....................  
.................... #ifndef _CTYPE 
.................... #define _CTYPE 
....................  
.................... #define islower(x)  isamong(x,"abcdefghijklmnopqrstuvwxyz") 
.................... #define isupper(x)  isamong(x,"ABCDEFGHIJKLMNOPQRSTUVWXYZ") 
.................... #define isalnum(x)  isamong(x,"0123456789ABCDEFGHIJKLMNOPQRSTUVWXYZabcdefghijklmnopqrstuvwxyz") 
.................... #define isalpha(x)  isamong(x,"ABCDEFGHIJKLMNOPQRSTUVWXYZabcdefghijklmnopqrstuvwxyz") 
.................... #define isdigit(x)  isamong(x,"0123456789") 
.................... #define isspace(x)  ((x)==' ') 
.................... #define isxdigit(x) isamong(x,"0123456789ABCDEFabcdef") 
.................... #define iscntrl(x)  ((x)<' ') 
.................... #define isprint(x)  ((x)>=' ') 
.................... #define isgraph(x)  ((x)>' ') 
.................... #define ispunct(x)  (((x)>' ')&&!isalnum(x)) 
....................  
.................... #endif 
....................  
....................  
....................  
....................  
....................  
.................... ////////////////////////////////////////////// 
.................... //// Uncomment the following define to    //// 
.................... //// allow some functions to use a        //// 
.................... //// quicker algorithm, but use more ROM  //// 
.................... ////                                      //// 
.................... //// #define FASTER_BUT_MORE_ROM          //// 
.................... ////////////////////////////////////////////// 
....................  
....................  
....................  
.................... /*Copying functions*/ 
.................... /* standard template: 
....................    void *memmove(void *s1, void *s2, size_t n). 
....................    Copies max of n characters safely (not following ending '\0') 
....................    from s2 in s1; if s2 has less than n characters, appends 0 */ 
....................  
.................... unsigned char *memmove(void *s1,void *s2,size_t n) 
.................... { 
....................    unsigned char *sc1; 
....................    unsigned char *sc2; 
....................    sc1=s1; 
....................    sc2=s2; 
....................    if(sc2<sc1 && sc1 <sc2 +n) 
....................       for(sc1+=n,sc2+=n;0<n;--n) 
....................          *--sc1=*--sc2; 
....................    else 
....................       for(;0<n;--n) 
....................          *sc1++=*sc2++; 
....................   return s1; 
....................   } 
....................  
.................... /* Standard template: char *strcpy(char *s1, const char *s2) 
....................    copies the string s2 including the null character to s1. 
....................    This is a compiler built in to handle the different address 
....................    spaces */ 
....................  
.................... #define strcopy strcpy 
....................  
.................... /* standard template: 
....................    char *strncpy(char *s1, const char *s2, size_t n). 
....................    Copies max of n characters (not following ending '\0') 
....................    from s2 in s1; if s2 has less than n characters, appends 0 */ 
....................  
.................... unsigned char *strncpy(unsigned char *s1, unsigned char *s2, size_t n) 
.................... { 
....................   unsigned char *s; 
....................  
....................   for (s = s1; n > 0 && *s2 != '\0'; n--) 
....................      *s++ = *s2++; 
....................   for (; n > 0; n--) 
....................      *s++ = '\0'; 
....................  
....................   return(s1); 
.................... } 
.................... /***********************************************************/ 
....................  
.................... /*concatenation functions*/ 
.................... /* standard template: char *strcat(char *s1, const char *s2) 
.................... appends s2 to s1*/ 
....................  
.................... unsigned char *strcat(unsigned char *s1, unsigned char *s2) 
.................... { 
....................    unsigned char *s; 
....................  
....................    for (s = s1; *s != '\0'; ++s); 
....................    while(*s2 != '\0') 
....................    { 
....................       *s = *s2; 
....................       ++s; 
....................       ++s2; 
....................    } 
....................  
....................    *s = '\0'; 
....................    return(s1); 
.................... } 
.................... /* standard template: char *strncat(char *s1, char *s2,size_t n) 
.................... appends not more than n characters from s2 to s1*/ 
....................  
.................... unsigned char *strncat(unsigned char *s1, unsigned char *s2, size_t n) 
.................... { 
....................    unsigned char *s; 
....................  
....................    for (s = s1; *s != '\0'; ++s); 
....................    while(*s2 != '\0' && 0<n) 
....................    { 
....................       *s = *s2; 
....................       ++s; 
....................       ++s2; 
....................       --n; 
....................    } 
....................  
....................    *s = '\0'; 
....................    return(s1); 
.................... } 
....................  
.................... /***********************************************************/ 
....................  
....................  
.................... /*comparison functions*/ 
.................... /* standard template: signed int memcmp(void *s1, void *s2). 
....................    Compares s1 & s2; returns -1 if s1<s2, 0 if s1=s2, 1 if s1>s2 */ 
....................  
.................... signed int8 memcmp(void * s1,void *s2,size_t n) 
.................... { 
.................... unsigned char *su1, *su2; 
.................... for(su1=s1, su2=s2; 0<n; ++su1, ++su2, --n) 
.................... { 
....................    if(*su1!=*su2) 
....................       return ((*su1<*su2)?-1:1); 
.................... } 
.................... return 0; 
.................... } 
....................  
.................... /* standard template: int strcmp(const char *s1, const char *s2). 
....................    Compares s1 & s2; returns -1 if s1<s2, 0 if s1=s2, 1 if s1>s2 */ 
....................  
.................... signed int8 strcmp(unsigned char *s1, unsigned char *s2) 
.................... { 
....................    for (; *s1 == *s2; s1++, s2++) 
*
02E8:  MOVLB  03
02E9:  MOVF   41,W
02EA:  MOVWF  7A
02EB:  MOVF   40,W
02EC:  MOVWF  04
02ED:  MOVF   7A,W
02EE:  MOVWF  05
02EF:  MOVF   00,W
02F0:  MOVWF  44
02F1:  MOVF   43,W
02F2:  MOVWF  7A
02F3:  MOVF   42,W
02F4:  MOVWF  04
02F5:  MOVF   7A,W
02F6:  MOVWF  05
02F7:  MOVF   00,W
02F8:  SUBWF  44,W
02F9:  BTFSS  03.2
02FA:  GOTO   311
....................       if (*s1 == '\0') 
02FB:  MOVF   41,W
02FC:  MOVWF  7A
02FD:  MOVF   40,W
02FE:  MOVWF  04
02FF:  MOVF   7A,W
0300:  MOVWF  05
0301:  MOVF   00,F
0302:  BTFSS  03.2
0303:  GOTO   307
....................          return(0); 
0304:  MOVLW  00
0305:  MOVWF  78
0306:  GOTO   327
0307:  MOVF   41,W
0308:  MOVWF  7A
0309:  MOVF   40,W
030A:  INCF   40,F
030B:  BTFSC  03.2
030C:  INCF   41,F
030D:  INCF   42,F
030E:  BTFSC  03.2
030F:  INCF   43,F
0310:  GOTO   2E9
....................    return((*s1 < *s2) ? -1: 1); 
0311:  MOVF   41,W
0312:  MOVWF  7A
0313:  MOVF   40,W
0314:  MOVWF  04
0315:  MOVF   41,W
0316:  MOVWF  05
0317:  MOVF   00,W
0318:  MOVWF  44
0319:  MOVF   43,W
031A:  MOVWF  7A
031B:  MOVF   42,W
031C:  MOVWF  04
031D:  MOVF   43,W
031E:  MOVWF  05
031F:  MOVF   00,W
0320:  SUBWF  44,W
0321:  BTFSC  03.0
0322:  GOTO   325
0323:  MOVLW  FF
0324:  GOTO   326
0325:  MOVLW  01
0326:  MOVWF  78
0327:  MOVLB  00
0328:  RETURN
.................... } 
.................... /* standard template: int strcoll(const char *s1, const char *s2). 
....................    Compares s1 & s2; returns -1 if s1<s2, 0 if s1=s2, 1 if s1>s2 */ 
....................  
.................... signed int8 strcoll(unsigned char *s1, unsigned char *s2) 
.................... { 
....................    for (; *s1 == *s2; s1++, s2++) 
....................       if (*s1 == '\0') 
....................          return(0); 
....................    return((*s1 < *s2) ? -1: 1); 
.................... } 
....................  
.................... /* standard template: 
....................    int strncmp(const char *s1, const char *s2, size_t n). 
....................    Compares max of n characters (not following 0) from s1 to s2; 
....................    returns same as strcmp */ 
....................  
.................... signed int8 strncmp(unsigned char *s1, unsigned char *s2, size_t n) 
.................... { 
....................    for (; n > 0; s1++, s2++, n--) 
....................       if (*s1 != *s2) 
....................          return((*s1 <*s2) ? -1: 1); 
....................       else if (*s1 == '\0') 
....................          return(0); 
....................    return(0); 
.................... } 
.................... /* standard template: 
....................    int strxfrm(const char *s1, const char *s2, size_t n). 
....................    transforms maximum of n characters from s2 and places them into s1, returns number of chars written ot s1. 
....................    if s1 is NULL and n is 0, then it returns the length of s2.*/ 
.................... size_t strxfrm(unsigned char *s1, unsigned char *s2, size_t n) 
.................... { 
....................    unsigned char c; 
....................    unsigned int8 n1; 
....................     
....................    if (!s1 && !n) 
....................       n = -1; //find length 
....................  
....................    n1 = 0; 
....................     
....................    for (; n1 < n; n1++) 
....................    { 
....................       c = *s2++; 
....................       if (!c) 
....................          break; 
....................       if (s1) 
....................          *s1++ = c; 
....................    } 
....................  
....................   return(n1); 
.................... } 
....................  
....................  
....................  
....................  
....................  
.................... /***********************************************************/ 
.................... /*Search functions*/ 
.................... /* standard template: void *memchr(const char *s, int c). 
....................    Finds first occurrence of c in n characters of s */ 
....................  
.................... unsigned char *memchr(void *s,unsigned int8 c,size_t n) 
.................... { 
....................    unsigned char uc; 
....................    unsigned char *su; 
....................    uc=c; 
....................    for(su=s;0<n;++su,--n) 
....................       if(*su==uc) 
....................       return su; 
....................    return NULL; 
.................... } 
....................  
.................... /* standard template: char *strchr(const char *s, int c). 
....................    Finds first occurrence of c in s */ 
....................  
.................... unsigned char *strchr(unsigned char *s, unsigned int8 c) 
.................... { 
....................    for (; *s != c; s++) 
....................       if (*s == '\0') 
....................          return(0); 
....................    return(s); 
.................... } 
.................... /* standard template: 
....................    size_t strcspn(const char *s1, const char *s2). 
....................    Computes length of max initial segment of s1 that 
....................    consists entirely of characters NOT from s2*/ 
....................  
.................... unsigned int8  strcspn(unsigned char *s1, unsigned char *s2) 
.................... { 
....................    unsigned char *sc1, *sc2; 
....................  
....................    for (sc1 = s1; *sc1 != 0; sc1++) 
....................       for (sc2 = s2; *sc2 != 0; sc2++) 
....................          if (*sc1 == *sc2) 
....................             return(sc1 - s1); 
....................    return(sc1 - s1); 
.................... } 
.................... /* standard template: 
....................    char *strpbrk(const char *s1, const char *s2). 
....................    Locates first occurence of any character from s2 in s1; 
....................    returns s1 if s2 is empty string */ 
....................  
.................... unsigned char *strpbrk(unsigned char *s1, unsigned char *s2) 
.................... { 
....................    unsigned char *sc1, *sc2; 
....................  
....................    for (sc1 = s1; *sc1 != 0; sc1++) 
....................       for (sc2 = s2; *sc2 != 0; sc2++) 
....................          if (*sc1 == *sc2) 
....................             return(sc1); 
....................    return(0); 
.................... } 
....................  
....................  
.................... /* standard template: char *strrchr(const char *s, int c). 
....................    Finds last occurrence of c in s */ 
....................  
.................... unsigned char *strrchr(unsigned char *s, unsigned int8 c) 
.................... { 
....................    unsigned char *p; 
....................  
....................    for (p = 0; ; s++) 
....................    { 
....................       if (*s == c) 
....................          p = s; 
....................       if (*s == '\0') 
....................          return(p); 
....................    } 
.................... } 
.................... /* computes length of max initial segment of s1 consisting 
....................    entirely of characters from s2 */ 
....................  
.................... unsigned int8  strspn(unsigned char *s1, unsigned char *s2) 
.................... { 
....................    unsigned char *sc1, *sc2; 
....................  
....................    for (sc1 = s1; *sc1 != 0; sc1++) 
....................       for (sc2 = s2; ; sc2++) 
....................     if (*sc2 == '\0') 
....................        return(sc1 - s1); 
....................          else if (*sc1 == *sc2) 
....................             break; 
....................    return(sc1 - s1); 
.................... } 
.................... /* standard template: 
....................    char *strstr(const char *s1, const char *s2); 
....................    Locates first occurence of character sequence s2 in s1; 
....................    returns 0 if s2 is empty string 
....................  
....................    Uncomment #define FASTER_BUT_MORE_ROM at the top of the 
....................    file to use the faster algorithm */ 
.................... unsigned char *strstr(unsigned char *s1, unsigned char *s2) 
.................... { 
....................    unsigned char *s, *t; 
....................  
....................    #ifdef FASTER_BUT_MORE_ROM 
....................    if (*s2 == '\0') 
....................          return(s1); 
....................    #endif 
....................  
....................    while (*s1) 
....................    { 
....................       for(s = s1, t = s2; *t && (*s == *t); ++s, ++t); 
....................  
....................       if (*t == '\0') 
....................          return s1; 
....................       ++s1; 
....................       #ifdef FASTER_BUT_MORE_ROM 
....................          while(*s1 != '\0' && *s1 != *s2) 
....................             ++s1; 
....................       #endif 
....................    } 
....................    return 0; 
.................... } 
....................  
.................... /* standard template: size_t strlen(const char *s). 
....................    Computes length of s1 (preceding terminating 0) */ 
....................  
.................... size_t strlen(unsigned char *s) 
.................... { 
....................    unsigned char *sc; 
....................  
....................    for (sc = s; *sc != 0; sc++); 
*
09E3:  MOVF   3C,W
09E4:  MOVWF  3E
09E5:  MOVF   3B,W
09E6:  MOVWF  3D
09E7:  MOVF   3E,W
09E8:  MOVWF  7A
09E9:  MOVF   3D,W
09EA:  MOVWF  04
09EB:  MOVF   7A,W
09EC:  MOVWF  05
09ED:  MOVF   00,F
09EE:  BTFSC  03.2
09EF:  GOTO   1F4
09F0:  INCF   3D,F
09F1:  BTFSC  03.2
09F2:  INCF   3E,F
09F3:  GOTO   1E7
....................    return(sc - s); 
09F4:  MOVF   3B,W
09F5:  SUBWF  3D,W
09F6:  MOVWF  77
09F7:  MOVF   3C,W
09F8:  SUBWFC 3E,W
09F9:  MOVWF  7A
09FA:  MOVF   77,W
09FB:  MOVWF  78
.................... } 
....................  
.................... /* standard template: char *strtok(char *s1, const char *s2). 
....................  
....................    Finds next token in s1 delimited by a character from separator 
....................    string s2 (which can be different from call to call).  First call 
....................    starts at beginning of s1 searching for first character NOT 
....................    contained in s2; returns 0 if none is found. 
....................    If one is found, it is the start of first token (return value). 
....................    Function then searches from there for a character contained in s2. 
....................    If none is found, current token extends to end of s1, and subsequent 
....................    searches for a token will return 0.  If one is found, it is 
....................    overwritten by '\0', which terminates current token.  Function saves 
....................    pointer to following character from which next search will start. 
....................    Each subsequent call, with 0 as first argument, starts searching 
....................    from saved pointer */ 
....................  
.................... unsigned char *strtok(unsigned char *s1, unsigned char *s2) 
.................... { 
....................    unsigned char *beg, *end; 
....................    static char *save; 
....................  
....................    beg = (s1)? s1: save; 
....................    beg += strspn(beg, s2); 
....................    if (*beg == '\0') 
....................       return(0); 
....................        
....................    end = strpbrk(beg, s2); 
....................    if (end != '\0') 
....................    { 
....................       *end = '\0'; 
....................       end++; 
....................       save = end; 
....................    } 
....................    else 
....................       save = beg + strlen(beg); 
....................     
....................    return(beg); 
.................... } 
....................  
.................... /*****************************************************************/ 
.................... /*Miscellaneous functions*/ 
.................... /* standard template 
.................... maps error number in errnum to an error message string 
.................... Returns: Pointer to string 
.................... */ 
.................... #ifdef _ERRNO 
.................... unsigned char * strerror(unsigned int8 errnum) 
.................... { 
.................... static unsigned char s[13]; 
.................... switch( errnum) 
.................... { 
.................... case 0: 
....................    strcpy(s,"no errors"); 
....................    return s; 
.................... case EDOM : 
....................    strcpy(s,"domain error"); 
....................    return s; 
.................... case ERANGE: 
....................    strcpy(s,"range error"); 
....................    return s; 
.................... } 
.................... } 
.................... #ENDIF 
....................  
.................... /* standard template: size_t stricmp(const char *s1, const char *s2). 
....................    Compares s1 to s2 ignoring case (upper vs. lower) */ 
....................  
.................... signed int8 stricmp(unsigned char *s1, unsigned char *s2) 
.................... { 
....................  for(; *s1==*s2||(isalpha(*s1)&&isalpha(*s2)&&(*s1==*s2+32||*s2==*s1+32)); 
....................     s1++, s2++) 
....................     if (*s1 == '\0') 
....................        return(0); 
....................  return((*s1 < *s2) ? -1: 1); 
.................... } 
....................  
....................  
.................... /* standard template: char *strlwr(char *s). 
....................    Replaces uppercase letters by lowercase; 
....................    returns pointer to new string s */ 
....................  
.................... unsigned char *strlwr(unsigned char *s) 
.................... { 
....................    unsigned char *p; 
....................  
....................    for (p = s; *p != '\0'; p++) 
....................       if (*p >= 'A' && *p <='Z') 
....................          *p += 'a' - 'A'; 
....................    return(s); 
.................... } 
....................  
.................... /* standard template: char *strupr(char *s). 
....................    Replaces lowercase letters by upercase; 
....................    returns pointer to new string s */ 
....................  
.................... unsigned char *strupr(unsigned char *s) 
.................... { 
....................    unsigned char *p; 
....................  
....................    for (p = s; *p != '\0'; p++) 
....................       if (*p >= 'a' && *p <='z') 
....................          *p -= 'a' - 'A'; 
....................    return(s); 
.................... } 
....................  
....................  
.................... /************************************************************/ 
....................  
....................  
.................... #endif 
....................  
....................  
.................... div_t div(signed int numer, signed int denom) 
.................... { 
....................    div_t val; 
....................    val.quot = numer / denom; 
....................    val.rem = numer - (denom * val.quot); 
....................    return (val); 
.................... } 
....................  
.................... ldiv_t ldiv(signed long numer, signed long denom) 
.................... { 
....................    ldiv_t val; 
....................  
....................    val.quot = numer / denom; 
....................    val.rem = numer - (denom * val.quot); 
....................    return (val); 
.................... } 
....................  
.................... #if defined(__PCD__) 
.................... float32 atoe(char * s) 
.................... { 
....................    float32 pow10 = 1.0; 
....................    float32 result = 0.0; 
....................    unsigned int8 sign = 0; 
....................    unsigned int8 expsign = 0; 
....................    char c; 
....................    unsigned int8 ptr = 0; 
....................    unsigned int8 i; 
....................    float32 exp = 1.0; 
....................    unsigned int8 expcnt = 0; 
....................  
....................    c = s[ptr++]; 
....................  
....................    if ((c>='0' && c<='9') || c=='+' || c=='-' || c=='.' || c=='E' || c=='e') { 
....................       if(c == '-') { 
....................          sign = 1; 
....................          c = s[ptr++]; 
....................       } 
....................       if(c == '+') 
....................          c = s[ptr++]; 
....................  
....................       while((c >= '0' && c <= '9')) { 
....................          result = 10*result + c - '0'; 
....................          c = s[ptr++]; 
....................       } 
....................  
....................       if (c == '.') { 
....................          c = s[ptr++]; 
....................          while((c >= '0' && c <= '9')) { 
....................              pow10 = pow10*10; 
....................              result += (c - '0')/pow10; 
....................              c = s[ptr++]; 
....................          } 
....................       } 
....................  
....................       // Handling the exponent 
....................       if (c=='e' || c=='E') { 
....................          c = s[ptr++]; 
....................  
....................          if(c == '-') { 
....................             expsign = 1; 
....................             c = s[ptr++]; 
....................          } 
....................          if(c == '+') 
....................             c = s[ptr++]; 
....................  
....................          while((c >= '0' && c <= '9')) { 
....................             expcnt = 10*expcnt + c - '0'; 
....................             c = s[ptr++]; 
....................          } 
....................  
....................          for(i=0;i<expcnt;i++) 
....................             exp*=10; 
....................  
....................          if(expsign==1) 
....................             result/=exp; 
....................          else 
....................             result*=exp; 
....................       } 
....................    } 
....................  
....................    if (sign == 1) 
....................       result = -1*result; 
....................    return(result); 
.................... } 
.................... #endif 
....................  
.................... #if !defined(__PCD__) 
.................... float atoe(char * s) 
.................... { 
....................    float pow10 = 1.0; 
....................    float result = 0.0; 
....................    unsigned int8 sign = 0; 
....................    unsigned int8 expsign = 0; 
....................    char c; 
....................    unsigned int8 ptr = 0; 
....................    unsigned int8 i; 
....................    float exp = 1.0; 
....................    unsigned int8 expcnt = 0; 
....................  
....................    c = s[ptr++]; 
....................  
....................    if ((c>='0' && c<='9') || c=='+' || c=='-' || c=='.' || c=='E' || c=='e') { 
....................       if(c == '-') { 
....................          sign = 1; 
....................          c = s[ptr++]; 
....................       } 
....................       if(c == '+') 
....................          c = s[ptr++]; 
....................  
....................       while((c >= '0' && c <= '9')) { 
....................          result = 10*result + c - '0'; 
....................          c = s[ptr++]; 
....................       } 
....................  
....................       if (c == '.') { 
....................          c = s[ptr++]; 
....................          while((c >= '0' && c <= '9')) { 
....................              pow10 = pow10*10; 
....................              result += (c - '0')/pow10; 
....................              c = s[ptr++]; 
....................          } 
....................       } 
....................  
....................       // Handling the exponent 
....................       if (c=='e' || c=='E') { 
....................          c = s[ptr++]; 
....................  
....................          if(c == '-') { 
....................             expsign = 1; 
....................             c = s[ptr++]; 
....................          } 
....................          if(c == '+') 
....................             c = s[ptr++]; 
....................  
....................          while((c >= '0' && c <= '9')) { 
....................             expcnt = 10*expcnt + c - '0'; 
....................             c = s[ptr++]; 
....................          } 
....................  
....................          for(i=0;i<expcnt;i++) 
....................             exp*=10; 
....................  
....................          if(expsign==1) 
....................             result/=exp; 
....................          else 
....................             result*=exp; 
....................       } 
....................    } 
....................  
....................    if (sign == 1) 
....................       result = -1*result; 
....................    return(result); 
.................... } 
.................... #endif 
....................  
.................... signed int atoi(char *s) 
.................... { 
....................    signed int result; 
....................    unsigned int sign, base, index; 
....................    char c; 
....................  
....................    index = 0; 
....................    sign = 0; 
....................    base = 10; 
....................    result = 0; 
....................  
....................    if (!s) 
....................       return 0; 
....................    // Omit all preceeding alpha characters 
....................    c = s[index++]; 
....................  
....................    // increase index if either positive or negative sign is detected 
....................    if (c == '-') 
....................    { 
....................       sign = 1;         // Set the sign to negative 
....................       c = s[index++]; 
....................    } 
....................    else if (c == '+') 
....................    { 
....................       c = s[index++]; 
....................    } 
....................  
....................    if (c >= '0' && c <= '9') 
....................    { 
....................  
....................       // Check for hexa number 
....................       if (c == '0' && (s[index] == 'x' || s[index] == 'X')) 
....................       { 
....................          base = 16; 
....................          index++; 
....................          c = s[index++]; 
....................       } 
....................  
....................       // The number is a decimal number 
....................       if (base == 10) 
....................       { 
....................          while (c >= '0' && c <= '9') 
....................          { 
....................             result = 10*result + (c - '0'); 
....................             c = s[index++]; 
....................          } 
....................       } 
....................       else if (base == 16)    // The number is a hexa number 
....................       { 
....................          c = toupper(c); 
....................          while ( (c >= '0' && c <= '9') || (c >= 'A' && c<='F')) 
....................          { 
....................             if (c >= '0' && c <= '9') 
....................                result = (result << 4) + (c - '0'); 
....................             else 
....................                result = (result << 4) + (c - 'A' + 10); 
....................  
....................             c = s[index++]; 
....................             c = toupper(c); 
....................          } 
....................       } 
....................    } 
....................  
....................    if (sign == 1 && base == 10) 
....................        result = -result; 
....................  
....................    return(result); 
.................... } 
....................  
.................... signed long atol(char *s) 
.................... { 
....................    signed long result; 
....................    unsigned int sign, base, index; 
....................    char c; 
....................  
....................    index = 0; 
....................    sign = 0; 
....................    base = 10; 
....................    result = 0; 
....................  
....................    if (!s) 
....................       return 0; 
....................    c = s[index++]; 
....................  
....................    // increase index if either positive or negative sign is detected 
....................    if (c == '-') 
....................    { 
....................       sign = 1;         // Set the sign to negative 
....................       c = s[index++]; 
....................    } 
....................    else if (c == '+') 
....................    { 
....................       c = s[index++]; 
....................    } 
....................  
....................    if (c >= '0' && c <= '9') 
....................    { 
....................       if (c == '0' && (s[index] == 'x' || s[index] == 'X')) 
....................       { 
....................          base = 16; 
....................          index++; 
....................          c = s[index++]; 
....................       } 
....................  
....................       // The number is a decimal number 
....................       if (base == 10) 
....................       { 
....................          while (c >= '0' && c <= '9') 
....................          { 
....................             result = 10*result + (c - '0'); 
....................             c = s[index++]; 
....................          } 
....................       } 
....................       else if (base == 16)    // The number is a hexa number 
....................       { 
....................          c = toupper(c); 
....................          while ( (c >= '0' && c <= '9') || (c >= 'A' && c <='F')) 
....................          { 
....................             if (c >= '0' && c <= '9') 
....................                result = (result << 4) + (c - '0'); 
....................             else 
....................                result = (result << 4) + (c - 'A' + 10); 
....................  
....................             c = s[index++];c = toupper(c); 
....................          } 
....................       } 
....................    } 
....................  
....................    if (base == 10 && sign == 1) 
....................       result = -result; 
....................  
....................    return(result); 
.................... } 
....................  
.................... /* A fast routine to multiply by 10 
....................  */ 
.................... signed int32 mult_with10(int32 num) 
.................... { 
....................    return ( (num << 1) + (num << 3) ); 
.................... } 
....................  
.................... #if sizeof(long)==2 
.................... signed int32 atoi32(char *s) 
.................... { 
....................    signed int32 result; 
....................    int8 sign, base, index; 
....................    char c; 
....................  
....................    index = 0; 
....................    sign = 0; 
....................    base = 10; 
....................    result = 0; 
....................  
....................    if (!s) 
....................       return 0; 
....................    c = s[index++]; 
....................  
....................    // increase index if either positive or negative sign is detected 
....................    if (c == '-') 
....................    { 
....................       sign = 1;         // Set the sign to negative 
....................       c = s[index++]; 
....................    } 
....................    else if (c == '+') 
....................    { 
....................       c = s[index++]; 
....................    } 
....................  
....................    if (c >= '0' && c <= '9') 
....................    { 
....................       if (c == '0' && (s[index] == 'x' || s[index] == 'X')) 
....................       { 
....................          base = 16; 
....................          index++; 
....................          c = s[index++]; 
....................       } 
....................  
....................       // The number is a decimal number 
....................       if (base == 10) 
....................       { 
....................          while (c >= '0' && c <= '9') { 
....................             result = (result << 1) + (result << 3);  // result *= 10; 
....................             result += (c - '0'); 
....................             c = s[index++]; 
....................          } 
....................       } 
....................       else if (base == 16)    // The number is a hexa number 
....................       { 
....................          c = toupper(c); 
....................          while ((c >= '0' && c <= '9') || (c >= 'A' && c <='F')) 
....................          { 
....................             if (c >= '0' && c <= '9') 
....................                result = (result << 4) + (c - '0'); 
....................             else 
....................                result = (result << 4) + (c - 'A' + 10); 
....................  
....................             c = s[index++];c = toupper(c); 
....................          } 
....................       } 
....................    } 
....................  
....................    if (base == 10 && sign == 1) 
....................       result = -result; 
....................  
....................    return(result); 
.................... } 
.................... #endif 
....................  
.................... #if defined(__PCD__) 
....................  
.................... signed int48 atoi48(char *s) 
.................... { 
....................    signed int48 result; 
....................    int8 sign, base, index; 
....................    char c; 
....................  
....................    index = 0; 
....................    sign = 0; 
....................    base = 10; 
....................    result = 0; 
....................  
....................    if (!s) 
....................       return 0; 
....................    c = s[index++]; 
....................  
....................    // increase index if either positive or negative sign is detected 
....................    if (c == '-') 
....................    { 
....................       sign = 1;         // Set the sign to negative 
....................       c = s[index++]; 
....................    } 
....................    else if (c == '+') 
....................    { 
....................       c = s[index++]; 
....................    } 
....................  
....................    if (c >= '0' && c <= '9') 
....................    { 
....................       if (c == '0' && (s[index] == 'x' || s[index] == 'X')) 
....................       { 
....................          base = 16; 
....................          index++; 
....................          c = s[index++]; 
....................       } 
....................  
....................       // The number is a decimal number 
....................       if (base == 10) 
....................       { 
....................          while (c >= '0' && c <= '9') { 
....................             result = (result << 1) + (result << 3);  // result *= 10; 
....................             result += (c - '0'); 
....................             c = s[index++]; 
....................          } 
....................       } 
....................       else if (base == 16)    // The number is a hexa number 
....................       { 
....................          c = toupper(c); 
....................          while ((c >= '0' && c <= '9') || (c >= 'A' && c <='F')) 
....................          { 
....................             if (c >= '0' && c <= '9') 
....................                result = (result << 4) + (c - '0'); 
....................             else 
....................                result = (result << 4) + (c - 'A' + 10); 
....................  
....................             c = s[index++];c = toupper(c); 
....................          } 
....................       } 
....................    } 
....................  
....................    if (base == 10 && sign == 1) 
....................       result = -result; 
....................  
....................    return(result); 
.................... } 
....................  
.................... signed int64 atoi64(char *s) 
.................... { 
....................    signed int64 result; 
....................    int8 sign, base, index; 
....................    char c; 
....................  
....................    index = 0; 
....................    sign = 0; 
....................    base = 10; 
....................    result = 0; 
....................  
....................    if (!s) 
....................       return 0; 
....................    c = s[index++]; 
....................  
....................    // increase index if either positive or negative sign is detected 
....................    if (c == '-') 
....................    { 
....................       sign = 1;         // Set the sign to negative 
....................       c = s[index++]; 
....................    } 
....................    else if (c == '+') 
....................    { 
....................       c = s[index++]; 
....................    } 
....................  
....................    if (c >= '0' && c <= '9') 
....................    { 
....................       if (c == '0' && (s[index] == 'x' || s[index] == 'X')) 
....................       { 
....................          base = 16; 
....................          index++; 
....................          c = s[index++]; 
....................       } 
....................  
....................       // The number is a decimal number 
....................       if (base == 10) 
....................       { 
....................          while (c >= '0' && c <= '9') { 
....................             result = (result << 1) + (result << 3);  // result *= 10; 
....................             result += (c - '0'); 
....................             c = s[index++]; 
....................          } 
....................       } 
....................       else if (base == 16)    // The number is a hexa number 
....................       { 
....................          c = toupper(c); 
....................          while ((c >= '0' && c <= '9') || (c >= 'A' && c <='F')) 
....................          { 
....................             if (c >= '0' && c <= '9') 
....................                result = (result << 4) + (c - '0'); 
....................             else 
....................                result = (result << 4) + (c - 'A' + 10); 
....................  
....................             c = s[index++];c = toupper(c); 
....................          } 
....................       } 
....................    } 
....................  
....................    if (base == 10 && sign == 1) 
....................       result = -result; 
....................  
....................    return(result); 
.................... } 
.................... #endif 
....................  
.................... char * itoa(signed int32 num, unsigned int base, char * s) 
.................... { 
....................      unsigned int32 temp=1; 
....................      unsigned int8 i,sign=0,cnt=0; 
....................      char c; 
....................  
....................      if(num<0) { 
....................          sign=1;        // Check for negative number 
....................          num*=-1; 
....................      } 
....................  
....................      while(temp>0) { 
....................          temp=(num/base); 
....................          s[cnt]=(num%base)+'0';    // Conversion 
....................  
....................          if(s[cnt]>0x39) 
....................             s[cnt]+=0x7; 
....................  
....................          cnt++; 
....................          num=temp; 
....................      } 
....................  
....................      if(sign==1) { 
....................          s[cnt]=0x2D;      // Negative sign 
....................          cnt++; 
....................      } 
....................  
....................      for(i = 0;i<(int8)(cnt/2);i++) { 
....................  
....................          c=s[i]; 
....................          s[i]=s[cnt-i-1];        // Reverse the number 
....................          s[cnt-i-1]=c; 
....................      } 
....................      s[cnt]='\0';     // End the string 
....................      return s; 
.................... } 
....................  
.................... #if defined(__PCD__) 
....................  
.................... char * itoa(signed int48 num, unsigned int base, char * s) 
.................... { 
....................      unsigned int48 temp=1; 
....................      unsigned int8 i,sign=0,cnt=0; 
....................      char c; 
....................  
....................      if(num<0) { 
....................          sign=1;        // Check for negative number 
....................          num*=-1; 
....................      } 
....................  
....................      while(temp>0) { 
....................          temp=(num/base); 
....................          s[cnt]=(num%base)+'0';    // Conversion 
....................  
....................          if(s[cnt]>0x39) 
....................             s[cnt]+=0x7; 
....................  
....................          cnt++; 
....................          num=temp; 
....................      } 
....................  
....................      if(sign==1) { 
....................          s[cnt]=0x2D;      // Negative sign 
....................          cnt++; 
....................      } 
....................  
....................      for(i = 0;i<(int8)(cnt/2);i++) { 
....................  
....................          c=s[i]; 
....................          s[i]=s[cnt-i-1];        // Reverse the number 
....................          s[cnt-i-1]=c; 
....................      } 
....................      s[cnt]='\0';     // End the string 
....................      return s; 
.................... } 
....................  
.................... char * itoa(signed int64 num, unsigned int base, char * s) 
.................... { 
....................      unsigned int64 temp=1; 
....................      unsigned int8 i,sign=0,cnt=0; 
....................      char c; 
....................       
....................      if(num<0) { 
....................          sign=1;        // Check for negative number 
....................          num*=-1;         
....................      } 
....................  
....................      while(temp>0) { 
....................          temp=(num/base); 
....................          s[cnt]=(num%base)+'0';    // Conversion 
....................  
....................          if(s[cnt]>0x39) 
....................             s[cnt]+=0x7; 
....................              
....................          cnt++; 
....................          num=temp; 
....................      } 
....................  
....................      if(sign==1) { 
....................          s[cnt]=0x2D;      // Negative sign 
....................          cnt++; 
....................      } 
....................  
....................      for(i = 0;i<(int8)(cnt/2);i++) { 
....................  
....................          c=s[i]; 
....................          s[i]=s[cnt-i-1];        // Reverse the number 
....................          s[cnt-i-1]=c; 
....................      } 
....................      s[cnt]='\0';     // End the string 
....................      return s; 
.................... } 
....................  
.................... #endif 
....................  
.................... float strtof(char *s, char **endptr) 
.................... { 
....................    float pow10 = 1.0; 
....................    float result = 0.0; 
....................    int1 skip = 1, sign = 0, point = 0; 
....................    char c; 
....................    unsigned int8 ptr = 0; 
....................  
....................    if (!s) 
....................       return 0; 
....................  
....................    for(c=s[ptr++]; c!=0; c=s[ptr++]) 
....................    { 
....................       if (skip && !isspace(c)) 
....................       { 
....................          skip = 0; 
....................          if (c == '+') 
....................          { 
....................             sign = 0; 
....................             continue; 
....................          }             
....................          else if (c == '-') 
....................          { 
....................             sign = 1; 
....................             continue; 
....................          } 
....................       } 
....................       if (!skip && (c == '.') && !point) 
....................          point = 1; 
....................       else if (!skip && isdigit(c)) 
....................       { 
....................          c -= '0'; 
....................          if (point) 
....................          { 
....................             pow10 = pow10 * 10.0; 
....................             result += (float)c / pow10;    
....................          } 
....................          else 
....................          { 
....................             result = 10.0 * result + (float)c; 
....................          } 
....................       } 
....................       else if (!skip) 
....................          break; 
....................    } 
....................  
....................    if (sign) 
....................       result = -1*result; 
....................        
....................    if(endptr) 
....................    { 
....................       if (ptr) { 
....................          ptr--; 
....................        #IF LONG_POINTERS  
....................          *((int16 *)endptr)= s+ptr;  
....................        #ELSE 
....................          *((char *)endptr)=s+ptr; 
....................        #ENDIF 
....................       } 
....................       else 
....................       { 
....................       #IF LONG_POINTERS 
....................       *((int16 *)endptr)= s;  
....................       #ELSE 
....................       *((char *)endptr)=s; 
....................       #ENDIF 
....................       } 
....................    } 
....................  
....................    return(result); 
.................... } 
....................  
.................... #if defined(__PCD__) 
.................... float48 strtof48(char *s, char **endptr) 
.................... { 
....................    float48 pow10 = 1.0; 
....................    float48 result = 0.0; 
....................    int1 skip = 1, sign = 0, point = 0; 
....................    char c; 
....................    unsigned int8 ptr = 0; 
....................  
....................    if (!s) 
....................       return 0; 
....................  
....................    for(c=s[ptr++]; c!=0; c=s[ptr++]) 
....................    { 
....................       if (skip && !isspace(c)) 
....................       { 
....................          skip = 0; 
....................          if (c == '+') 
....................          { 
....................             sign = 0; 
....................             continue; 
....................          }             
....................          else if (c == '-') 
....................          { 
....................             sign = 1; 
....................             continue; 
....................          } 
....................       } 
....................       if (!skip && (c == '.') && !point) 
....................          point = 1; 
....................       else if (!skip && isdigit(c)) 
....................       { 
....................          c -= '0'; 
....................          if (point) 
....................          { 
....................             pow10 = pow10 * 10.0; 
....................             result += (float48)c / pow10;    
....................          } 
....................          else 
....................          { 
....................             result = 10.0 * result + (float48)c; 
....................          } 
....................       } 
....................       else if (!skip) 
....................          break; 
....................    } 
....................  
....................    if (sign) 
....................       result = -1*result; 
....................        
....................    if(endptr) 
....................    { 
....................       if (ptr) { 
....................          ptr--; 
....................        #IF LONG_POINTERS  
....................          *((int16 *)endptr)= s+ptr;  
....................        #ELSE 
....................          *((char *)endptr)=s+ptr; 
....................        #ENDIF 
....................       } 
....................       else 
....................       { 
....................       #IF LONG_POINTERS 
....................       *((int16 *)endptr)= s;  
....................       #ELSE 
....................       *((char *)endptr)=s; 
....................       #ENDIF 
....................       } 
....................    } 
....................  
....................    return(result); 
.................... } 
....................  
.................... float64 strtod(char *s, char **endptr) 
.................... { 
....................    float64 pow10 = 1.0; 
....................    float64 result = 0.0; 
....................    int1 skip = 1, sign = 0, point = 0; 
....................    char c; 
....................    unsigned int8 ptr = 0; 
....................  
....................    if (!s) 
....................       return 0; 
....................  
....................    for(c=s[ptr++]; c!=0; c=s[ptr++]) 
....................    { 
....................       if (skip && !isspace(c)) 
....................       { 
....................          skip = 0; 
....................          if (c == '+') 
....................          { 
....................             sign = 0; 
....................             continue; 
....................          }             
....................          else if (c == '-') 
....................          { 
....................             sign = 1; 
....................             continue; 
....................          } 
....................       } 
....................       if (!skip && (c == '.') && !point) 
....................          point = 1; 
....................       else if (!skip && isdigit(c)) 
....................       { 
....................          c -= '0'; 
....................          if (point) 
....................          { 
....................             pow10 = pow10 * 10.0; 
....................             result += (float64)c / pow10;    
....................          } 
....................          else 
....................          { 
....................             result = 10.0 * result + (float64)c; 
....................          } 
....................       } 
....................       else if (!skip) 
....................          break; 
....................    } 
....................  
....................    if (sign) 
....................       result = -1*result; 
....................        
....................    if(endptr) 
....................    { 
....................       if (ptr) { 
....................          ptr--; 
....................        #IF LONG_POINTERS  
....................          *((int16 *)endptr)= s+ptr;  
....................        #ELSE 
....................          *((char *)endptr)=s+ptr; 
....................        #ENDIF 
....................       } 
....................       else 
....................       { 
....................       #IF LONG_POINTERS 
....................       *((int16 *)endptr)= s;  
....................       #ELSE 
....................       *((char *)endptr)=s; 
....................       #ENDIF 
....................       } 
....................    } 
....................  
....................    return(result); 
.................... } 
.................... #endif 
....................  
.................... unsigned long strtoul(char *s, char *endptr, signed int base) 
.................... { 
....................    char *sc,*s1,*sd; 
....................    unsigned long x=0; 
....................    char sign; 
....................    char digits[]="0123456789abcdefghijklmnopqstuvwxyz"; 
....................    for(sc=s;isspace(*sc);++sc); 
....................    sign=*sc=='-'||*sc=='+'?*sc++:'+'; 
....................    if(sign=='-' || base <0 || base ==1|| base >36) // invalid base 
....................    goto StrtoulGO; 
....................  
....................    else if (base) 
....................    { 
....................       if(base==16 && *sc =='0'&&(sc[1]=='x' || sc[1]=='X')) 
....................          sc+=2; 
....................       if(base==8 && *sc =='0') 
....................          sc+=1; 
....................       if(base==2 && *sc =='0'&&sc[1]=='b') 
....................          sc+=2; 
....................  
....................    } 
....................    else if(*sc!='0') // base is 0, find base 
....................       base=10; 
....................    else if (sc[1]=='x' || sc[1]=='X') 
....................       base =16,sc+=2; 
....................    else if(sc[1]=='b') 
....................       base=2,sc+=2; 
....................    else 
....................       base=8; 
....................    for (s1=sc;*sc=='0';++sc);// skip leading zeroes 
....................    sd=memchr(digits,tolower(*sc),base); 
....................    for(; sd!=0; ) 
....................    { 
....................       x=x*base+(int16)(sd-digits); 
....................       ++sc; 
....................       sd=memchr(digits,tolower(*sc),base); 
....................    } 
....................    if(s1==sc) 
....................    { 
....................    StrtoulGO: 
....................       if (endptr) 
....................       { 
....................          #IF LONG_POINTERS 
....................          *((int16 *)endptr)= s;  
....................          #ELSE 
....................          *((char *)endptr)=s; 
....................          #ENDIF 
....................          } 
....................    return 0; 
....................    } 
....................    if (endptr) 
....................    { 
....................          #IF LONG_POINTERS 
....................          *((int16 *)endptr)= sc;  
....................          #ELSE 
....................          *((char *)endptr)=sc;  
....................          #ENDIF 
....................    } 
....................    return x; 
.................... } 
....................  
....................  
.................... signed long strtol(char *s,char *endptr, signed int base) 
.................... { 
....................    char *sc,*s1,*sd; 
....................    signed long x=0; 
....................    char sign; 
....................    char digits[]="0123456789abcdefghijklmnopqstuvwxyz"; 
....................    for(sc=s;isspace(*sc);++sc); 
....................    sign=*sc=='-'||*sc=='+'?*sc++:'+'; 
....................    if (base <0 || base ==1|| base >36) // invalid base 
....................    goto StrtolGO; 
....................    else if (base) 
....................    { 
....................       if(base==16 && *sc =='0'&&(sc[1]=='x' || sc[1]=='X')) 
....................          sc+=2; 
....................       if(base==8 && *sc =='0') 
....................          sc+=1; 
....................       if(base==2 && *sc =='0'&&sc[1]=='b') 
....................          sc+=2; 
....................  
....................    } 
....................    else if(*sc!='0') // base is 0, find base 
....................       base=10; 
....................    else if (sc[1]=='x' || sc[1]=='X') 
....................       base =16,sc+=2; 
....................    else if(sc[1]=='b') 
....................       base=2,sc+=2; 
....................    else 
....................       base=8; 
....................    for (s1=sc;*sc=='0';++sc);// skip leading zeroes 
....................  
....................    sd=memchr(digits,tolower(*sc),base); 
....................    for(;sd!=0;) 
....................    { 
....................       x=x*base+(int16)(sd-digits); 
....................       ++sc; 
....................       sd=memchr(digits,tolower(*sc),base); 
....................    } 
....................    if(s1==sc) 
....................    { 
....................    StrtolGO: 
....................       if (endptr) 
....................       { 
....................          #IF LONG_POINTERS 
....................          *((int16 *)endptr)= s;  
....................          #ELSE 
....................          *((char *)endptr)=s; 
....................          #ENDIF 
....................       } 
....................    return 0; 
....................    } 
....................    if(sign=='-') 
....................       x  =-x; 
....................    if (endptr) 
....................    { 
....................         #IF LONG_POINTERS 
....................          *((int16 *)endptr)= sc;  
....................         #ELSE 
....................         *((char *)endptr)=sc; 
....................         #ENDIF 
....................    } 
....................    return x; 
.................... } 
....................  
.................... signed int8 system(char *string) 
.................... { 
....................    return 0; 
.................... } 
....................  
.................... size_t mblen(char *s,size_t n) 
.................... { 
....................    return strlen(s); 
.................... } 
....................  
.................... int8 mbtowc(wchar_t *pwc,char *s,size_t n) 
.................... { 
....................    *pwc=*s; 
....................    return 1; 
.................... } 
....................  
.................... int8 wctomb(char *s,wchar_t wchar) 
.................... { 
....................    *s=wchar; 
....................    return 1; 
.................... } 
....................  
.................... size_t mbstowcs(wchar_t *pwcs,char *s,size_t n) 
.................... { 
....................    strncpy(pwcs,s,n); 
....................    return strlen(pwcs); 
.................... } 
....................  
.................... size_t wcstombs(char *s,wchar_t *pwcs,size_t n) 
.................... { 
....................    strncpy(s,pwcs,n); 
....................    return strlen(s); 
.................... } 
....................  
.................... //--------------------------------------------------------------------------- 
.................... // The random number implementation 
.................... //--------------------------------------------------------------------------- 
....................  
.................... unsigned int32 _Randseed; 
....................  
.................... unsigned int16 rand(void) 
.................... { 
....................    _Randseed = _Randseed * 1103515245 + 12345; 
....................    return ((unsigned int16)(_Randseed >> 16) % RAND_MAX); 
.................... } 
....................  
.................... void srand(unsigned int32 seed) 
.................... { 
....................    _Randseed = seed; 
.................... } 
....................  
.................... //--------------------------------------------------------------------------- 
.................... // Searching and sorting utilities implementation 
.................... //--------------------------------------------------------------------------- 
....................  
.................... #if !defined(__PCD__) 
.................... typedef signed int8 (*_Cmpfun)(char * p1,char * p2);  
.................... #else  
.................... typedef signed int16 (*_Cmpfun)(char * p1,char * p2);  
.................... #endif 
....................  
....................  
....................  
.................... void qsort(char * qdata, unsigned int qitems, unsigned int qsize, _Cmpfun cmp) { 
....................    unsigned int m,j,i,l; 
....................    int1 done; 
....................    unsigned int8 t[16]; 
....................  
....................    m = qitems/2; 
....................    while( m > 0 ) { 
....................      for(j=0; j<(qitems-m); ++j) { 
....................         i = j; 
....................         do 
....................         { 
....................            done=1; 
....................            l = i+m; 
....................            if( (*cmp)(qdata+i*qsize, qdata+l*qsize) > 0 ) { 
....................               memcpy(t, qdata+i*qsize, qsize); 
....................               memcpy(qdata+i*qsize, qdata+l*qsize, qsize); 
....................               memcpy(qdata+l*qsize, t, qsize); 
....................               if(m <= i) 
....................                 i -= m; 
....................                 done = 0; 
....................            } 
....................         } while(!done); 
....................      } 
....................      m = m/2; 
....................    } 
.................... } 
....................  
....................  
.................... char *bsearch(char *key, char *base, size_t num, size_t width,_Cmpfun cmp) 
.................... { 
....................    char *p, *q; 
....................    size_t n; 
....................    size_t pivot; 
....................    signed int val; 
....................  
....................    p = base; 
....................    n = num; 
....................  
....................    while (n > 0) 
....................    { 
....................       pivot = n >> 1; 
....................       q = p + width * pivot; 
....................  
....................       val = (*cmp)(key, q); 
....................  
....................       if (val < 0) 
....................          n = pivot; 
....................       else if (val == 0) 
....................          return ((char *)q); 
....................       else { 
....................          p = q + width; 
....................          n -= pivot + 1; 
....................       } 
....................    } 
....................  
....................    return NULL;      // There's no match 
.................... } 
....................  
....................  
.................... #endif 
....................  
.................... #include <stdio.h> 
.................... /////////////////////////////////////////////////////////////////////////// 
.................... ////        (C) Copyright 1996,2003 Custom Computer Services           //// 
.................... //// This source code may only be used by licensed users of the CCS C  //// 
.................... //// compiler.  This source code may only be distributed to other      //// 
.................... //// licensed users of the CCS C compiler.  No other use, reproduction //// 
.................... //// or distribution is permitted without written permission.          //// 
.................... //// Derivative programs created using this software in object code    //// 
.................... //// form are not restricted in any way.                               //// 
.................... /////////////////////////////////////////////////////////////////////////// 
....................  
.................... #ifndef _STDIO 
.................... #define _STDIO 
.................... #include <string.h> 
.................... //////////////////////////////////////////////////////////////////////////// 
.................... ////        (C) Copyright 1996,2008 Custom Computer Services            //// 
.................... //// This source code may only be used by licensed users of the CCS C   //// 
.................... //// compiler.  This source code may only be distributed to other       //// 
.................... //// licensed users of the CCS C compiler.  No other use, reproduction  //// 
.................... //// or distribution is permitted without written permission.           //// 
.................... //// Derivative programs created using this software in object code     //// 
.................... //// form are not restricted in any way.                                //// 
.................... //////////////////////////////////////////////////////////////////////////// 
....................  
.................... #ifndef _STRING 
.................... #define _STRING 
.................... #include <stddef.h> 
.................... #include <ctype.h> 
....................  
....................  
....................  
.................... ////////////////////////////////////////////// 
.................... //// Uncomment the following define to    //// 
.................... //// allow some functions to use a        //// 
.................... //// quicker algorithm, but use more ROM  //// 
.................... ////                                      //// 
.................... //// #define FASTER_BUT_MORE_ROM          //// 
.................... ////////////////////////////////////////////// 
....................  
....................  
....................  
.................... /*Copying functions*/ 
.................... /* standard template: 
....................    void *memmove(void *s1, void *s2, size_t n). 
....................    Copies max of n characters safely (not following ending '\0') 
....................    from s2 in s1; if s2 has less than n characters, appends 0 */ 
....................  
.................... unsigned char *memmove(void *s1,void *s2,size_t n) 
.................... { 
....................    unsigned char *sc1; 
....................    unsigned char *sc2; 
....................    sc1=s1; 
....................    sc2=s2; 
....................    if(sc2<sc1 && sc1 <sc2 +n) 
....................       for(sc1+=n,sc2+=n;0<n;--n) 
....................          *--sc1=*--sc2; 
....................    else 
....................       for(;0<n;--n) 
....................          *sc1++=*sc2++; 
....................   return s1; 
....................   } 
....................  
.................... /* Standard template: char *strcpy(char *s1, const char *s2) 
....................    copies the string s2 including the null character to s1. 
....................    This is a compiler built in to handle the different address 
....................    spaces */ 
....................  
.................... #define strcopy strcpy 
....................  
.................... /* standard template: 
....................    char *strncpy(char *s1, const char *s2, size_t n). 
....................    Copies max of n characters (not following ending '\0') 
....................    from s2 in s1; if s2 has less than n characters, appends 0 */ 
....................  
.................... unsigned char *strncpy(unsigned char *s1, unsigned char *s2, size_t n) 
.................... { 
....................   unsigned char *s; 
....................  
....................   for (s = s1; n > 0 && *s2 != '\0'; n--) 
....................      *s++ = *s2++; 
....................   for (; n > 0; n--) 
....................      *s++ = '\0'; 
....................  
....................   return(s1); 
.................... } 
.................... /***********************************************************/ 
....................  
.................... /*concatenation functions*/ 
.................... /* standard template: char *strcat(char *s1, const char *s2) 
.................... appends s2 to s1*/ 
....................  
.................... unsigned char *strcat(unsigned char *s1, unsigned char *s2) 
.................... { 
....................    unsigned char *s; 
....................  
....................    for (s = s1; *s != '\0'; ++s); 
....................    while(*s2 != '\0') 
....................    { 
....................       *s = *s2; 
....................       ++s; 
....................       ++s2; 
....................    } 
....................  
....................    *s = '\0'; 
....................    return(s1); 
.................... } 
.................... /* standard template: char *strncat(char *s1, char *s2,size_t n) 
.................... appends not more than n characters from s2 to s1*/ 
....................  
.................... unsigned char *strncat(unsigned char *s1, unsigned char *s2, size_t n) 
.................... { 
....................    unsigned char *s; 
....................  
....................    for (s = s1; *s != '\0'; ++s); 
....................    while(*s2 != '\0' && 0<n) 
....................    { 
....................       *s = *s2; 
....................       ++s; 
....................       ++s2; 
....................       --n; 
....................    } 
....................  
....................    *s = '\0'; 
....................    return(s1); 
.................... } 
....................  
.................... /***********************************************************/ 
....................  
....................  
.................... /*comparison functions*/ 
.................... /* standard template: signed int memcmp(void *s1, void *s2). 
....................    Compares s1 & s2; returns -1 if s1<s2, 0 if s1=s2, 1 if s1>s2 */ 
....................  
.................... signed int8 memcmp(void * s1,void *s2,size_t n) 
.................... { 
.................... unsigned char *su1, *su2; 
.................... for(su1=s1, su2=s2; 0<n; ++su1, ++su2, --n) 
.................... { 
....................    if(*su1!=*su2) 
....................       return ((*su1<*su2)?-1:1); 
.................... } 
.................... return 0; 
.................... } 
....................  
.................... /* standard template: int strcmp(const char *s1, const char *s2). 
....................    Compares s1 & s2; returns -1 if s1<s2, 0 if s1=s2, 1 if s1>s2 */ 
....................  
.................... signed int8 strcmp(unsigned char *s1, unsigned char *s2) 
.................... { 
....................    for (; *s1 == *s2; s1++, s2++) 
....................       if (*s1 == '\0') 
....................          return(0); 
....................    return((*s1 < *s2) ? -1: 1); 
.................... } 
.................... /* standard template: int strcoll(const char *s1, const char *s2). 
....................    Compares s1 & s2; returns -1 if s1<s2, 0 if s1=s2, 1 if s1>s2 */ 
....................  
.................... signed int8 strcoll(unsigned char *s1, unsigned char *s2) 
.................... { 
....................    for (; *s1 == *s2; s1++, s2++) 
....................       if (*s1 == '\0') 
....................          return(0); 
....................    return((*s1 < *s2) ? -1: 1); 
.................... } 
....................  
.................... /* standard template: 
....................    int strncmp(const char *s1, const char *s2, size_t n). 
....................    Compares max of n characters (not following 0) from s1 to s2; 
....................    returns same as strcmp */ 
....................  
.................... signed int8 strncmp(unsigned char *s1, unsigned char *s2, size_t n) 
.................... { 
....................    for (; n > 0; s1++, s2++, n--) 
....................       if (*s1 != *s2) 
....................          return((*s1 <*s2) ? -1: 1); 
....................       else if (*s1 == '\0') 
....................          return(0); 
....................    return(0); 
.................... } 
.................... /* standard template: 
....................    int strxfrm(const char *s1, const char *s2, size_t n). 
....................    transforms maximum of n characters from s2 and places them into s1, returns number of chars written ot s1. 
....................    if s1 is NULL and n is 0, then it returns the length of s2.*/ 
.................... size_t strxfrm(unsigned char *s1, unsigned char *s2, size_t n) 
.................... { 
....................    unsigned char c; 
....................    unsigned int8 n1; 
....................     
....................    if (!s1 && !n) 
....................       n = -1; //find length 
....................  
....................    n1 = 0; 
....................     
....................    for (; n1 < n; n1++) 
....................    { 
....................       c = *s2++; 
....................       if (!c) 
....................          break; 
....................       if (s1) 
....................          *s1++ = c; 
....................    } 
....................  
....................   return(n1); 
.................... } 
....................  
....................  
....................  
....................  
....................  
.................... /***********************************************************/ 
.................... /*Search functions*/ 
.................... /* standard template: void *memchr(const char *s, int c). 
....................    Finds first occurrence of c in n characters of s */ 
....................  
.................... unsigned char *memchr(void *s,unsigned int8 c,size_t n) 
.................... { 
....................    unsigned char uc; 
....................    unsigned char *su; 
....................    uc=c; 
....................    for(su=s;0<n;++su,--n) 
....................       if(*su==uc) 
....................       return su; 
....................    return NULL; 
.................... } 
....................  
.................... /* standard template: char *strchr(const char *s, int c). 
....................    Finds first occurrence of c in s */ 
....................  
.................... unsigned char *strchr(unsigned char *s, unsigned int8 c) 
.................... { 
....................    for (; *s != c; s++) 
....................       if (*s == '\0') 
....................          return(0); 
....................    return(s); 
.................... } 
.................... /* standard template: 
....................    size_t strcspn(const char *s1, const char *s2). 
....................    Computes length of max initial segment of s1 that 
....................    consists entirely of characters NOT from s2*/ 
....................  
.................... unsigned int8  strcspn(unsigned char *s1, unsigned char *s2) 
.................... { 
....................    unsigned char *sc1, *sc2; 
....................  
....................    for (sc1 = s1; *sc1 != 0; sc1++) 
....................       for (sc2 = s2; *sc2 != 0; sc2++) 
....................          if (*sc1 == *sc2) 
....................             return(sc1 - s1); 
....................    return(sc1 - s1); 
.................... } 
.................... /* standard template: 
....................    char *strpbrk(const char *s1, const char *s2). 
....................    Locates first occurence of any character from s2 in s1; 
....................    returns s1 if s2 is empty string */ 
....................  
.................... unsigned char *strpbrk(unsigned char *s1, unsigned char *s2) 
.................... { 
....................    unsigned char *sc1, *sc2; 
....................  
....................    for (sc1 = s1; *sc1 != 0; sc1++) 
....................       for (sc2 = s2; *sc2 != 0; sc2++) 
....................          if (*sc1 == *sc2) 
....................             return(sc1); 
....................    return(0); 
.................... } 
....................  
....................  
.................... /* standard template: char *strrchr(const char *s, int c). 
....................    Finds last occurrence of c in s */ 
....................  
.................... unsigned char *strrchr(unsigned char *s, unsigned int8 c) 
.................... { 
....................    unsigned char *p; 
....................  
....................    for (p = 0; ; s++) 
....................    { 
....................       if (*s == c) 
....................          p = s; 
....................       if (*s == '\0') 
....................          return(p); 
....................    } 
.................... } 
.................... /* computes length of max initial segment of s1 consisting 
....................    entirely of characters from s2 */ 
....................  
.................... unsigned int8  strspn(unsigned char *s1, unsigned char *s2) 
.................... { 
....................    unsigned char *sc1, *sc2; 
....................  
....................    for (sc1 = s1; *sc1 != 0; sc1++) 
....................       for (sc2 = s2; ; sc2++) 
....................     if (*sc2 == '\0') 
....................        return(sc1 - s1); 
....................          else if (*sc1 == *sc2) 
....................             break; 
....................    return(sc1 - s1); 
.................... } 
.................... /* standard template: 
....................    char *strstr(const char *s1, const char *s2); 
....................    Locates first occurence of character sequence s2 in s1; 
....................    returns 0 if s2 is empty string 
....................  
....................    Uncomment #define FASTER_BUT_MORE_ROM at the top of the 
....................    file to use the faster algorithm */ 
.................... unsigned char *strstr(unsigned char *s1, unsigned char *s2) 
.................... { 
....................    unsigned char *s, *t; 
....................  
....................    #ifdef FASTER_BUT_MORE_ROM 
....................    if (*s2 == '\0') 
....................          return(s1); 
....................    #endif 
....................  
....................    while (*s1) 
....................    { 
....................       for(s = s1, t = s2; *t && (*s == *t); ++s, ++t); 
....................  
....................       if (*t == '\0') 
....................          return s1; 
....................       ++s1; 
....................       #ifdef FASTER_BUT_MORE_ROM 
....................          while(*s1 != '\0' && *s1 != *s2) 
....................             ++s1; 
....................       #endif 
....................    } 
....................    return 0; 
.................... } 
....................  
.................... /* standard template: size_t strlen(const char *s). 
....................    Computes length of s1 (preceding terminating 0) */ 
....................  
.................... size_t strlen(unsigned char *s) 
.................... { 
....................    unsigned char *sc; 
....................  
....................    for (sc = s; *sc != 0; sc++); 
....................    return(sc - s); 
.................... } 
....................  
.................... /* standard template: char *strtok(char *s1, const char *s2). 
....................  
....................    Finds next token in s1 delimited by a character from separator 
....................    string s2 (which can be different from call to call).  First call 
....................    starts at beginning of s1 searching for first character NOT 
....................    contained in s2; returns 0 if none is found. 
....................    If one is found, it is the start of first token (return value). 
....................    Function then searches from there for a character contained in s2. 
....................    If none is found, current token extends to end of s1, and subsequent 
....................    searches for a token will return 0.  If one is found, it is 
....................    overwritten by '\0', which terminates current token.  Function saves 
....................    pointer to following character from which next search will start. 
....................    Each subsequent call, with 0 as first argument, starts searching 
....................    from saved pointer */ 
....................  
.................... unsigned char *strtok(unsigned char *s1, unsigned char *s2) 
.................... { 
....................    unsigned char *beg, *end; 
....................    static char *save; 
....................  
....................    beg = (s1)? s1: save; 
....................    beg += strspn(beg, s2); 
....................    if (*beg == '\0') 
....................       return(0); 
....................        
....................    end = strpbrk(beg, s2); 
....................    if (end != '\0') 
....................    { 
....................       *end = '\0'; 
....................       end++; 
....................       save = end; 
....................    } 
....................    else 
....................       save = beg + strlen(beg); 
....................     
....................    return(beg); 
.................... } 
....................  
.................... /*****************************************************************/ 
.................... /*Miscellaneous functions*/ 
.................... /* standard template 
.................... maps error number in errnum to an error message string 
.................... Returns: Pointer to string 
.................... */ 
.................... #ifdef _ERRNO 
.................... unsigned char * strerror(unsigned int8 errnum) 
.................... { 
.................... static unsigned char s[13]; 
.................... switch( errnum) 
.................... { 
.................... case 0: 
....................    strcpy(s,"no errors"); 
....................    return s; 
.................... case EDOM : 
....................    strcpy(s,"domain error"); 
....................    return s; 
.................... case ERANGE: 
....................    strcpy(s,"range error"); 
....................    return s; 
.................... } 
.................... } 
.................... #ENDIF 
....................  
.................... /* standard template: size_t stricmp(const char *s1, const char *s2). 
....................    Compares s1 to s2 ignoring case (upper vs. lower) */ 
....................  
.................... signed int8 stricmp(unsigned char *s1, unsigned char *s2) 
.................... { 
....................  for(; *s1==*s2||(isalpha(*s1)&&isalpha(*s2)&&(*s1==*s2+32||*s2==*s1+32)); 
....................     s1++, s2++) 
....................     if (*s1 == '\0') 
....................        return(0); 
....................  return((*s1 < *s2) ? -1: 1); 
.................... } 
....................  
....................  
.................... /* standard template: char *strlwr(char *s). 
....................    Replaces uppercase letters by lowercase; 
....................    returns pointer to new string s */ 
....................  
.................... unsigned char *strlwr(unsigned char *s) 
.................... { 
....................    unsigned char *p; 
....................  
....................    for (p = s; *p != '\0'; p++) 
....................       if (*p >= 'A' && *p <='Z') 
....................          *p += 'a' - 'A'; 
....................    return(s); 
.................... } 
....................  
.................... /* standard template: char *strupr(char *s). 
....................    Replaces lowercase letters by upercase; 
....................    returns pointer to new string s */ 
....................  
.................... unsigned char *strupr(unsigned char *s) 
.................... { 
....................    unsigned char *p; 
....................  
....................    for (p = s; *p != '\0'; p++) 
....................       if (*p >= 'a' && *p <='z') 
....................          *p -= 'a' - 'A'; 
....................    return(s); 
.................... } 
....................  
....................  
.................... /************************************************************/ 
....................  
....................  
.................... #endif 
....................  
.................... #ifndef getc 
.................... #define getc getch 
.................... #define getchar getch 
.................... #define puts(s) {printf(s); putchar(13); putchar(10);} 
.................... #define putc putchar 
.................... #endif 
.................... /* maps error number to an error message. Writes a sequence of characters to 
.................... stderr stream thus: if s is not null then string pointed to by s follwed by 
.................... a colon (:) and a space and the appropriate error message returned by strerror 
.................... function with argument errno 
....................  
.................... Returns: no value 
.................... */ 
....................  
.................... #ifdef _ERRNO 
.................... void perror(char *s) 
.................... { 
....................   if(s) 
....................   fprintf(STDERR,"%s: ",s); 
....................   fprintf(STDERR,"%s\r\n",strerror(errno)); 
.................... } 
.................... #endif 
.................... #endif 
....................  
.................... #include <math.h>  
.................... //////////////////////////////////////////////////////////////////////////// 
.................... ////        (C) Copyright 1996,2011 Custom Computer Services            //// 
.................... //// This source code may only be used by licensed users of the CCS C   //// 
.................... //// compiler.  This source code may only be distributed to other       //// 
.................... //// licensed users of the CCS C compiler.  No other use, reproduction  //// 
.................... //// or distribution is permitted without written permission.           //// 
.................... //// Derivative programs created using this software in object code     //// 
.................... //// form are not restricted in any way.                                //// 
.................... //////////////////////////////////////////////////////////////////////////// 
.................... ////                                                                    //// 
.................... //// History:                                                           //// 
.................... ////  * 9/20/2001 :  Improvments are made to sin/cos code.              //// 
.................... ////                 The code now is small, much faster,                //// 
.................... ////                 and more accurate.                                 //// 
.................... ////  * 2/21/2007 :  Compiler handles & operator differently and does   //// 
.................... ////                 not return generic (int8 *) so type cast is done   //// 
.................... ////  * 6/19/2010 :  Divisions by constants converted to multiplication //// 
.................... ////                 by its inverse to improve computation speed        //// 
.................... ////  * 1/21/2011 :  Constants used for double precision math updated   //// 
.................... ////                 Updated routines include 64 bit versions of cos,   //// 
.................... ////                 asin,atan,exp,log and dependant functions          //// 
.................... ////  * 1/31/2011 :  Optimized current 32-bit float routines for cos    //// 
.................... ////                 and log function                                   //// 
.................... ////  * 6/13/2011 :  Fixed PCD overload CEIL_FLOOR functions for values //// 
.................... ////                 greater then 10000000 and less then -10000000      //// 
.................... ////                                                                    //// 
.................... //////////////////////////////////////////////////////////////////////////// 
....................  
.................... #ifndef MATH_H 
.................... #define MATH_H 
....................  
.................... #ifdef PI 
.................... #undef  PI 
.................... #endif 
.................... #define PI     3.1415926535897932 
....................  
....................  
.................... #define SQRT2  1.4142135623730950 
....................  
.................... //float const ps[4] = {5.9304945, 21.125224, 8.9403076, 0.29730279}; 
.................... //float const qs[4] = {1.0000000, 15.035723, 17.764134, 2.4934718}; 
....................  
.................... ///////////////////////////// Round Functions ////////////////////////////// 
....................  
.................... float32 CEIL_FLOOR(float32 x, unsigned int8 n) 
.................... { 
....................    float32 y, res; 
....................    unsigned int16 l; 
....................    int1 s; 
....................  
....................    s = 0; 
....................    y = x; 
....................  
....................    if (x < 0) 
....................    { 
....................       s = 1; 
....................       y = -y; 
....................    } 
....................  
....................    if (y <= 32768.0) 
....................       res = (float32)(unsigned int16)y; 
....................  
....................  else if (y < 10000000.0) 
....................    {  
....................       l = (unsigned int16)(y*0.000030517578125); 
....................       y = 32768.0*(y*0.000030517578125 - (float32)l); 
....................       res = 32768.0*(float32)l; 
....................       res += (float32)(unsigned int16)y; 
....................    } 
....................  
....................  else 
....................   res = y; 
....................  
....................  y = y - (float32)(unsigned int16)y; 
....................  
....................  if (s) 
....................   res = -res; 
....................  
....................  if (y != 0) 
....................  { 
....................   if (s == 1 && n == 0) 
....................    res -= 1.0; 
....................  
....................   if (s == 0 && n == 1) 
....................    res += 1.0; 
....................  } 
....................  if (x == 0) 
....................     res = 0; 
....................  
....................  return (res); 
.................... } 
....................  
.................... // Overloaded Functions to take care for new Data types in PCD 
.................... // Overloaded function CEIL_FLOOR() for data type - Float48 
.................... #if defined(__PCD__) 
.................... float48 CEIL_FLOOR(float48 x, unsigned int8 n) 
.................... { 
....................    float48 y, res; 
....................    unsigned int32 l; 
....................    int1 s; 
....................  
....................    s = 0; 
....................    y = x; 
....................  
....................    if (x < 0) 
....................    { 
....................       s = 1; 
....................       y = -y; 
....................    } 
....................  
....................    if (y <= 32768.0) 
....................       res = (float48)(unsigned int16)y; 
....................  
....................    else if (y < 549755813888.0) 
....................    { 
....................       l = (unsigned int32)(y*0.000030517578125); 
....................       y = 32768.0*(y*0.000030517578125 - (float48)l); 
....................       res = 32768.0*(float48)l; 
....................       res += (float48)(unsigned int16)y; 
....................    } 
....................    else 
....................    {   
....................       res = y; 
....................       y = 0.0; 
....................    } 
....................     
....................    if(y != 0) 
....................       y = y - (float48)(unsigned int16)y; 
....................  
....................    if (s) 
....................       res = -res; 
....................  
....................    if (y != 0) 
....................    { 
....................       if (s == 1 && n == 0) 
....................          res -= 1.0; 
....................  
....................       if (s == 0 && n == 1) 
....................          res += 1.0; 
....................    } 
....................    if (x == 0) 
....................       res = 0; 
....................  
....................    return (res); 
.................... } 
....................  
....................  
.................... // Overloaded function CEIL_FLOOR() for data type - Float64 
.................... float64 CEIL_FLOOR(float64 x, unsigned int8 n) 
.................... { 
....................    float64 y, res; 
....................    int64 l; 
....................    int1 s; 
....................  
....................    s = 0; 
....................    y = x; 
....................  
....................    if (x < 0) 
....................    { 
....................       s = 1; 
....................       y = -y; 
....................    } 
....................  
....................    if (y <= 32768.0) 
....................       res = (float64)(unsigned int16)y; 
....................    else if (y < 4503599627370496.0) 
....................    { 
....................       l = (int64)(y*0.000030517578125); 
....................       y = 32768.0*(y*0.000030517578125 - (float64)l); 
....................       res = 32768.0*(float64)l; 
....................       res += (float64)(unsigned int16)y; 
....................    } 
....................    else 
....................    { 
....................       res = y; 
....................       y = 0.0; 
....................    } 
....................     
....................    if(y != 0) 
....................       y = y - (float64)(unsigned int16)y; 
....................  
....................    if (s) 
....................       res = -res; 
....................  
....................    if (y != 0) 
....................    { 
....................       if (s == 1 && n == 0) 
....................          res -= 1.0; 
....................  
....................       if (s == 0 && n == 1) 
....................          res += 1.0; 
....................    } 
....................     
....................    if (x == 0) 
....................       res = 0; 
....................  
....................    return (res); 
.................... } 
.................... #endif 
....................  
.................... //////////////////////////////////////////////////////////////////////////// 
.................... //   float floor(float x) 
.................... //////////////////////////////////////////////////////////////////////////// 
.................... // Description : rounds down the number x. 
.................... // Date : N/A 
.................... // 
.................... float32 floor(float32 x) 
.................... { 
....................    return CEIL_FLOOR(x,0); 
.................... } 
.................... // Following 2 functions are overloaded functions of floor() for PCD 
.................... // Overloaded function floor() for data type - Float48 
.................... #if defined(__PCD__) 
.................... float48 floor(float48 x) 
.................... { 
....................    return CEIL_FLOOR(x, 0); 
.................... } 
....................  
.................... // Overloaded function floor() for data type - Float64 
.................... float64 floor(float64 x) 
.................... { 
....................    return CEIL_FLOOR(x, 0); 
.................... } 
.................... #endif 
....................  
....................  
.................... //////////////////////////////////////////////////////////////////////////// 
.................... //   float ceil(float x) 
.................... //////////////////////////////////////////////////////////////////////////// 
.................... // Description : rounds up the number x. 
.................... // Date : N/A 
.................... // 
.................... float32 ceil(float32 x) 
.................... { 
....................    return CEIL_FLOOR(x, 1); 
.................... } 
.................... // Following 2 functions are overloaded functions of ceil() for PCD 
.................... // Overloaded function ceil() for data type - Float48 
.................... #if defined(__PCD__) 
.................... float48 ceil(float48 x) 
.................... { 
....................    return CEIL_FLOOR(x, 1); 
.................... } 
....................  
.................... // Overloaded function ceil() for data type - Float64 
.................... float64 ceil(float64 x) 
.................... { 
....................    return CEIL_FLOOR(x, 1); 
.................... } 
.................... #endif 
....................  
....................  //////////////////////////////////////////////////////////////////////////// 
.................... //   float fabs(float x) 
.................... //////////////////////////////////////////////////////////////////////////// 
.................... // Description : Computes the absolute value of floating point number x 
.................... // Returns : returns the absolute value of x 
.................... // Date : N/A 
.................... // 
.................... #define fabs abs 
....................  
.................... //////////////////////////////////////////////////////////////////////////// 
.................... //   float fmod(float x) 
.................... //////////////////////////////////////////////////////////////////////////// 
.................... // Description : Computes the floating point remainder of x/y 
.................... // Returns : returns the value of x= i*y, for some integer i such that, if y 
.................... // is non zero, the result has the same isgn of x na dmagnitude less than the 
.................... // magnitude of y. If y is zero then a domain error occurs. 
.................... // Date : N/A 
.................... // 
....................  
.................... float fmod(float32 x,float32 y) 
.................... { 
....................    float32 i; 
....................    if (y!=0.0) 
....................    { 
....................       i=(x/y < 0.0)? ceil(x/y): floor(x/y); 
....................       return(x-(i*y)); 
....................    } 
....................    else 
....................    { 
....................    #ifdef _ERRNO 
....................    { 
....................       errno=EDOM; 
....................    } 
....................    #endif 
....................    } 
.................... } 
.................... //Overloaded function for fmod() for PCD 
.................... // Overloaded function fmod() for data type - Float48 
.................... #if defined(__PCD__) 
.................... float48 fmod(float48 x,float48 y) 
.................... { 
....................    float48 i; 
....................    if (y!=0.0) 
....................    { 
....................       i=(x/y < 0.0)? ceil(x/y): floor(x/y); 
....................       return(x-(i*y)); 
....................    } 
....................    else 
....................    { 
....................    #ifdef _ERRNO 
....................    { 
....................       errno=EDOM; 
....................    } 
....................    #endif 
....................    } 
.................... } 
.................... // Overloaded function fmod() for data type - Float64 
.................... float64 fmod(float64 x,float64 y) 
.................... { 
....................    float64 i; 
....................    if (y!=0.0) 
....................    { 
....................       i=(x/y < 0.0)? ceil(x/y): floor(x/y); 
....................       return(x-(i*y)); 
....................    } 
....................    else 
....................    { 
....................    #ifdef _ERRNO 
....................    { 
....................       errno=EDOM; 
....................    } 
....................    #endif 
....................    } 
.................... } 
.................... #endif 
.................... //////////////////// Exponential and logarithmic functions //////////////////// 
.................... //////////////////////////////////////////////////////////////////////////// 
.................... //   float exp(float x) 
.................... //////////////////////////////////////////////////////////////////////////// 
.................... // Description : returns the value (e^x) 
.................... // Date : N/A 
.................... // 
.................... #define LN2 0.6931471805599453 
.................... #define LN2_INV 1.4426950408889634073 
....................  
.................... float const pe[6] = {0.000207455774, 0.00127100575, 0.00965065093, 
....................                      0.0554965651,  0.240227138,  0.693147172}; 
....................  
....................  
.................... float32 exp(float32 x) 
.................... { 
....................    float32 y, res, r; 
....................    #if defined(__PCD__) 
....................    int8 data1; 
....................    #endif 
....................    signed int8 n; 
....................    int1 s; 
....................    #ifdef _ERRNO 
....................    if(x > 88.722838) 
....................    { 
....................       errno=ERANGE; 
....................       return(0); 
....................    } 
....................    #endif 
....................    n = (signed int16)(x*LN2_INV); 
....................    s = 0; 
....................    y = x; 
....................  
....................    if (x < 0) 
....................    { 
....................       s = 1; 
....................       n = -n; 
....................       y = -y; 
....................    } 
....................  
....................    res = 0.0; 
.................... #if !defined(__PCD__) 
....................    *((unsigned int8 *)(&res)) = n + 0x7F; 
.................... #endif 
....................  
.................... #if defined(__PCD__)  // Takes care of IEEE format for PCD 
....................    data1 = n+0x7F; 
....................    if(bit_test(data1,0)) 
....................    bit_set(*(((unsigned int8 *)(&res)+2)),7); 
....................    rotate_right(&data1,1); 
....................    bit_clear(data1,7); 
....................    *(((unsigned int8 *)(&res)+3)) = data1; 
.................... #endif 
....................  
....................    y = y*LN2_INV - (float32)n; 
....................  
....................    r = pe[0]*y + pe[1]; 
....................    r = r*y + pe[2]; 
....................    r = r*y + pe[3]; 
....................    r = r*y + pe[4]; 
....................    r = r*y + pe[5]; 
....................  
....................    res = res*(1.0 + y*r); 
....................  
....................    if (s) 
....................       res = 1.0/res; 
....................    return(res); 
.................... } 
....................  
....................  
.................... //Overloaded function for exp() for PCD 
.................... // Overloaded function exp() for data type - Float48 
.................... #if defined(__PCD__) 
.................... float48 exp(float48 x) 
.................... { 
....................    float48 y, res, r; 
....................    int8 data1; 
....................    signed int8 n; 
....................    int1 s; 
....................    #ifdef _ERRNO 
....................    if(x > 88.722838) 
....................    { 
....................       errno=ERANGE; 
....................       return(0); 
....................    } 
....................    #endif 
....................    n = (signed int16)(x*LN2_INV); 
....................    s = 0; 
....................    y = x; 
....................  
....................    if (x < 0) 
....................    { 
....................       s = 1; 
....................       n = -n; 
....................       y = -y; 
....................    } 
....................  
....................    res = 0.0; 
....................  
....................    data1 = n+0x7F; 
....................    if(bit_test(data1,0)) 
....................    bit_set(*(((unsigned int8 *)(&res)+4)),7); 
....................    rotate_right(&data1,1); 
....................    bit_clear(data1,7); 
....................    *(((unsigned int8 *)(&res)+5)) = data1; 
....................  
....................    y = y*LN2_INV - (float48)n; 
....................  
....................    r = pe[0]*y + pe[1]; 
....................    r = r*y + pe[2]; 
....................    r = r*y + pe[3]; 
....................    r = r*y + pe[4]; 
....................    r = r*y + pe[5]; 
....................  
....................    res = res*(1.0 + y*r); 
....................  
....................    if (s) 
....................       res = 1.0/res; 
....................    return(res); 
.................... } 
....................  
.................... // Overloaded function exp() for data type - Float64 
.................... float64 const pe_64[12] ={9.30741400474913e-011,-4.28655416283316e-011, 
....................                           8.71486547014137e-009,9.84458531538385e-008, 
....................                           1.32588296983536e-006,1.52489283823016e-005, 
....................                           0.000154037598423921,0.00133335487036216, 
....................                           0.00961812936407326,0.0555041086222122, 
....................                           0.240226506962827,0.693147180559823}; 
....................  
.................... float64 exp(float64 x) 
.................... { 
....................    float64 y, res, r; 
....................    unsigned int16 data1, data2; 
....................    unsigned int16 *p; 
....................    signed int16 n; 
....................    int1 s; 
....................    #ifdef _ERRNO 
....................    if(x > 709.7827128) 
....................    { 
....................       errno=ERANGE; 
....................       return(0); 
....................    } 
....................    #endif 
....................    y = x*LN2_INV; 
....................    n = (signed int16)y; 
....................    s = 0; 
....................    y = x; 
....................  
....................    if (x < 0) 
....................    { 
....................       s = 1; 
....................       n = -n; 
....................       y = -y; 
....................    } 
....................  
....................    res = 0.0; 
....................  
.................... #if !defined(__PCD__) 
....................    *((unsigned int16 *)(&res)) = n + 0x7F; 
.................... #endif 
....................    p= (((unsigned int16 *)(&res))+3); 
....................    data1 = *p; 
....................    data2 = *p;    
....................    data1 = n + 0x3FF; 
....................    data1 = data1 <<4; 
....................    if(bit_test(data2,15)) 
....................    bit_set(data1,15); 
....................    data2 = data2 & 0x000F; 
....................    data1 ^= data2; 
....................  
....................    *(((unsigned int16 *)(&res)+3)) = data1; 
....................  
....................  
....................    y = y*LN2_INV - (float64)n; 
....................  
....................    r = pe_64[0]*y + pe_64[1]; 
....................    r = r*y + pe_64[2]; 
....................    r = r*y + pe_64[3]; 
....................    r = r*y + pe_64[4]; 
....................    r = r*y + pe_64[5]; 
....................    r = r*y + pe_64[6]; 
....................    r = r*y + pe_64[7]; 
....................    r = r*y + pe_64[8]; 
....................    r = r*y + pe_64[9]; 
....................    r = r*y + pe_64[10]; 
....................    r = r*y + pe_64[11]; 
....................     
....................    res = res*(1.0 + y*r); 
....................  
....................    if (s) 
....................       res = 1.0/res; 
....................    return(res); 
.................... } 
.................... #ENDIF 
....................  
....................  
.................... /************************************************************/ 
....................  
.................... float32 const pl[4] = {-1.080310025160955, 1.999999947089217}; 
.................... float32 const ql[4] = {0.091284365719509, -0.873491916557671}; 
....................  
.................... //////////////////////////////////////////////////////////////////////////// 
.................... //   float log(float x) 
.................... //////////////////////////////////////////////////////////////////////////// 
.................... // Description : returns the the natural log of x 
.................... // Date : N/A 
.................... // 
.................... float32 log(float32 x) 
.................... { 
....................    float32 y, res, r, y2; 
....................    #if defined(__PCD__) 
....................    unsigned int8  data1,data2; 
....................    #endif 
....................    signed int8 n; 
....................    #ifdef _ERRNO 
....................    if(x <0) 
....................    { 
....................       errno=EDOM; 
....................    } 
....................    if(x ==0) 
....................    { 
....................       errno=ERANGE; 
....................       return(0); 
....................    } 
....................    #endif 
....................    y = x; 
....................  
....................    if (y != 1.0) 
....................    { 
.................... #if !defined(__PCD__) 
....................     *((unsigned int8 *)(&y)) = 0x7E;  
.................... #endif 
....................  
.................... #if defined(__PCD__) // Takes care of IEEE format 
....................    data2 = *(((unsigned int8 *)(&y))+3); 
....................    *(((unsigned int8 *)(&y))+3) = 0x3F; 
....................    data1 = *(((unsigned int8 *)(&y))+2); 
....................    bit_clear(data1,7); 
....................    *(((unsigned int8 *)(&y))+2) = data1; 
....................    if(bit_test(data2,7)) 
....................      bit_set(*(((unsigned int8 *)(&y))+3),7); 
.................... #endif 
....................  
....................       y = (y - 1.0)/(y + 1.0); 
....................  
....................       y2=y*y; 
....................  
....................       res = pl[0]*y2 + pl[1]; 
....................  
....................       r = ql[0]*y2 + ql[1]; 
....................       r = r*y2 + 1.0; 
....................  
....................       res = y*res/r; 
.................... #if !defined(__PCD__) 
....................       n = *((unsigned int8 *)(&x)) - 0x7E; 
.................... #endif 
.................... #if defined(__PCD__)  
....................     data1 = *(((unsigned int8 *)(&x)+3)); 
....................     rotate_left(&data1,1); 
....................     data2 = *(((unsigned int8 *)(&x)+2)); 
....................     if(bit_test (data2,7)) 
....................       bit_set(data1,0); 
....................     n = data1 - 0x7E; 
.................... #endif 
....................  
....................       if (n<0)  
....................          r = -(float32)-n; 
....................       else 
....................          r = (float32)n; 
....................  
....................       res += r*LN2; 
....................    } 
....................  
....................    else 
....................       res = 0.0; 
....................  
....................    return(res); 
.................... } 
....................  
.................... //Overloaded function for log() for PCD 
.................... // Overloaded function log() for data type - Float48 
.................... #if defined(__PCD__) 
.................... // Overloaded function log() for data type - float64 
.................... float64 const pl_64[4] = {-0.145694052150681, 1.365485300000370, 
....................                           -3.120535668274329, 2.000000000000000}; 
....................  
.................... float64 const ql_64[4] = {0.006047500465908, -0.208298281937234, 
....................                           1.113943039156721, -1.893601167470470}; 
....................  
.................... float48 log(float48 x) 
.................... { 
....................    float48 y, res, r, y2; 
....................    unsigned int8  data1,data2; 
....................    signed int8 n; 
.................... #ifdef _ERRNO 
....................    if(x <0) 
....................    { 
....................       errno=EDOM; 
....................    } 
....................    if(x ==0) 
....................    { 
....................       errno=ERANGE; 
....................       return(0); 
....................    } 
.................... #endif 
....................    y = x; 
....................  
....................    if (y != 1.0) 
....................    { 
....................  
.................... #if !defined(__PCD__) 
....................       *((unsigned int8 *)(&y)) = 0x7E;  
.................... #endif 
....................       data2 = *(((unsigned int8 *)(&y))+5); 
....................       *(((unsigned int8 *)(&y))+5) = 0x3F; 
....................       data1 = *(((unsigned int8 *)(&y))+4); 
....................       bit_clear(data1,7); 
....................       *(((unsigned int8 *)(&y))+4) = data1; 
....................  
....................       if(bit_test(data2,7)) 
....................       bit_set(*(((unsigned int8 *)(&y))+4),7); 
....................       y = (y - 1.0)/(y + 1.0); 
....................  
....................       y2=y*y; 
....................  
....................       res = pl_64[0]*y2 + pl_64[1]; 
....................       res = res*y2 + pl_64[2]; 
....................       res = res*y2 + pl_64[3]; 
....................  
....................       r = ql_64[0]*y2 + ql_64[1]; 
....................       r = r*y2 + ql_64[2]; 
....................       r = r*y2 + ql_64[3]; 
....................       r = r*y2 + 1.0;  
....................       res = y*res/r; 
....................  
....................       data1 = *(((unsigned int8 *)(&x)+5)); 
....................       rotate_left(&data1,1); 
....................       data2 = *(((unsigned int8 *)(&x)+4)); 
....................       if(bit_test (data2,7)) 
....................       bit_set(data1,0); 
....................        
....................       n = data1 - 0x7E; 
....................  
....................       if (n<0) 
....................       r = -(float48)-n; 
....................       else 
....................       r = (float48)n; 
....................  
....................       res += r*LN2; 
....................    } 
....................  
....................    else 
....................    res = 0.0; 
....................  
....................    return(res); 
.................... } 
....................  
.................... float64 log(float64 x) 
.................... { 
....................    float64 y, res, r, y2; 
....................    unsigned int16  data1,data2; 
....................    unsigned int16 *p; 
....................    signed int16 n; 
....................    #ifdef _ERRNO 
....................    if(x <0) 
....................    { 
....................       errno=EDOM; 
....................    } 
....................    if(x ==0) 
....................    { 
....................       errno=ERANGE; 
....................       return(0); 
....................    } 
....................    #endif 
....................    y = x; 
....................  
....................    if (y != 1.0) 
....................    { 
....................    #if !defined(__PCD__) 
....................        *((unsigned int8 *)(&y)) = 0x7E;  
....................    #endif 
....................       p= (((unsigned int16 *)(&y))+3); 
....................       data1 = *p; 
....................       data2 = *p; 
....................       data1 = 0x3FE; 
....................       data1 = data1 <<4; 
....................       if(bit_test (data2,15)) 
....................          bit_set(data1,15); 
....................       data2 = data2 & 0x000F; 
....................       data1 ^=data2; 
....................  
....................       *p = data1; 
....................  
....................       y = (y - 1.0)/(y + 1.0); 
....................  
....................       y2=y*y; 
....................  
....................       res = pl_64[0]*y2 + pl_64[1]; 
....................       res = res*y2 + pl_64[2]; 
....................       res = res*y2 + pl_64[3]; 
....................  
....................       r = ql_64[0]*y2 + ql_64[1]; 
....................       r = r*y2 + ql_64[2]; 
....................       r = r*y2 + ql_64[3]; 
....................       r = r*y2 + 1.0; 
....................  
....................       res = y*res/r; 
....................   
....................       p= (((unsigned int16 *)(&x))+3); 
....................       data1 = *p; 
....................       bit_clear(data1,15); 
....................       data1 = data1 >>4;     
....................       n = data1 - 0x3FE; 
....................  
....................  
....................       if (n<0) 
....................          r = -(float64)-n; 
....................       else 
....................          r = (float64)n; 
....................  
....................       res += r*LN2; 
....................    } 
....................  
....................    else 
....................       res = 0.0; 
....................  
....................    return(res); 
.................... } 
.................... #endif 
....................  
....................  
.................... #define LN10 2.3025850929940456 
.................... #define LN10_INV 0.4342944819032518276 
....................  
.................... //////////////////////////////////////////////////////////////////////////// 
.................... //   float log10(float x) 
.................... //////////////////////////////////////////////////////////////////////////// 
.................... // Description : returns the the log base 10 of x 
.................... // Date : N/A 
.................... // 
.................... float32 log10(float32 x) 
.................... { 
....................    float32 r; 
....................  
....................    r = log(x); 
....................    r = r*LN10_INV; 
....................    return(r); 
.................... } 
....................  
.................... //Overloaded functions for log10() for PCD 
.................... // Overloaded function log10() for data type - Float48 
.................... #if defined(__PCD__) 
.................... float48 log10(float48 x) 
.................... { 
....................    float48 r; 
....................  
....................    r = log(x); 
....................    r = r*LN10_INV; 
....................    return(r); 
.................... } 
....................  
.................... // Overloaded function log10() for data type - Float64 
.................... float64 log10(float64 x) 
.................... { 
....................    float64 r; 
....................  
....................    r = log(x); 
....................    r = r*LN10_INV; 
....................    return(r); 
.................... } 
.................... #endif 
.................... //////////////////////////////////////////////////////////////////////////// 
.................... //   float modf(float x) 
.................... //////////////////////////////////////////////////////////////////////////// 
.................... // Description :breaks the argument value int integral and fractional parts, 
.................... // ach of which have the same sign as the argument.  It stores the integral part 
.................... // as a float in the object pointed to by the iptr 
.................... // Returns : returns the signed fractional part of value. 
.................... // Date : N/A 
.................... // 
....................  
.................... float32 modf(float32 value,float32 *iptr) 
.................... { 
....................    *iptr=(value < 0.0)? ceil(value): floor(value); 
....................    return(value - *iptr); 
.................... } 
.................... //Overloaded functions for modf() for PCD 
.................... // Overloaded function modf() for data type - Float48 
.................... #if defined(__PCD__) 
.................... float48 modf(float48 value,float48 *iptr) 
.................... { 
....................    *iptr=(value < 0.0)? ceil(value): floor(value); 
....................    return(value - *iptr); 
.................... } 
.................... // Overloaded function modf() for data type - Float64 
.................... float64 modf(float64 value,float64 *iptr) 
.................... { 
....................    *iptr=(value < 0.0)? ceil(value): floor(value); 
....................    return(value - *iptr); 
.................... } 
.................... #endif 
....................  
.................... //////////////////////////////////////////////////////////////////////////// 
.................... //   float pwr(float x,float y) 
.................... //////////////////////////////////////////////////////////////////////////// 
.................... // Description : returns the value (x^y) 
.................... // Date : N/A 
.................... // Note : 0 is returned when the function will generate an imaginary number 
.................... // 
.................... float32 pwr(float32 x,float32 y) 
.................... { 
....................    if(0 > x && fmod(y, 1) == 0) { 
....................       if(fmod(y, 2) == 0) { 
....................          return (exp(log(-x) * y)); 
....................       } else { 
....................          return (-exp(log(-x) * y)); 
....................       } 
....................    } else if(0 > x && fmod(y, 1) != 0) { 
....................       return 0; 
....................    } else { 
....................       if(x != 0 || 0 >= y) { 
....................          return (exp(log(x) * y)); 
....................       } 
....................    } 
.................... } 
.................... //Overloaded functions for pwr() for PCD 
.................... // Overloaded function pwr() for data type - Float48 
.................... #if defined(__PCD__) 
.................... float48 pwr(float48 x,float48 y) 
.................... { 
....................    if(0 > x && fmod(y, 1) == 0) { 
....................       if(fmod(y, 2) == 0) { 
....................          return (exp(log(-x) * y)); 
....................       } else { 
....................          return (-exp(log(-x) * y)); 
....................       } 
....................    } else if(0 > x && fmod(y, 1) != 0) { 
....................       return 0; 
....................    } else { 
....................       if(x != 0 || 0 >= y) { 
....................          return (exp(log(x) * y)); 
....................       } else return 0; 
....................    } 
.................... } 
.................... // Overloaded function pwr() for data type - Float64 
.................... float64 pwr(float64 x,float64 y) 
.................... { 
....................    if(0 > x && fmod(y, 1) == 0) { 
....................       if(fmod(y, 2) == 0) { 
....................          return (exp(log(-x) * y)); 
....................       } else { 
....................          return (-exp(log(-x) * y)); 
....................       } 
....................    } else if(0 > x && fmod(y, 1) != 0) { 
....................       return 0; 
....................    } else { 
....................       if(x != 0 || 0 >= y) { 
....................          return (exp(log(x) * y)); 
....................       } else return 0; 
....................    } 
.................... } 
.................... #endif 
....................  
.................... //////////////////// Power functions //////////////////// 
....................  
.................... //////////////////////////////////////////////////////////////////////////// 
.................... //   float pow(float x,float y) 
.................... //////////////////////////////////////////////////////////////////////////// 
.................... // Description : returns the value (x^y) 
.................... // Date : N/A 
.................... // Note : 0 is returned when the function will generate an imaginary number 
.................... // 
.................... float32 pow(float32 x,float32 y) 
.................... { 
....................    if(0 > x && fmod(y, 1) == 0) { 
....................       if(fmod(y, 2) == 0) { 
....................          return (exp(log(-x) * y)); 
....................       } else { 
....................          return (-exp(log(-x) * y)); 
....................       } 
....................    } else if(0 > x && fmod(y, 1) != 0) { 
....................       return 0; 
....................    } else { 
....................       if(x != 0 || 0 >= y) { 
....................          return (exp(log(x) * y)); 
....................       } else return 0; 
....................    } 
.................... } 
.................... //Overloaded functions for pow() for PCD 
.................... // Overloaded function for pow() data type - Float48 
.................... #if defined(__PCD__) 
.................... float48 pow(float48 x,float48 y) 
.................... { 
....................    if(0 > x && fmod(y, 1) == 0) { 
....................       if(fmod(y, 2) == 0) { 
....................          return (exp(log(-x) * y)); 
....................       } else { 
....................          return (-exp(log(-x) * y)); 
....................       } 
....................    } else if(0 > x && fmod(y, 1) != 0) { 
....................       return 0; 
....................    } else { 
....................       if(x != 0 || 0 >= y) { 
....................          return (exp(log(x) * y)); 
....................       } else return 0; 
....................    } 
.................... } 
....................  
.................... // Overloaded function pow() for data type - Float64 
.................... float64 pow(float64 x,float64 y) 
.................... { 
....................    if(0 > x && fmod(y, 1) == 0) { 
....................       if(fmod(y, 2) == 0) { 
....................          return (exp(log(-x) * y)); 
....................       } else { 
....................          return (-exp(log(-x) * y)); 
....................       } 
....................    } else if(0 > x && fmod(y, 1) != 0) { 
....................       return 0; 
....................    } else { 
....................       if(x != 0 || 0 >= y) { 
....................          return (exp(log(x) * y)); 
....................       } else return 0; 
....................    } 
.................... } 
.................... #endif 
....................  
.................... //////////////////////////////////////////////////////////////////////////// 
.................... //   float sqrt(float x) 
.................... //////////////////////////////////////////////////////////////////////////// 
.................... // Description : returns the square root of x 
.................... // Date : N/A 
.................... // 
.................... float32 sqrt(float32 x) 
.................... { 
....................    float32 y, res; 
....................    #if defined(__PCD__) 
....................    unsigned int16 data1,data2; 
....................    #endif 
....................    unsigned int8 *p; 
....................  
....................    #ifdef _ERRNO 
....................    if(x < 0) 
....................    { 
....................       errno=EDOM; 
....................    } 
....................    #endif 
....................  
....................    if( x<=0.0) 
....................       return(0.0); 
....................  
....................    y=x; 
....................     
....................    #if !defined(__PCD__) 
....................     p=&y; 
....................    (*p)=(unsigned int8)((((unsigned int16)(*p)) + 127) >> 1); 
....................    #endif 
....................     
....................    #if defined(__PCD__) 
....................     p = (((unsigned int8 *)(&y))+3); 
....................     data1 = *(((unsigned int8 *)(&y))+3); 
....................     data2 = *(((unsigned int8 *)(&y))+2); 
....................     rotate_left(&data1,1);     
....................     if(bit_test(data2,7))     
....................        bit_set(data1,0);     
....................     data1 = ((data1+127) >>1); 
....................     bit_clear(data2,7); 
....................     if(bit_test(data1,0)) 
....................        bit_set(data2,7); 
....................     data1 = data1 >>1; 
....................     *(((unsigned int8 *)(&y))+3) = data1; 
....................     *(((unsigned int8 *)(&y))+2) = data2; 
....................      
....................   #endif 
....................  
....................    do { 
....................       res=y; 
....................       y+=(x/y); 
....................  
....................       #if !defined(__PCD__) 
....................      (*p)--; 
....................    #endif 
....................     
....................    #if defined(__PCD__) 
....................     data1 = *(((unsigned int8 *)(&y))+3); 
....................     data2 = *(((unsigned int8 *)(&y))+2); 
....................     rotate_left(&data1,1); 
....................     if(bit_test(data2,7)) 
....................        bit_set(data1,0);     
....................     data1--; 
....................     bit_clear(data2,7); 
....................     if(bit_test(data1,0)) 
....................        bit_set(data2,7); 
....................     data1 = data1 >>1; 
....................     *(((unsigned int8 *)(&y))+3) = data1; 
....................     *(((unsigned int8 *)(&y))+2) = data2; 
....................      
....................   #endif 
....................    } while(res != y); 
....................  
....................    return(res); 
.................... } 
.................... //Overloaded functions for sqrt() for PCD 
.................... // Overloaded function sqrt() for data type - Float48 
.................... #if defined(__PCD__) 
.................... float48 sqrt(float48 x) 
.................... { 
....................    float48 y, res; 
....................    unsigned int16 data1,data2; 
....................    unsigned int8 *p; 
....................  
....................    #ifdef _ERRNO 
....................    if(x < 0) 
....................    { 
....................       errno=EDOM; 
....................    } 
....................    #endif 
....................  
....................    if( x<=0.0) 
....................       return(0.0); 
....................  
....................    y=x; 
....................     
....................    #if !defined(__PCD__) 
....................     p=&y; 
....................    (*p)=(unsigned int8)((((unsigned int16)(*p)) + 127) >> 1); 
....................    #endif 
....................     
....................    #if defined(__PCD__) 
....................     p = (((unsigned int8 *)(&y))+5); 
....................     data1 = *(((unsigned int8 *)(&y))+5); 
....................     data2 = *(((unsigned int8 *)(&y))+4); 
....................     rotate_left(&data1,1); 
....................     if(bit_test(data2,7)) 
....................        bit_set(data1,0);     
....................     data1 = ((data1+127) >>1); 
....................     bit_clear(data2,7); 
....................     if(bit_test(data1,0)) 
....................        bit_set(data2,7); 
....................     data1 = data1 >>1; 
....................     *(((unsigned int8 *)(&y))+5) = data1; 
....................     *(((unsigned int8 *)(&y))+4) = data2; 
....................      
....................   #endif 
....................  
....................    do { 
....................       res=y; 
....................       y+=(x/y); 
....................  
....................       #if !defined(__PCD__) 
....................      (*p)--; 
....................    #endif 
....................     
....................     data1 = *(((unsigned int8 *)(&y))+5); 
....................     data2 = *(((unsigned int8 *)(&y))+4); 
....................     rotate_left(&data1,1); 
....................     if(bit_test(data2,7)) 
....................        bit_set(data1,0);     
....................     data1--; 
....................     bit_clear(data2,7); 
....................     if(bit_test(data1,0)) 
....................        bit_set(data2,7); 
....................     data1 = data1 >>1; 
....................     *(((unsigned int8 *)(&y))+5) = data1; 
....................     *(((unsigned int8 *)(&y))+4) = data2; 
....................      
....................    } while(res != y); 
....................  
....................    return(res); 
.................... } 
....................  
.................... // Overloaded function sqrt() for data type - Float64 
.................... float64 sqrt(float64 x) 
.................... { 
....................    float64 y, res; 
....................    unsigned int16 *p; 
....................    unsigned int16 temp1,temp2; 
....................  
....................    #ifdef _ERRNO 
....................    if(x < 0) 
....................    { 
....................       errno=EDOM; 
....................    } 
....................    #endif 
....................  
....................    if( x<=0.0) 
....................       return(0.0); 
....................  
....................    y=x; 
....................    p= (((unsigned int16 *)(&y))+3); 
....................    temp1 = *p; 
....................    temp2 = *p; 
....................    bit_clear(temp1,15); 
....................    temp1 = (temp1>>4)+1023; 
....................    temp1 = temp1 >> 1; 
....................    temp1 = (temp1<<4) & 0xFFF0; 
....................    if(bit_test(temp2,15)) 
....................       bit_set(temp1,15); 
....................    temp2 = temp2 & 0x000F; 
....................    temp1 ^= temp2; 
....................     
....................    (*p) = temp1; 
....................     
....................    do { 
....................       res=y; 
....................       y+=(x/y); 
....................      temp1 = *p; 
....................      temp2 = *p; 
....................      bit_clear(temp1,15); 
....................      temp1 = (temp1>>4); 
....................      temp1--; 
....................      temp1 = (temp1<<4) & 0xFFF0; 
....................      if(bit_test(temp2,15)) 
....................         bit_set(temp1,15); 
....................      temp2 = temp2 & 0x000F; 
....................      temp1 ^= temp2; 
....................      (*p) = temp1; 
....................  
....................    } while(res != y); 
....................  
....................    return(res); 
.................... } 
.................... #endif 
....................  
.................... ////////////////////////////// Trig Functions ////////////////////////////// 
.................... #ifdef PI_DIV_BY_TWO_INV 
.................... #undef PI_DIV_BY_TWO_INV 
.................... #endif 
.................... #define PI_DIV_BY_TWO_INV 0.63661977236758134 
.................... #ifdef PI_DIV_BY_TWO 
.................... #undef PI_DIV_BY_TWO 
.................... #endif 
.................... #define PI_DIV_BY_TWO   1.5707963267948966 
.................... #ifdef TWOBYPI 
.................... #undef TWOBYPI 
.................... #endif 
.................... #define TWOBYPI          0.6366197723675813 
....................  
.................... //////////////////////////////////////////////////////////////////////////// 
.................... //   float cos(float x) 
.................... //////////////////////////////////////////////////////////////////////////// 
.................... // Description : returns the cosine value of the angle x, which is in radian 
.................... // Date : 9/20/2001 
.................... // 
.................... float32 cos(float32 x) 
.................... { 
....................    float32 y, t, t2 = 1.0; 
....................    unsigned int8 quad, i; 
....................    float32 frac; 
....................    float32 p[5] = {                    //by the series definition for cosine 
....................       -0.49999999456337096,            // sum ( ( (-1)^n * x^2n )/(2n)! ) 
....................        0.04166663896921267, 
....................       -0.00138883894522527, 
....................        0.00002476138231734, 
....................       -0.00000026070414770 
....................       //-0.00000000001147, 
....................       // 0.00000000000005 
....................    }; 
....................  
....................    if (x < 0) x = -x;                  // absolute value of input 
....................  
....................    quad = (unsigned int8)(x * PI_DIV_BY_TWO_INV);    // quadrant 
....................    frac = (x * PI_DIV_BY_TWO_INV) - quad;  // fractional part of input 
....................    quad = quad % 4;                    // quadrant (0 to 3) 
....................  
....................    if (quad == 0 || quad == 2) 
....................       t = frac * PI_DIV_BY_TWO; 
....................    else if (quad == 1) 
....................       t = (1-frac) * PI_DIV_BY_TWO; 
....................    else // should be 3 
....................       t = (frac-1) * PI_DIV_BY_TWO; 
....................  
....................    y = 1.0; 
....................    t = t * t; 
....................    for (i = 0; i <= 4; i++) 
....................    { 
....................       t2 = t2 * t; 
....................       y = y + p[i] * t2; 
....................    } 
....................  
....................    if (quad == 2 || quad == 1) 
....................       y = -y;  // correct sign 
....................  
....................    return (y); 
.................... } 
....................  
....................  
.................... //Overloaded functions for cos() for PCD 
.................... // Overloaded function cos() for data type - Float48 
.................... #if defined(__PCD__) 
.................... float48 cos(float48 x) 
.................... { 
....................    float48 y, t, t2 = 1.0; 
....................    unsigned int8 quad, i; 
....................    float48 frac; 
....................    float48 p[6] = {                    //by the series definition for cosine 
....................       -0.5,                            // sum ( ( (-1)^n * x^2n )/(2n)! ) 
....................        0.04166666666667, 
....................       -0.00138888888889, 
....................        0.00002480158730, 
....................       -0.00000027557319, 
....................        0.00000000208767 
....................    }; 
....................  
....................    if (x < 0) x = -x;                  // absolute value of input 
....................  
....................    quad = (unsigned int8)(x * PI_DIV_BY_TWO_INV);    // quadrant 
....................    frac = (x * PI_DIV_BY_TWO_INV) - quad;  // fractional part of input 
....................    quad = quad % 4;                    // quadrant (0 to 3) 
....................  
....................    if (quad == 0 || quad == 2) 
....................       t = frac * PI_DIV_BY_TWO; 
....................    else if (quad == 1) 
....................       t = (1-frac) * PI_DIV_BY_TWO; 
....................    else // should be 3 
....................       t = (frac-1) * PI_DIV_BY_TWO; 
....................  
....................    y = 0.999999999781; 
....................    t = t * t; 
....................    for (i = 0; i <= 5; i++) 
....................    { 
....................       t2 = t2 * t; 
....................       y = y + p[i] * t2; 
....................    } 
....................  
....................    if (quad == 2 || quad == 1) 
....................       y = -y;  // correct sign 
....................  
....................    return (y); 
.................... } 
....................  
.................... // Overloaded function cos() for data type - Float64 
.................... float64 cos(float64 x) 
.................... { 
....................    float64 y, t, t2 = 1.0; 
....................    unsigned int8 quad, i; 
....................    float64 frac; 
....................    float64 p_64[9] = {               //by the series definition for cosine 
....................      -0.49999999999998740,           // sum ( ( (-1)^n * x^2n )/(2n)! )              
....................       0.04166666666656518, 
....................      -0.00138888888851691, 
....................       0.00002480158658490, 
....................      -0.00000027557239796, 
....................       0.00000000208715031, 
....................      -0.00000000001126577, 
....................       0.00000000000000427, 
....................       0.00000000000000372}; 
....................  
....................    if (x < 0) x = -x;                  // absolute value of input 
....................  
....................    quad = (unsigned int8)(x * PI_DIV_BY_TWO_INV);    // quadrant 
....................    frac = (x * PI_DIV_BY_TWO_INV) - quad;  // fractional part of input 
....................    quad = quad % 4;                    // quadrant (0 to 3) 
....................  
....................    if (quad == 0 || quad == 2) 
....................       t = frac * PI_DIV_BY_TWO; 
....................    else if (quad == 1) 
....................       t = (1-frac) * PI_DIV_BY_TWO; 
....................    else // should be 3 
....................       t = (frac-1) * PI_DIV_BY_TWO; 
....................  
....................    y = 1.0; 
....................    t = t * t; 
....................    for (i = 0; i <= 8; i++) 
....................    { 
....................       t2 = t2 * t; 
....................       y = y + p_64[i] * t2; 
....................    } 
....................  
....................    if (quad == 2 || quad == 1) 
....................       y = -y;  // correct sign 
....................  
....................    return (y); 
.................... } 
....................  
.................... #endif 
....................  
.................... //////////////////////////////////////////////////////////////////////////// 
.................... //   float sin(float x) 
.................... //////////////////////////////////////////////////////////////////////////// 
.................... // Description : returns the sine value of the angle x, which is in radian 
.................... // Date : 9/20/2001 
.................... // 
.................... float32 sin(float32 x) 
.................... { 
....................    return cos(x - PI_DIV_BY_TWO); 
.................... } 
....................  
.................... //Overloaded functions for sin() for PCD 
.................... // Overloaded function sin() for data type - Float48 
.................... #if defined(__PCD__) 
.................... float48 sin(float48 x) 
.................... { 
....................    return cos(x - PI_DIV_BY_TWO); 
.................... } 
....................  
.................... // Overloaded function sin() for data type - Float48 
.................... float64 sin(float64 x) 
.................... { 
....................    return cos(x - PI_DIV_BY_TWO); 
.................... } 
.................... #endif 
....................  
.................... //////////////////////////////////////////////////////////////////////////// 
.................... //   float tan(float x) 
.................... //////////////////////////////////////////////////////////////////////////// 
.................... // Description : returns the tangent value of the angle x, which is in radian 
.................... // Date : 9/20/2001 
.................... // 
.................... float32 tan(float32 x) 
.................... { 
....................    float32 c, s; 
....................  
....................    c = cos(x); 
....................    if (c == 0.0) 
....................       return (1.0e+36); 
....................  
....................    s = sin(x); 
....................    return(s/c); 
.................... } 
.................... //Overloaded functions for tan() for PCD 
.................... // Overloaded function tan() for data type - Float48 
.................... #if defined(__PCD__) 
.................... float48 tan(float48 x) 
.................... { 
....................    float48 c, s; 
....................  
....................    c = cos(x); 
....................    if (c == 0.0) 
....................       return (1.0e+36); 
....................  
....................    s = sin(x); 
....................    return(s/c); 
.................... } 
....................  
.................... // Overloaded function tan() for data type - Float48 
.................... float64 tan(float64 x) 
.................... { 
....................    float64 c, s; 
....................  
....................    c = cos(x); 
....................    if (c == 0.0) 
....................       return (1.0e+36); 
....................  
....................    s = sin(x); 
....................    return(s/c); 
.................... } 
.................... #endif 
....................  
.................... float32 const pas[3] = {0.49559947, -4.6145309, 5.6036290}; 
.................... float32 const qas[3] = {1.0000000,  -5.5484666, 5.6036290}; 
....................  
.................... float32 ASIN_COS(float32 x, unsigned int8 n) 
.................... { 
....................    float32 y, res, r, y2; 
....................    int1 s; 
....................    #ifdef _ERRNO 
....................    if(x <-1 || x > 1) 
....................    { 
....................       errno=EDOM; 
....................    } 
....................    #endif 
....................    s = 0; 
....................    y = x; 
....................  
....................    if (x < 0) 
....................    { 
....................       s = 1; 
....................       y = -y; 
....................    } 
....................  
....................    if (y > 0.5) 
....................    { 
....................       y = sqrt((1.0 - y)*0.5); 
....................       n += 2; 
....................    } 
....................  
....................    y2=y*y; 
....................  
....................    res = pas[0]*y2 + pas[1]; 
....................    res = res*y2 + pas[2]; 
....................  
....................    r = qas[0]*y2 + qas[1]; 
....................    r = r*y2 + qas[2]; 
....................  
....................    res = y*res/r; 
....................  
....................    if (n & 2)     // |x| > 0.5 
....................       res = PI_DIV_BY_TWO - 2.0*res; 
....................    if (s) 
....................       res = -res; 
....................    if (n & 1)           // take arccos 
....................       res = PI_DIV_BY_TWO - res; 
....................  
....................    return(res); 
.................... } 
....................  
....................  
.................... //Overloaded functions for ASIN_COS() for PCD 
.................... // Overloaded function ASIN_COS() for data type - Float48 
.................... #if defined(__PCD__) 
.................... float48 ASIN_COS(float48 x, unsigned int8 n) 
.................... { 
....................    float48 y, res, r, y2; 
....................    int1 s; 
....................    #ifdef _ERRNO 
....................    if(x <-1 || x > 1) 
....................    { 
....................       errno=EDOM; 
....................    } 
....................    #endif 
....................    s = 0; 
....................    y = x; 
....................  
....................    if (x < 0) 
....................    { 
....................       s = 1; 
....................       y = -y; 
....................    } 
....................  
....................    if (y > 0.5) 
....................    { 
....................       y = sqrt((1.0 - y)*0.5); 
....................       n += 2; 
....................    } 
....................  
....................    y2=y*y; 
....................  
....................    res = pas[0]*y2 + pas[1]; 
....................    res = res*y2 + pas[2]; 
....................  
....................    r = qas[0]*y2 + qas[1]; 
....................    r = r*y2 + qas[2]; 
....................  
....................    res = y*res/r; 
....................  
....................    if (n & 2)     // |x| > 0.5 
....................       res = PI_DIV_BY_TWO - 2.0*res; 
....................    if (s) 
....................       res = -res; 
....................    if (n & 1)           // take arccos 
....................       res = PI_DIV_BY_TWO - res; 
....................  
....................    return(res); 
.................... } 
....................  
.................... // Overloaded function ASIN_COS() for data type - Float64 
.................... double pas_64[5]={1.000000000000000,-2.069938587724477,1.421444580548907, 
....................                  -0.360690137621842,0.024929451660228}; 
....................  
.................... double qas_64[5]={-2.236605254391134,1.719212122946451,-0.524122954476133, 
....................                    0.052808872045749,-0.000662536036570}; 
....................                     
.................... float64 ASIN_COS(float64 x, unsigned int8 n) 
.................... { 
....................    float64 y, res, r, y2; 
....................    int1 s; 
....................    #ifdef _ERRNO 
....................    if(x <-1 || x > 1) 
....................    { 
....................       errno=EDOM; 
....................    } 
....................    #endif 
....................    s = 0; 
....................    y = x; 
....................  
....................    if (x < 0) 
....................    { 
....................       s = 1; 
....................       y = -y; 
....................    } 
....................  
....................    if (y > 0.5) 
....................    { 
....................       y = sqrt((1.0 - y)*0.5); 
....................       n += 2; 
....................    } 
....................  
....................    y2=y*y; 
....................  
....................    res = pas_64[4]*y2 + pas_64[3]; 
....................    res = res*y2 + pas_64[2]; 
....................    res = res*y2 + pas_64[1]; 
....................    res = res*y2 + pas_64[0]; 
....................  
....................    r = qas_64[4]*y2 + qas_64[3]; 
....................    r = r*y2 + qas_64[2]; 
....................    r = r*y2 + qas_64[1]; 
....................    r = r*y2 + qas_64[0]; 
....................    r = r*y2 + 1.0; 
....................  
....................    res = y*res/r; 
....................  
....................    if (n & 2)     // |x| > 0.5 
....................       res = PI_DIV_BY_TWO - 2.0*res; 
....................    if (s) 
....................       res = -res; 
....................    if (n & 1)           // take arccos 
....................       res = PI_DIV_BY_TWO - res; 
....................  
....................    return(res); 
.................... } 
.................... #endif 
....................  
.................... //////////////////////////////////////////////////////////////////////////// 
.................... //   float asin(float x) 
.................... //////////////////////////////////////////////////////////////////////////// 
.................... // Description : returns the arcsine value of the value x. 
.................... // Date : N/A 
.................... // 
.................... float32 asin(float32 x) 
.................... { 
....................    float32 r; 
....................  
....................    r = ASIN_COS(x, 0); 
....................    return(r); 
.................... } 
.................... //Overloaded functions for asin() for PCD 
.................... // Overloaded function asin() for data type - Float48 
.................... #if defined(__PCD__) 
.................... float48 asin(float48 x) 
.................... { 
....................    float48 r; 
....................  
....................    r = ASIN_COS(x, 0); 
....................    return(r); 
.................... } 
....................  
.................... // Overloaded function asin() for data type - Float64 
.................... float64 asin(float64 x) 
.................... { 
....................    float64 r; 
....................  
....................    r = ASIN_COS(x, 0); 
....................    return(r); 
.................... } 
.................... #endif 
....................  
.................... //////////////////////////////////////////////////////////////////////////// 
.................... //   float acos(float x) 
.................... //////////////////////////////////////////////////////////////////////////// 
.................... // Description : returns the arccosine value of the value x. 
.................... // Date : N/A 
.................... // 
.................... float32 acos(float32 x) 
.................... { 
....................    float32 r; 
....................  
....................    r = ASIN_COS(x, 1); 
....................    return(r); 
.................... } 
.................... //Overloaded functions for acos() for PCD 
.................... // Overloaded function acos() for data type - Float48 
.................... #if defined(__PCD__) 
.................... float48 acos(float48 x) 
.................... { 
....................    float48 r; 
....................  
....................    r = ASIN_COS(x, 1); 
....................    return(r); 
.................... } 
....................  
.................... // Overloaded function acos() for data type - Float64 
.................... float64 acos(float64 x) 
.................... { 
....................    float64 r; 
....................  
....................    r = ASIN_COS(x, 1); 
....................    return(r); 
.................... } 
.................... #endif 
....................  
.................... float32 const pat[4] = {0.17630401, 5.6710795, 22.376096, 19.818457}; 
.................... float32 const qat[4] = {1.0000000,  11.368190, 28.982246, 19.818457}; 
....................  
.................... //////////////////////////////////////////////////////////////////////////// 
.................... //   float atan(float x) 
.................... //////////////////////////////////////////////////////////////////////////// 
.................... // Description : returns the arctangent value of the value x. 
.................... // Date : N/A 
.................... // 
.................... float32 atan(float32 x) 
.................... { 
....................    float32 y, res, r; 
....................    int1 s, flag; 
....................  
....................    s = 0; 
....................    flag = 0; 
....................    y = x; 
....................  
....................    if (x < 0) 
....................    { 
....................       s = 1; 
....................       y = -y; 
....................    } 
....................  
....................    if (y > 1.0) 
....................    { 
....................       y = 1.0/y; 
....................       flag = 1; 
....................    } 
....................  
....................    res = pat[0]*y*y + pat[1]; 
....................    res = res*y*y + pat[2]; 
....................    res = res*y*y + pat[3]; 
....................  
....................    r = qat[0]*y*y + qat[1]; 
....................    r = r*y*y + qat[2]; 
....................    r = r*y*y + qat[3]; 
....................  
....................    res = y*res/r; 
....................  
....................  
....................    if (flag)                              // for |x| > 1 
....................       res = PI_DIV_BY_TWO - res; 
....................    if (s) 
....................       res = -res; 
....................  
....................    return(res); 
.................... } 
.................... //Overloaded functions for atan() for PCD 
.................... // Overloaded function atan() for data type - Float48 
.................... #if defined(__PCD__) 
.................... float48 atan(float48 x) 
.................... { 
....................    float48 y, res, r; 
....................    int1 s, flag; 
....................  
....................    s = 0; 
....................    flag = 0; 
....................    y = x; 
....................  
....................    if (x < 0) 
....................    { 
....................       s = 1; 
....................       y = -y; 
....................    } 
....................  
....................    if (y > 1.0) 
....................    { 
....................       y = 1.0/y; 
....................       flag = 1; 
....................    } 
....................  
....................    res = pat[0]*y*y + pat[1]; 
....................    res = res*y*y + pat[2]; 
....................    res = res*y*y + pat[3]; 
....................  
....................    r = qat[0]*y*y + qat[1]; 
....................    r = r*y*y + qat[2]; 
....................    r = r*y*y + qat[3]; 
....................  
....................    res = y*res/r; 
....................  
....................  
....................    if (flag)                              // for |x| > 1 
....................       res = PI_DIV_BY_TWO - res; 
....................    if (s) 
....................       res = -res; 
....................  
....................    return(res); 
.................... } 
....................  
.................... float64 pat_64[6]={0.999999999999999,2.249923645595566,1.771541617806449, 
....................                    0.579678874003185,0.072162702162882,0.002281100141660}; 
....................  
.................... float64 qat_64[6]={2.583256978928510,2.432627277466967,1.016760379885393, 
....................                    0.182482977188688,0.011155377971690,0.000100013019160}; 
.................... // Overloaded function atan() for data type - Float64 
.................... float64 atan(float64 x) 
.................... { 
....................    float64 y,y2, res, r; 
....................    int1 s, flag; 
....................  
....................    s = 0; 
....................    flag = 0; 
....................    y = x; 
....................  
....................    if (x < 0) 
....................    { 
....................       s = 1; 
....................       y = -y; 
....................    } 
....................  
....................    if (y > 1.0) 
....................    { 
....................       y = 1.0/y; 
....................       flag = 1; 
....................    } 
....................    y2 = y*y; 
....................    res = pat_64[5]*y2 + pat_64[4]; 
....................    res = res*y2 + pat_64[3]; 
....................    res = res*y2 + pat_64[2]; 
....................    res = res*y2 + pat_64[1]; 
....................    res = res*y2 + pat_64[0]; 
....................  
....................    r = qat_64[5]*y2 + qat_64[4]; 
....................    r = r*y2 + qat_64[3]; 
....................    r = r*y2 + qat_64[2]; 
....................    r = r*y2 + qat_64[1]; 
....................    r = r*y2 + qat_64[0]; 
....................    r = r*y2 + 1.0; 
....................  
....................    res = y*res/r; 
....................  
....................  
....................    if (flag)                              // for |x| > 1 
....................       res = PI_DIV_BY_TWO - res; 
....................    if (s) 
....................       res = -res; 
....................  
....................    return(res); 
.................... } 
.................... #endif 
....................  
.................... ///////////////////////////////////////////////////////////////////////////// 
.................... //   float atan2(float y, float x) 
.................... ///////////////////////////////////////////////////////////////////////////// 
.................... // Description :computes the principal value of arc tangent of y/x, using the 
.................... // signs of both the arguments to determine the quadrant of the return value 
.................... // Returns : returns the arc tangent of y/x. 
.................... // Date : N/A 
.................... // 
....................  
.................... float32 atan2(float32 y,float32 x) 
.................... { 
....................    float32 z; 
....................    int1 sign; 
....................    unsigned int8 quad; 
....................    sign=0; 
....................    quad=0; //quadrant 
....................    quad=((y<=0.0)?((x<=0.0)?3:4):((x<0.0)?2:1)); 
....................    if(y<0.0) 
....................    { 
....................       sign=1; 
....................       y=-y; 
....................    } 
....................    if(x<0.0) 
....................    { 
....................       x=-x; 
....................    } 
....................    if (x==0.0) 
....................    { 
....................       if(y==0.0) 
....................       { 
....................       #ifdef _ERRNO 
....................       { 
....................          errno=EDOM; 
....................       } 
....................       #endif 
....................       } 
....................       else 
....................       { 
....................          if(sign) 
....................          { 
....................          return (-(PI_DIV_BY_TWO)); 
....................          } 
....................          else 
....................          { 
....................          return (PI_DIV_BY_TWO); 
....................          } 
....................       } 
....................    } 
....................    else 
....................    { 
....................       z=y/x; 
....................       switch(quad) 
....................       { 
....................          case 1: 
....................          { 
....................             return atan(z); 
....................             break; 
....................          } 
....................          case 2: 
....................          { 
.................... //            return (atan(z)+PI_DIV_BY_TWO);  //2L3122 
....................             return (PI-atan(z)); 
....................             break; 
....................          } 
....................          case 3: 
....................          { 
....................             return (atan(z)-PI); 
....................             break; 
....................          } 
....................          case 4: 
....................          { 
....................             return (-atan(z)); 
....................             break; 
....................          } 
....................       } 
....................    } 
.................... } 
....................  
.................... //Overloaded functions for atan2() for PCD 
.................... // Overloaded function atan2() for data type - Float48 
.................... #if defined(__PCD__) 
.................... float48 atan2(float48 y,float48 x) 
.................... { 
....................    float48 z; 
....................    int1 sign; 
....................    unsigned int8 quad; 
....................    sign=0; 
....................    quad=0; //quadrant 
....................    quad=((y<=0.0)?((x<=0.0)?3:4):((x<0.0)?2:1)); 
....................    if(y<0.0) 
....................    { 
....................       sign=1; 
....................       y=-y; 
....................    } 
....................    if(x<0.0) 
....................    { 
....................       x=-x; 
....................    } 
....................    if (x==0.0) 
....................    { 
....................       if(y==0.0) 
....................       { 
....................       #ifdef _ERRNO 
....................       { 
....................          errno=EDOM; 
....................       } 
....................       #endif 
....................       } 
....................       else 
....................       { 
....................          if(sign) 
....................          { 
....................          return (-(PI_DIV_BY_TWO)); 
....................          } 
....................          else 
....................          { 
....................          return (PI_DIV_BY_TWO); 
....................          } 
....................       } 
....................    } 
....................    else 
....................    { 
....................       z=y/x; 
....................       switch(quad) 
....................       { 
....................          case 1: 
....................          { 
....................             return atan(z); 
....................             break; 
....................          } 
....................          case 2: 
....................          { 
.................... //            return (atan(z)+PI_DIV_BY_TWO);  //2L3122 
....................             return (PI-atan(z)); 
....................             break; 
....................          } 
....................          case 3: 
....................          { 
....................             return (atan(z)-PI); 
....................             break; 
....................          } 
....................          case 4: 
....................          { 
....................             return (-atan(z)); 
....................             break; 
....................          } 
....................       } 
....................    } 
.................... } 
....................  
.................... // Overloaded function atan2() for data type - Float64 
.................... float64 atan2(float64 y,float64 x) 
.................... { 
....................    float64 z; 
....................    int1 sign; 
....................    unsigned int8 quad; 
....................    sign=0; 
....................    quad=0; //quadrant 
....................    quad=((y<=0.0)?((x<=0.0)?3:4):((x<0.0)?2:1)); 
....................    if(y<0.0) 
....................    { 
....................       sign=1; 
....................       y=-y; 
....................    } 
....................    if(x<0.0) 
....................    { 
....................       x=-x; 
....................    } 
....................    if (x==0.0) 
....................    { 
....................       if(y==0.0) 
....................       { 
....................       #ifdef _ERRNO 
....................       { 
....................          errno=EDOM; 
....................       } 
....................       #endif 
....................       } 
....................       else 
....................       { 
....................          if(sign) 
....................          { 
....................          return (-(PI_DIV_BY_TWO)); 
....................          } 
....................          else 
....................          { 
....................          return (PI_DIV_BY_TWO); 
....................          } 
....................       } 
....................    } 
....................    else 
....................    { 
....................       z=y/x; 
....................       switch(quad) 
....................       { 
....................          case 1: 
....................          { 
....................             return atan(z); 
....................             break; 
....................          } 
....................          case 2: 
....................          { 
.................... //            return (atan(z)+PI_DIV_BY_TWO);  //2L3122 
....................             return (PI-atan(z)); 
....................             break; 
....................          } 
....................          case 3: 
....................          { 
....................             return (atan(z)-PI); 
....................             break; 
....................          } 
....................          case 4: 
....................          { 
....................             return (-atan(z)); 
....................             break; 
....................          } 
....................       } 
....................    } 
.................... } 
.................... #endif 
....................  
.................... //////////////////// Hyperbolic functions //////////////////// 
....................  
.................... //////////////////////////////////////////////////////////////////////////// 
.................... //   float cosh(float x) 
.................... //////////////////////////////////////////////////////////////////////////// 
.................... // Description : Computes the hyperbolic cosine value of x 
.................... // Returns : returns the hyperbolic cosine value of x 
.................... // Date : N/A 
.................... // 
....................  
.................... float32 cosh(float32 x) 
.................... { 
....................    return ((exp(x)+exp(-x))*0.5); 
.................... } 
.................... //Overloaded functions for cosh() for PCD 
.................... // Overloaded function cosh() for data type - Float48 
.................... #if defined(__PCD__) 
.................... float48 cosh(float48 x) 
.................... { 
....................    return ((exp(x)+exp(-x))*0.5); 
.................... } 
....................  
.................... // Overloaded function cosh() for data type - Float64 
.................... float64 cosh(float64 x) 
.................... { 
....................    return ((exp(x)+exp(-x))*0.5); 
.................... } 
.................... #endif 
....................  
.................... //////////////////////////////////////////////////////////////////////////// 
.................... //   float sinh(float x) 
.................... //////////////////////////////////////////////////////////////////////////// 
.................... // Description : Computes the hyperbolic sine value of x 
.................... // Returns : returns the hyperbolic sine value of x 
.................... // Date : N/A 
.................... // 
....................  
.................... float32 sinh(float32 x) 
.................... { 
....................  
....................    return ((exp(x) - exp(-x))*0.5); 
.................... } 
.................... //Overloaded functions for sinh() for PCD 
.................... // Overloaded function sinh() for data type - Float48 
.................... #if defined(__PCD__) 
.................... float48 sinh(float48 x) 
.................... { 
....................  
....................    return ((exp(x) - exp(-x))*0.5); 
.................... } 
....................  
.................... // Overloaded function sinh() for data type - Float48 
.................... float64 sinh(float64 x) 
.................... { 
....................  
....................    return ((exp(x) - exp(-x))*0.5); 
.................... } 
.................... #endif 
....................  
.................... //////////////////////////////////////////////////////////////////////////// 
.................... //   float tanh(float x) 
.................... //////////////////////////////////////////////////////////////////////////// 
.................... // Description : Computes the hyperbolic tangent value of x 
.................... // Returns : returns the hyperbolic tangent value of x 
.................... // Date : N/A 
.................... // 
....................  
.................... float32 tanh(float32 x) 
.................... { 
....................    return(sinh(x)/cosh(x)); 
.................... } 
.................... //Overloaded functions for tanh() for PCD 
.................... // Overloaded function tanh() for data type - Float48 
.................... #if defined(__PCD__) 
.................... float48 tanh(float48 x) 
.................... { 
....................    return(sinh(x)/cosh(x)); 
.................... } 
....................  
.................... // Overloaded function tanh() for data type - Float64 
.................... float64 tanh(float64 x) 
.................... { 
....................    return(sinh(x)/cosh(x)); 
.................... } 
.................... #endif 
....................  
.................... //////////////////////////////////////////////////////////////////////////// 
.................... //   float frexp(float x, signed int *exp) 
.................... //////////////////////////////////////////////////////////////////////////// 
.................... // Description : breaks a floating point number into a normalized fraction and an integral 
.................... // power of 2. It stores the integer in the signed int object pointed to by exp. 
.................... // Returns : returns the value x, such that x is a double with magnitude in the interval 
.................... // [1/2,1) or zero, and value equals x times 2 raised to the power *exp.If value is zero, 
.................... // both parts of the result are zero. 
.................... // Date : N/A 
.................... // 
....................  
.................... #define LOG2 .30102999566398119521 
.................... #define LOG2_INV 3.32192809488736234787 
.................... float32 frexp(float32 x, signed int8 *exp) 
.................... { 
....................    float32 res; 
....................    int1 sign = 0; 
....................    if(x == 0.0) 
....................    { 
....................       *exp=0; 
....................       return (0.0); 
....................    } 
....................    if(x < 0.0) 
....................    { 
....................      x=-x; 
....................      sign=1; 
....................    } 
....................    if (x > 1.0) 
....................    { 
....................       *exp=(ceil(log10(x)*LOG2_INV)); 
....................       res=x/(pow(2, *exp)); 
....................       if (res == 1) 
....................       { 
....................          *exp=*exp+1; 
....................           res=.5; 
....................       } 
....................    } 
....................    else 
....................    { 
....................       if(x < 0.5) 
....................       { 
....................          *exp=-1; 
....................          res=x*2; 
....................       } 
....................       else 
....................       { 
....................          *exp=0; 
....................           res=x; 
....................       } 
....................    } 
....................    if(sign) 
....................    { 
....................       res=-res; 
....................    } 
....................    return res; 
.................... } 
....................  
.................... //Overloaded functions for frexp() for PCD 
.................... // Overloaded function frexp() for data type - Float48 
.................... #if defined(__PCD__) 
.................... float48 frexp(float48 x, signed int8 *exp) 
.................... { 
....................    float48 res; 
....................    int1 sign = 0; 
....................    if(x == 0.0) 
....................    { 
....................       *exp=0; 
....................       return (0.0); 
....................    } 
....................    if(x < 0.0) 
....................    { 
....................      x=-x; 
....................      sign=1; 
....................    } 
....................    if (x > 1.0) 
....................    { 
....................       *exp=(ceil(log10(x)*LOG2_INV)); 
....................       res=x/(pow(2, *exp)); 
....................       if (res == 1) 
....................       { 
....................          *exp=*exp+1; 
....................           res=.5; 
....................       } 
....................    } 
....................    else 
....................    { 
....................       if(x < 0.5) 
....................       { 
....................          *exp=-1; 
....................          res=x*2; 
....................       } 
....................       else 
....................       { 
....................          *exp=0; 
....................           res=x; 
....................       } 
....................    } 
....................    if(sign) 
....................    { 
....................       res=-res; 
....................    } 
....................    return res; 
.................... } 
....................  
.................... // Overloaded function frexp() for data type - Float64 
.................... float64 frexp(float64 x, signed int8 *exp) 
.................... { 
....................    float64 res; 
....................    int1 sign = 0; 
....................    if(x == 0.0) 
....................    { 
....................       *exp=0; 
....................       return (0.0); 
....................    } 
....................    if(x < 0.0) 
....................    { 
....................      x=-x; 
....................      sign=1; 
....................    } 
....................    if (x > 1.0) 
....................    { 
....................       *exp=(ceil(log10(x)*LOG2_INV)); 
....................       res=x/(pow(2, *exp)); 
....................       if (res == 1) 
....................       { 
....................          *exp=*exp+1; 
....................           res=.5; 
....................       } 
....................    } 
....................    else 
....................    { 
....................       if(x < 0.5) 
....................       { 
....................          *exp=-1; 
....................          res=x*2; 
....................       } 
....................       else 
....................       { 
....................          *exp=0; 
....................           res=x; 
....................       } 
....................    } 
....................    if(sign) 
....................    { 
....................       res=-res; 
....................    } 
....................    return res; 
.................... } 
.................... #endif 
....................  
.................... ////////////////////////////////////////////////////////////////////////////// 
.................... //   float ldexp(float x, signed int *exp) 
.................... ////////////////////////////////////////////////////////////////////////////// 
.................... // Description : multiplies a floating point number by an integral power of 2. 
.................... // Returns : returns the value of x times 2 raised to the power exp. 
.................... // Date : N/A 
.................... // 
....................  
.................... float32 ldexp(float32 value, signed int8 exp) 
.................... { 
....................    return (value * pow(2,exp)); 
.................... } 
.................... //Overloaded functions for ldexp() for PCD 
.................... // Overloaded function ldexp() for data type - Float48 
....................  
.................... #if defined(__PCD__) 
.................... float48 ldexp(float48 value, signed int8 exp) 
.................... { 
....................    return (value * pow(2,exp)); 
.................... } 
.................... // Overloaded function ldexp() for data type - Float64 
.................... float64 ldexp(float64 value, signed int8 exp) 
.................... { 
....................    return (value * pow(2,exp)); 
.................... } 
.................... #endif 
....................  
.................... #endif 
....................  
.................... #include<string.h> 
.................... //////////////////////////////////////////////////////////////////////////// 
.................... ////        (C) Copyright 1996,2008 Custom Computer Services            //// 
.................... //// This source code may only be used by licensed users of the CCS C   //// 
.................... //// compiler.  This source code may only be distributed to other       //// 
.................... //// licensed users of the CCS C compiler.  No other use, reproduction  //// 
.................... //// or distribution is permitted without written permission.           //// 
.................... //// Derivative programs created using this software in object code     //// 
.................... //// form are not restricted in any way.                                //// 
.................... //////////////////////////////////////////////////////////////////////////// 
....................  
.................... #ifndef _STRING 
.................... #define _STRING 
.................... #include <stddef.h> 
.................... #include <ctype.h> 
....................  
....................  
....................  
.................... ////////////////////////////////////////////// 
.................... //// Uncomment the following define to    //// 
.................... //// allow some functions to use a        //// 
.................... //// quicker algorithm, but use more ROM  //// 
.................... ////                                      //// 
.................... //// #define FASTER_BUT_MORE_ROM          //// 
.................... ////////////////////////////////////////////// 
....................  
....................  
....................  
.................... /*Copying functions*/ 
.................... /* standard template: 
....................    void *memmove(void *s1, void *s2, size_t n). 
....................    Copies max of n characters safely (not following ending '\0') 
....................    from s2 in s1; if s2 has less than n characters, appends 0 */ 
....................  
.................... unsigned char *memmove(void *s1,void *s2,size_t n) 
.................... { 
....................    unsigned char *sc1; 
....................    unsigned char *sc2; 
....................    sc1=s1; 
....................    sc2=s2; 
....................    if(sc2<sc1 && sc1 <sc2 +n) 
....................       for(sc1+=n,sc2+=n;0<n;--n) 
....................          *--sc1=*--sc2; 
....................    else 
....................       for(;0<n;--n) 
....................          *sc1++=*sc2++; 
....................   return s1; 
....................   } 
....................  
.................... /* Standard template: char *strcpy(char *s1, const char *s2) 
....................    copies the string s2 including the null character to s1. 
....................    This is a compiler built in to handle the different address 
....................    spaces */ 
....................  
.................... #define strcopy strcpy 
....................  
.................... /* standard template: 
....................    char *strncpy(char *s1, const char *s2, size_t n). 
....................    Copies max of n characters (not following ending '\0') 
....................    from s2 in s1; if s2 has less than n characters, appends 0 */ 
....................  
.................... unsigned char *strncpy(unsigned char *s1, unsigned char *s2, size_t n) 
.................... { 
....................   unsigned char *s; 
....................  
....................   for (s = s1; n > 0 && *s2 != '\0'; n--) 
....................      *s++ = *s2++; 
....................   for (; n > 0; n--) 
....................      *s++ = '\0'; 
....................  
....................   return(s1); 
.................... } 
.................... /***********************************************************/ 
....................  
.................... /*concatenation functions*/ 
.................... /* standard template: char *strcat(char *s1, const char *s2) 
.................... appends s2 to s1*/ 
....................  
.................... unsigned char *strcat(unsigned char *s1, unsigned char *s2) 
.................... { 
....................    unsigned char *s; 
....................  
....................    for (s = s1; *s != '\0'; ++s); 
....................    while(*s2 != '\0') 
....................    { 
....................       *s = *s2; 
....................       ++s; 
....................       ++s2; 
....................    } 
....................  
....................    *s = '\0'; 
....................    return(s1); 
.................... } 
.................... /* standard template: char *strncat(char *s1, char *s2,size_t n) 
.................... appends not more than n characters from s2 to s1*/ 
....................  
.................... unsigned char *strncat(unsigned char *s1, unsigned char *s2, size_t n) 
.................... { 
....................    unsigned char *s; 
....................  
....................    for (s = s1; *s != '\0'; ++s); 
....................    while(*s2 != '\0' && 0<n) 
....................    { 
....................       *s = *s2; 
....................       ++s; 
....................       ++s2; 
....................       --n; 
....................    } 
....................  
....................    *s = '\0'; 
....................    return(s1); 
.................... } 
....................  
.................... /***********************************************************/ 
....................  
....................  
.................... /*comparison functions*/ 
.................... /* standard template: signed int memcmp(void *s1, void *s2). 
....................    Compares s1 & s2; returns -1 if s1<s2, 0 if s1=s2, 1 if s1>s2 */ 
....................  
.................... signed int8 memcmp(void * s1,void *s2,size_t n) 
.................... { 
.................... unsigned char *su1, *su2; 
.................... for(su1=s1, su2=s2; 0<n; ++su1, ++su2, --n) 
.................... { 
....................    if(*su1!=*su2) 
....................       return ((*su1<*su2)?-1:1); 
.................... } 
.................... return 0; 
.................... } 
....................  
.................... /* standard template: int strcmp(const char *s1, const char *s2). 
....................    Compares s1 & s2; returns -1 if s1<s2, 0 if s1=s2, 1 if s1>s2 */ 
....................  
.................... signed int8 strcmp(unsigned char *s1, unsigned char *s2) 
.................... { 
....................    for (; *s1 == *s2; s1++, s2++) 
....................       if (*s1 == '\0') 
....................          return(0); 
....................    return((*s1 < *s2) ? -1: 1); 
.................... } 
.................... /* standard template: int strcoll(const char *s1, const char *s2). 
....................    Compares s1 & s2; returns -1 if s1<s2, 0 if s1=s2, 1 if s1>s2 */ 
....................  
.................... signed int8 strcoll(unsigned char *s1, unsigned char *s2) 
.................... { 
....................    for (; *s1 == *s2; s1++, s2++) 
....................       if (*s1 == '\0') 
....................          return(0); 
....................    return((*s1 < *s2) ? -1: 1); 
.................... } 
....................  
.................... /* standard template: 
....................    int strncmp(const char *s1, const char *s2, size_t n). 
....................    Compares max of n characters (not following 0) from s1 to s2; 
....................    returns same as strcmp */ 
....................  
.................... signed int8 strncmp(unsigned char *s1, unsigned char *s2, size_t n) 
.................... { 
....................    for (; n > 0; s1++, s2++, n--) 
....................       if (*s1 != *s2) 
....................          return((*s1 <*s2) ? -1: 1); 
....................       else if (*s1 == '\0') 
....................          return(0); 
....................    return(0); 
.................... } 
.................... /* standard template: 
....................    int strxfrm(const char *s1, const char *s2, size_t n). 
....................    transforms maximum of n characters from s2 and places them into s1, returns number of chars written ot s1. 
....................    if s1 is NULL and n is 0, then it returns the length of s2.*/ 
.................... size_t strxfrm(unsigned char *s1, unsigned char *s2, size_t n) 
.................... { 
....................    unsigned char c; 
....................    unsigned int8 n1; 
....................     
....................    if (!s1 && !n) 
....................       n = -1; //find length 
....................  
....................    n1 = 0; 
....................     
....................    for (; n1 < n; n1++) 
....................    { 
....................       c = *s2++; 
....................       if (!c) 
....................          break; 
....................       if (s1) 
....................          *s1++ = c; 
....................    } 
....................  
....................   return(n1); 
.................... } 
....................  
....................  
....................  
....................  
....................  
.................... /***********************************************************/ 
.................... /*Search functions*/ 
.................... /* standard template: void *memchr(const char *s, int c). 
....................    Finds first occurrence of c in n characters of s */ 
....................  
.................... unsigned char *memchr(void *s,unsigned int8 c,size_t n) 
.................... { 
....................    unsigned char uc; 
....................    unsigned char *su; 
....................    uc=c; 
....................    for(su=s;0<n;++su,--n) 
....................       if(*su==uc) 
....................       return su; 
....................    return NULL; 
.................... } 
....................  
.................... /* standard template: char *strchr(const char *s, int c). 
....................    Finds first occurrence of c in s */ 
....................  
.................... unsigned char *strchr(unsigned char *s, unsigned int8 c) 
.................... { 
....................    for (; *s != c; s++) 
....................       if (*s == '\0') 
....................          return(0); 
....................    return(s); 
.................... } 
.................... /* standard template: 
....................    size_t strcspn(const char *s1, const char *s2). 
....................    Computes length of max initial segment of s1 that 
....................    consists entirely of characters NOT from s2*/ 
....................  
.................... unsigned int8  strcspn(unsigned char *s1, unsigned char *s2) 
.................... { 
....................    unsigned char *sc1, *sc2; 
....................  
....................    for (sc1 = s1; *sc1 != 0; sc1++) 
....................       for (sc2 = s2; *sc2 != 0; sc2++) 
....................          if (*sc1 == *sc2) 
....................             return(sc1 - s1); 
....................    return(sc1 - s1); 
.................... } 
.................... /* standard template: 
....................    char *strpbrk(const char *s1, const char *s2). 
....................    Locates first occurence of any character from s2 in s1; 
....................    returns s1 if s2 is empty string */ 
....................  
.................... unsigned char *strpbrk(unsigned char *s1, unsigned char *s2) 
.................... { 
....................    unsigned char *sc1, *sc2; 
....................  
....................    for (sc1 = s1; *sc1 != 0; sc1++) 
....................       for (sc2 = s2; *sc2 != 0; sc2++) 
....................          if (*sc1 == *sc2) 
....................             return(sc1); 
....................    return(0); 
.................... } 
....................  
....................  
.................... /* standard template: char *strrchr(const char *s, int c). 
....................    Finds last occurrence of c in s */ 
....................  
.................... unsigned char *strrchr(unsigned char *s, unsigned int8 c) 
.................... { 
....................    unsigned char *p; 
....................  
....................    for (p = 0; ; s++) 
....................    { 
....................       if (*s == c) 
....................          p = s; 
....................       if (*s == '\0') 
....................          return(p); 
....................    } 
.................... } 
.................... /* computes length of max initial segment of s1 consisting 
....................    entirely of characters from s2 */ 
....................  
.................... unsigned int8  strspn(unsigned char *s1, unsigned char *s2) 
.................... { 
....................    unsigned char *sc1, *sc2; 
....................  
....................    for (sc1 = s1; *sc1 != 0; sc1++) 
....................       for (sc2 = s2; ; sc2++) 
....................     if (*sc2 == '\0') 
....................        return(sc1 - s1); 
....................          else if (*sc1 == *sc2) 
....................             break; 
....................    return(sc1 - s1); 
.................... } 
.................... /* standard template: 
....................    char *strstr(const char *s1, const char *s2); 
....................    Locates first occurence of character sequence s2 in s1; 
....................    returns 0 if s2 is empty string 
....................  
....................    Uncomment #define FASTER_BUT_MORE_ROM at the top of the 
....................    file to use the faster algorithm */ 
.................... unsigned char *strstr(unsigned char *s1, unsigned char *s2) 
.................... { 
....................    unsigned char *s, *t; 
....................  
....................    #ifdef FASTER_BUT_MORE_ROM 
....................    if (*s2 == '\0') 
....................          return(s1); 
....................    #endif 
....................  
....................    while (*s1) 
....................    { 
....................       for(s = s1, t = s2; *t && (*s == *t); ++s, ++t); 
....................  
....................       if (*t == '\0') 
....................          return s1; 
....................       ++s1; 
....................       #ifdef FASTER_BUT_MORE_ROM 
....................          while(*s1 != '\0' && *s1 != *s2) 
....................             ++s1; 
....................       #endif 
....................    } 
....................    return 0; 
.................... } 
....................  
.................... /* standard template: size_t strlen(const char *s). 
....................    Computes length of s1 (preceding terminating 0) */ 
....................  
.................... size_t strlen(unsigned char *s) 
.................... { 
....................    unsigned char *sc; 
....................  
....................    for (sc = s; *sc != 0; sc++); 
....................    return(sc - s); 
.................... } 
....................  
.................... /* standard template: char *strtok(char *s1, const char *s2). 
....................  
....................    Finds next token in s1 delimited by a character from separator 
....................    string s2 (which can be different from call to call).  First call 
....................    starts at beginning of s1 searching for first character NOT 
....................    contained in s2; returns 0 if none is found. 
....................    If one is found, it is the start of first token (return value). 
....................    Function then searches from there for a character contained in s2. 
....................    If none is found, current token extends to end of s1, and subsequent 
....................    searches for a token will return 0.  If one is found, it is 
....................    overwritten by '\0', which terminates current token.  Function saves 
....................    pointer to following character from which next search will start. 
....................    Each subsequent call, with 0 as first argument, starts searching 
....................    from saved pointer */ 
....................  
.................... unsigned char *strtok(unsigned char *s1, unsigned char *s2) 
.................... { 
....................    unsigned char *beg, *end; 
....................    static char *save; 
....................  
....................    beg = (s1)? s1: save; 
....................    beg += strspn(beg, s2); 
....................    if (*beg == '\0') 
....................       return(0); 
....................        
....................    end = strpbrk(beg, s2); 
....................    if (end != '\0') 
....................    { 
....................       *end = '\0'; 
....................       end++; 
....................       save = end; 
....................    } 
....................    else 
....................       save = beg + strlen(beg); 
....................     
....................    return(beg); 
.................... } 
....................  
.................... /*****************************************************************/ 
.................... /*Miscellaneous functions*/ 
.................... /* standard template 
.................... maps error number in errnum to an error message string 
.................... Returns: Pointer to string 
.................... */ 
.................... #ifdef _ERRNO 
.................... unsigned char * strerror(unsigned int8 errnum) 
.................... { 
.................... static unsigned char s[13]; 
.................... switch( errnum) 
.................... { 
.................... case 0: 
....................    strcpy(s,"no errors"); 
....................    return s; 
.................... case EDOM : 
....................    strcpy(s,"domain error"); 
....................    return s; 
.................... case ERANGE: 
....................    strcpy(s,"range error"); 
....................    return s; 
.................... } 
.................... } 
.................... #ENDIF 
....................  
.................... /* standard template: size_t stricmp(const char *s1, const char *s2). 
....................    Compares s1 to s2 ignoring case (upper vs. lower) */ 
....................  
.................... signed int8 stricmp(unsigned char *s1, unsigned char *s2) 
.................... { 
....................  for(; *s1==*s2||(isalpha(*s1)&&isalpha(*s2)&&(*s1==*s2+32||*s2==*s1+32)); 
....................     s1++, s2++) 
....................     if (*s1 == '\0') 
....................        return(0); 
....................  return((*s1 < *s2) ? -1: 1); 
.................... } 
....................  
....................  
.................... /* standard template: char *strlwr(char *s). 
....................    Replaces uppercase letters by lowercase; 
....................    returns pointer to new string s */ 
....................  
.................... unsigned char *strlwr(unsigned char *s) 
.................... { 
....................    unsigned char *p; 
....................  
....................    for (p = s; *p != '\0'; p++) 
....................       if (*p >= 'A' && *p <='Z') 
....................          *p += 'a' - 'A'; 
....................    return(s); 
.................... } 
....................  
.................... /* standard template: char *strupr(char *s). 
....................    Replaces lowercase letters by upercase; 
....................    returns pointer to new string s */ 
....................  
.................... unsigned char *strupr(unsigned char *s) 
.................... { 
....................    unsigned char *p; 
....................  
....................    for (p = s; *p != '\0'; p++) 
....................       if (*p >= 'a' && *p <='z') 
....................          *p -= 'a' - 'A'; 
....................    return(s); 
.................... } 
....................  
....................  
.................... /************************************************************/ 
....................  
....................  
.................... #endif 
....................  
.................... #include<ctype.h> 
.................... //////////////////////////////////////////////////////////////////////////// 
.................... ////        (C) Copyright 1996,2003 Custom Computer Services            //// 
.................... //// This source code may only be used by licensed users of the CCS C   //// 
.................... //// compiler.  This source code may only be distributed to other       //// 
.................... //// licensed users of the CCS C compiler.  No other use, reproduction  //// 
.................... //// or distribution is permitted without written permission.           //// 
.................... //// Derivative programs created using this software in object code     //// 
.................... //// form are not restricted in any way.                                //// 
.................... //////////////////////////////////////////////////////////////////////////// 
....................  
.................... #ifndef _CTYPE 
.................... #define _CTYPE 
....................  
.................... #define islower(x)  isamong(x,"abcdefghijklmnopqrstuvwxyz") 
.................... #define isupper(x)  isamong(x,"ABCDEFGHIJKLMNOPQRSTUVWXYZ") 
.................... #define isalnum(x)  isamong(x,"0123456789ABCDEFGHIJKLMNOPQRSTUVWXYZabcdefghijklmnopqrstuvwxyz") 
.................... #define isalpha(x)  isamong(x,"ABCDEFGHIJKLMNOPQRSTUVWXYZabcdefghijklmnopqrstuvwxyz") 
.................... #define isdigit(x)  isamong(x,"0123456789") 
.................... #define isspace(x)  ((x)==' ') 
.................... #define isxdigit(x) isamong(x,"0123456789ABCDEFabcdef") 
.................... #define iscntrl(x)  ((x)<' ') 
.................... #define isprint(x)  ((x)>=' ') 
.................... #define isgraph(x)  ((x)>' ') 
.................... #define ispunct(x)  (((x)>' ')&&!isalnum(x)) 
....................  
.................... #endif 
....................  
....................  
....................  
.................... #include "pic_orp_atlas_emu.h" 
.................... /*  
....................  * File:   pic_orp_atlas_emu.h 
....................  * Author: Leonardo 
....................  * 
....................  * Created on 17 de Junho de 2019, 16:35 
....................  */ 
....................  
....................  
.................... #ifndef PIC_ORP_ATLAS_EMU_H 
.................... #define	PIC_ORP_ATLAS_EMU_H 
....................  
....................  
.................... // #define debug /*depuracao*/ 
....................  
.................... #use delay(internal=16MHZ) // CPU rodando em 16MHZ (clock interno) 
*
058A:  MOVLW  21
058B:  MOVWF  05
058C:  MOVLW  0B
058D:  MOVWF  04
058E:  MOVF   00,W
058F:  BTFSC  03.2
0590:  GOTO   59F
0591:  MOVLW  05
0592:  MOVWF  78
0593:  CLRF   77
0594:  DECFSZ 77,F
0595:  GOTO   594
0596:  DECFSZ 78,F
0597:  GOTO   593
0598:  MOVLW  2E
0599:  MOVWF  77
059A:  DECFSZ 77,F
059B:  GOTO   59A
059C:  GOTO   59D
059D:  DECFSZ 00,F
059E:  GOTO   591
059F:  RETURN
....................  
....................  
.................... // configuracoes de hardware do PIC (fuses) 
....................  #fuses RSTOSC_HFINTRC, WRT, PROTECT, CPD, NOLVP, NOWDT   
.................... // Descrição fuses do PIC16F18326 que estão configurados  
.................... /*  
.................... RSTOSC_HFINTRC   // On Power-up clock running from HFINTRC 
.................... PUT             // Power Up Timer 
.................... LPBOR           // Low-Power Brownout reset is enabled 
.................... WRT            //  Program Memory Write Protected 
.................... PROTECT        //  Code protected from reads 
.................... CPD             // Data EEPROM Code Protected 
.................... NOLVP           // No low voltage programing, B3(PIC16) or B5(PIC18) used for I/O 
.................... WDT           //   Watch Dog Timer 
.................... */  
....................  
....................  
.................... /* 
....................  Def para acesso dos registradores do PIC (ambiente CCS) ; Obs: Alterar alguns desses bits do registrador(diretamente) pode sobreescrever os FUSES se não tomar cuidado 
....................  */ 
.................... #byte TRISA= getenv("SFR:TRISA") // registrador que define se os pinos do PORTA são Digital input ou  Digital output 
.................... #bit TRISA1= TRISA.1  
.................... #bit TRISA2= TRISA.2 
....................  
....................  
.................... #byte PORTA= getenv("SFR:PORTA") // registrador para leitura do estado atual dos pinos do PORTA (pode ser usado para escrita, igual ao LATA) 
.................... #bit  PORTA1= PORTA.1  
....................  
.................... #byte LATA=getenv("SFR:LATA") // registrador que altera as saídas nos pinos digitais do PORTA(caso seja input muda a semântica desse registrador) 
.................... #bit  LATA1= LATA.1  
....................  
.................... #byte FVRCON =getenv("SFR:FVRCON") // FIXED VOLTAGE REFERENCE CONTROL REGISTER 
....................  
.................... /* bit 7 FVREN: Fixed Voltage Reference Enable bit bit 7 FVREN: Fixed Voltage Reference Enable bit 
.................... 1 = Fixed Voltage Reference is enabled 
.................... 0 = Fixed Voltage Reference is disabled 
.................... */ 
.................... #bit  FVREN = FVRCON.7  
....................     
.................... /* 
.................... bit 5 TSEN: Temperature Indicator Enable bit(3) 
.................... 1 = Temperature Indicator is enabled 
.................... 0 = Temperature Indicator is disabled 
.................... */ 
.................... #bit  TSEN = FVRCON.5 
.................... /* 
.................... bit 4 TSRNG: Temperature Indicator Range Selection bit(3) 
.................... 1 => VOUT = VDD - 4VT (High Range) 
.................... 0 => VOUT = VDD - 2VT (Low Range) 
....................  *  
....................  Para TEMPERATURE INDICATOR MODULE 
....................  TSRNG = 1 => Min. VDD  3.6V 
....................  TSRNG = 0 => Min. VDD, 1.8V 
.................... ///////////////////////////////////////////////////////////////////////////// 
.................... */ 
.................... #bit  TSRNG = FVRCON.4 
....................  
.................... /* 
.................... bit 1-0 ADFVR<1:0>: ADC FVR Buffer Gain Selection bit 
.................... 11 = ADC FVR Buffer Gain is 4x, (4.096V)(2) 
.................... 10 = ADC FVR Buffer Gain is 2x, (2.048V)(2) 
.................... 01 = ADC FVR Buffer Gain is 1x, (1.024V) 
.................... 00 = ADC FVR Buffer is off 
.................... */ 
.................... #bit ADFVR_bit1= FVRCON.1 
.................... #bit ADFVR_bit0= FVRCON.0 
....................  
.................... // REGISTRADORES PARA DESABILITAR\HABILITAR OS MÓDULOS DO PIC ( all modules are ON by default following any Reset.) : (CAP 14 datasheet) 
....................  
....................  
.................... #byte PMD0 =getenv("SFR:PMD0") //PMD0: PMD CONTROL REGISTER 0 
.................... /* 
.................... bit 7 SYSCMD: Disable Peripheral System Clock Network bit 
.................... See description in Section 14.3 ?System Clock Disable?. 
....................  
.................... 1 = System Clock network disabled (a.k.a. FOSC) 
.................... 0 = System Clock network enabled 
.................... */ 
.................... #bit  SYSCMD = PMD0.7 
.................... /* 
.................... bit 6 FVRMD: Disable Fixed Voltage Reference FVR bit 
.................... 1 = FVR module disabled 
.................... 0 = FVR module enabled 
.................... */ 
.................... #bit  FVRMD = PMD0.6 
.................... // bit 5-3 Unimplemented: Read as ?0? 
....................  
....................  /* bit 2 NVMMD: NVM Module Disable bit(1) 
.................... 1 = Data EEPROM (a.k.a. user memory, EEPROM) reading and writing is disabled; NVMCON 
.................... registers cannot be written; FSR access to EEPROM returns zero. 
.................... 0 = NVM module enabled 
.................... */ 
.................... #bit NVMMD = PMD0.2 
....................  
....................  /* bit 1 CLKRMD: Disable Clock Reference CLKR bit 
.................... 1 = CLKR module disabled 
.................... 0 = CLKR module enabled */ 
.................... #bit CLKRMD = PMD0.1 
....................  
.................... /* bit 0 IOCMD: Disable Interrupt-on-Change bit, All Ports 
.................... 1 = IOC module(s) disabled 
.................... 0 = IOC module(s) enabled */ 
.................... #bit IOCMD = PMD0.0 
....................  
.................... // Note 1: When enabling NVM, a delay of up to 1 ?s may be required before accessing data. 
.................... //////////////////////////////////////////////////////// 
....................  
.................... #byte PMD1 =getenv("SFR:PMD1") //PMD1: PMD CONTROL REGISTER 1 
.................... /* bits PMD1: 
.................... 1 = module disabled 
.................... 0 = module enabled */ 
....................  
.................... #bit NCOMD =  PMD1.7 //bit 7 NCOMD: Disable Numerically Control Oscillator bit 
.................... #bit TMR6MD = PMD1.6 //bit 6 TMR6MD: Disable Timer TMR6 bit 
.................... #bit TMR5MD = PMD1.5 //bit 5 TMR5MD: Disable Timer TMR5 bit 
.................... #bit TMR4MD = PMD1.4 //bit 4 TMR4MD: Disable Timer TMR4 bit 
.................... #bit TMR3MD = PMD1.3 //bit 3 TMR3MD: Disable Timer TMR3 bit 
.................... #bit TMR2MD = PMD1.2 //bit 2 TMR2MD: Disable Timer TMR2 bit 
.................... #bit TMR1MD = PMD1.1 //bit 1 TMR1MD: Disable Timer TMR1 bit 
.................... #bit TMR0MD = PMD1.0 //bit 0 TMR0MD: Disable Timer TMR0 bit 
....................  
.................... #byte PMD2 =getenv("SFR:PMD2") //PMD2: PMD CONTROL REGISTER 2 
.................... /* bits PMD2: 
.................... 1 = module disabled 
.................... 0 = module enabled */ 
....................  
.................... //bit 7 Unimplemented: Read as ?0? 
.................... #bit DACMD = PMD2.6 //bit 6 DACMD: Disable DAC bit 
.................... #bit ADCMD = PMD2.5 //bit 5 ADCMD: Disable ADC bit 
.................... //bit 4-3 Unimplemented: Read as ?0? 
.................... #bit CMP2MD = PMD2.2 //bit 2 CMP2MD: Disable Comparator C2 bit 
.................... #bit CMP1MD = PMD2.1 //bit 1 CMP1MD: Disable Comparator C1 bit 
.................... //bit 0 Unimplemented: Read as ?0? 
....................  
....................  
.................... #byte PMD3 =getenv("SFR:PMD3") //PMD3: PMD CONTROL REGISTER 3 
.................... /* bits PMD3: 
.................... 1 = module disabled 
.................... 0 = module enabled */ 
....................  
.................... #bit CWG2MD = PMD3.7     //bit 7 CWG2MD: Disable CWG2 bit 
.................... #bit CWG1MD = PMD3.6     //bit 6 CWG1MD: Disable CWG1 bit 
.................... #bit PWM6MD = PMD3.5     //bit 5 PWM6MD: Disable PWM6 bit 
.................... #bit PWM5MD = PMD3.4     //bit 4 PWM5MD: Disable PWM5 bit 
.................... #bit CCP4MD = PMD3.3     //bit 3 CCP4MD: Disable CCP4 bit 
.................... #bit CCP3MD = PMD3.2     //bit 2 CCP3MD: Disable CCP3 bit 
.................... #bit CCP2MD = PMD3.1     //bit 1 CCP2MD: Disable CCP2 bit 
.................... #bit CCP1MD = PMD3.0     //bit 0 CCP1MD: Disable CCP1 bit 
....................  
.................... #byte PMD4 =getenv("SFR:PMD4") //PMD4: PMD CONTROL REGISTER 4 
.................... /* bits PMD4: 
.................... 1 = module disabled 
.................... 0 = module enabled */ 
....................  
.................... //bit 7-6 Unimplemented: Read as ?0? 
.................... #bit UART1MD = PMD4.5  //bit 5 UART1MD: Disable EUSART1 bit 
.................... //bit 4-3 Unimplemented: Read as ?0? 
.................... #bit MSSP2MD = PMD4.2     //bit 2 MSSP2MD: Disable MSSP2 bit 
.................... #bit MSSP1MD = PMD4.1     //bit 1 MSSP1MD: Disable MSSP1 bit 
.................... //bit 0 Unimplemented: Read as ?0? 
....................  
....................  
.................... #byte PMD5 =getenv("SFR:PMD5") //PMD5: PMD CONTROL REGISTER 5 
.................... /* bits PMD5: 
.................... 1 = module disabled 
.................... 0 = module enabled */ 
.................... //bit 7-5 Unimplemented: Read as ?0? 
.................... #bit CLC4MD = PMD5.4   //bit 4 CLC4MD: Disable CLC4 bit 
.................... #bit CLC3MD = PMD5.3   //bit 3 CLC3MD: Disable CLC3 bit 
.................... #bit CLC2MD = PMD5.2    //bit 2 CLC2MD: Disable CLC2 bit 
.................... #bit CLC1MD = PMD5.1     //bit 1 CLC1MD: Disable CLC1 bit 
.................... #bit DSMMD = PMD5.0      //bit 0 DSMMD: Disable Data Signal Modulator bit 
....................  
....................  
.................... ////////////////////////////////////////////////////////////////////////////////////////////////////////////////////////////// 
.................... ////////////////////////////////////////////////////////////////////////////////////////////////////////////////////////////// 
.................... ////////////////////////////////////////////////////////////////////////////////////////////////////////////////////////////// 
....................  
....................  
.................... #define VERSAO_FIRMWARE 1.0 
.................... #define BUF_SIZE 40 // tamanho dos Buffers do I2C1 
.................... #define PIC_ADDRESS  0xC4// endereco padrão da I2C1 do pic Modo Slave (endereco em 7 bits) 0x62; As funcoes CCS usam endereco na forma 8 bits 0x62<<1= 0xC4 
.................... #define LED_PIN PIN_A1 // pino onde está conectado o LED pino 12 RA1 
.................... #define LED_STATUS  PIN_A1 
.................... #define TAM_MAX  25 
....................  
.................... #define LEN_MAX_CMD 7 // o numero maximo de caracteres dos comandos da lista_comandos  ( não contando '\0') para comandos da forma : "CMD" 
.................... #define LEN_MAX_CMD2 5  // tamanho max do cmd2 ( não contando '\0') para um comando da forma CMD,CMD2,VALOR 
.................... #define LEN_MAX_VALOR 28 // tamanho max de  valor (não contando '\0') para comandos da forma CMD,VALOR ouu CMD,CMD2,VALOR pode variar, mas não passara de 20 
....................  
.................... // Macros de reset dos buffers do I2C1 (buffers não físicos) 
.................... #define RESET_out_buffer  for(int i = 0; i <= BUF_SIZE; i++) out_buffer[i] =0;  // reseta o buffer de entrada do I2C1 
.................... #define RESET_in_buffer   for(int i = 0; i <= BUF_SIZE; i++) in_buffer[i] =0;  // reseta o buffer de saida do I2C1 
.................... #define RESET_out_buffers for(int i = 0; i <= BUF_SIZE; i++) { out_buffer[i] =0; if(i<=LEN_MAX_CMD)CMD[i] =0; if(i<=LEN_MAX_CMD2) CMD2[i] =0; if(i<=LEN_MAX_VALOR)VALOR[i]=0;} // reseta os buffers de entrada e saída do PIC (modo Slave) 
....................  
....................  
.................... // associando os pinos do pic com a funcao que ele desempenha ( #pin_select) para uso da I2C1 
.................... // PPS do PIC 
....................  #pin_select SCL1IN=PIN_C0  
....................  #pin_select SCL1OUT=PIN_C0 // Modo slave não controla clock 
....................  #pin_select SDA1IN=PIN_C1 
....................  #pin_select SDA1OUT=PIN_C1 
.................... /*configura a I2C1(MSSP1) para o modo slave, com endereco PIC_ADDRESS,  usando hardware I2C  
....................  functions(FORCE_HW). Uma ID= I2C_PIC_SLAVE  representa o canal(stream) i2c criado  
....................  A i2c é iniciado com i2c_init() (NOINIT) , */  
.................... #use i2c(SLAVE, I2C1, address= PIC_ADDRESS , stream= I2C_PIC_SLAVE, NOINIT,FORCE_HW)  
*
0077:  MOVLB  04
0078:  MOVF   11,W
0079:  MOVLB  03
007A:  MOVF   69,W
007B:  MOVLB  04
007C:  MOVWF  11
007D:  BSF    15.4
007E:  MOVLB  00
007F:  BCF    11.3
0080:  MOVLB  04
0081:  BTFSC  14.0
0082:  GOTO   081
0083:  CLRF   78
0084:  BTFSS  16.6
0085:  INCF   78,F
....................  
.................... /* 
.................... #pin_select U1TX= PIN_A4 // PIN_C1 SDA/TX 
.................... #pin_select U1RX= PIN_A5 // PIN_C0 SCL/RX 
.................... #use rs232(baud=9600, xmit = PIN_A4 , rcv = PIN_A5, bits=8 , stream= UART_PIC ,NOINIT) 
....................  
.................... */ 
....................  
.................... // C5 SDA MCP 
.................... // C4 SCL MCP 
....................  
.................... //unsigned int8 tamanho = 0; 
.................... char in_buffer[BUF_SIZE+1]; // buffer de recepcao de dados vindos do Master para o PIC 
.................... char out_buffer[BUF_SIZE+1]; // buffer de saida dados do slave(PIC) para o master 
....................  
.................... char CMD[LEN_MAX_CMD +1]={}; 
.................... char CMD2[LEN_MAX_CMD2+1]={}; 
.................... char VALOR[LEN_MAX_VALOR+1]={} ; 
....................  
....................  
.................... // unsigned int8  index_in_buffer_uart =0;  
....................  
.................... unsigned int1 lendo_str_master = FALSE ; // indica se o PIC está preenchendo in_buffer (I2C) 
.................... unsigned int8  index_out_buffer; 
.................... unsigned int8  index_in_buffer ; 
.................... unsigned int1  FIND_exe= FALSE ;// status do comando FIND (se está executando é TRUE) 
.................... unsigned int1  SLEEP_exe= FALSE ; // // status do comando SLEEP 
....................  
.................... typedef enum {cmd_err, cmd_Baud ,cmd_Cal, cmd_Export, cmd_Factory, cmd_Find, cmd_i, cmd_I2c, cmd_Import, cmd_L, cmd_Plock, cmd_R, cmd_Sleep, cmd_Slope,cmd_Status} comandos; 
.................... char lista_comandos[15][LEN_MAX_CMD +1]= {"ERR","BAUD","CAL","EXPORT","FACTORY","FIND","I","I2C","IMPORT","L","PLOCK","R","SLEEP","SLOPE","STATUS"} ; 
.................... /* variaveis PH */ 
....................  
.................... void config_PIC(void) ; 
.................... void disable_Modulos_PIC(void); 
.................... void renable_Modulos_PIC(void); 
....................  
.................... /* 
....................  Faz o parseamento de in_buffer, conforme o protocolo definido abaixo: 
....................  in_buffer pode ser da forma "CMD", "CMD,VALOR" ou "CMD,CMD2,VALOR" 
....................  Monta as string CMD(comando), CMD2(comando secundário (nem todos os comandos tem um CMD2) ) e VALOR( parâmetro de algum comando) 
....................  Obs: o separador padrão é ',' mas pode ser alterado para separador=%c 
....................  retorna TRUE se o parseamento foi correto (nº esperado de separadores) 
....................  retorna FALSE se o parseamento foi inválido(erro de sintaxe) (nº inesperado de separadores) 
....................  */ 
.................... int1 parsing_in_buffer(char *rcv_buffer) ;  
....................  
.................... /* Retorna qual  comando(CMD) foi enviado pelo usuário 
....................  O retorno é um valor de enum comandos 
....................  */ 
.................... int8 identifica_comando( char * comando) ; 
....................  
.................... void monta_out_buffer( int8 num_comando ) ; // monta o vetor out_buffer de resposta as requisicoes do mestre 
....................  
....................  
.................... /* 
....................  Variáveis e definições ANPH  
....................  */ 
....................  
.................... //fator_k= ; 
.................... //fator_b= ; 
....................  
....................  /* 
....................  Protótipos das funções do ANPH 
....................  */ 
....................  
.................... /* 
....................    retorna o valor ph com ou sem compensacao de temperatura   
....................  comp_temp=TRUE => retorna o valor ph com compensacao de temperatura (temp_C é a temperatura da solucao) 
....................  comp_temp=FALSE => retorna o valor ph sem compensacao de temperatura (temp_C= 25ºC) 
....................       
.................... Default temperature = 25°C 
.................... Temperature is always in Celsius 
.................... Temperature is not retained if power is cut 
....................  */ 
.................... int1 isStr_float(char *str_teste) ;// verifica se uma string representa um float válido 
.................... float32 get_orp_value_mV(void) ; 
....................  
....................  
.................... void ANPH_R(void) ; // retorna uma única leitura do valor de ph (%.2f)  
.................... void ANPH_FIND(void); //Find: LED rapidly blinks white, used to help find device 
.................... void ANPH_L(void); // LED CONTROL 
.................... void ANPH_i(void); // retorna device information para o usuario 
.................... void ANPH_STATUS(void) ; //  Status voltage at Vcc pin and reason for last restart 
.................... void ANPH_SLEEP(void) ; // Placa entre em modo Sleep 
.................... /* */ 
....................  
....................  
....................  
.................... #ifndef debug 
....................  
.................... //////////////////// Driver for MCP3421 A/D Converter /////////////////// 
.................... ////                                                                 //// 
.................... ////  adc_init() - initializes the MCP3421, call after power up      //// 
.................... ////                                                                 //// 
.................... ////  read_adc_mcp3421() - initiates a conversion and reads adc,     //// 
.................... ////                       returns raw reading.                      //// 
.................... ////                                                                 //// 
.................... ////  read_adc_volts_mcp3421() - initiates a conversion and read     //// 
.................... ////                             adc, returns voltage as float       //// 
.................... ////                             (-2.048 to 2.048).                  //// 
.................... ////                                                                 //// 
.................... ////  Defines used to setup MCP3421:                                 //// 
.................... ////                                                                 //// 
.................... ////    MCP3421_SCL  - specifies the I2C clock pin to use, default   //// 
.................... ////                   if not specified is PIN_C3.                   //// 
.................... ////                                                                 //// 
.................... ////    MCP3421_SDA  - specifies the I2C data pin to use, default if //// 
.................... ////                   not specified is PIN_C4.                      //// 
.................... ////                                                                 //// 
.................... ////    MCP3421_MODE - specifies the mode to use, default if not     //// 
.................... ////                   specified is MCP3421_CONTINUOUS.  Valid       //// 
.................... ////                   options are:                                  //// 
.................... ////                     MCP3421_CONTINUOUS                          //// 
.................... ////                     MCP3421_ONE_SHOT                            //// 
.................... ////                                                                 //// 
.................... ////    MCP3421_BITS - specifies the number of conversion bits to    //// 
.................... ////                   use, default if not specified is              //// 
.................... ////                   MCP3421_18BITS.  Valid options are:           //// 
.................... ////                     MCP3421_18BITS                              //// 
.................... ////                     MCP3421_16BITS                              //// 
.................... ////                     MCP3421_14BITS                              //// 
.................... ////                     MCP3421_12BITS                              //// 
.................... ////                                                                 //// 
.................... ////    MCP3421_GAIN - specifies the PGA gain to use, default if not //// 
.................... ////                   specified is MCP3421_1X_GAIN.  Valid options  //// 
.................... ////                   are:                                          //// 
.................... ////                     MCP3421_8X_GAIN                             //// 
.................... ////                     MCP3421_4X_GAIN                             //// 
.................... ////                     MCP3421_2X_GAIN                             //// 
.................... ////                     MCP3421_1X_GAIN                             //// 
.................... ////                                                                 //// 
.................... ////    MCP3421_ADDRESS - specifies the address of MCP3421 devices,  //// 
.................... ////                      default if not specified is 0.  Valid      //// 
.................... ////                      options are 0-7.                           //// 
.................... ////                                                                 //// 
.................... ////    USE_HW_I2C - specifies that the MCP3421_SCL and MCP3421_SDA  //// 
.................... ////                 pins are HW I2C pins and to use PIC's HW I2C    //// 
.................... ////                 peripheral.                                     //// 
.................... ////                                                                 //// 
.................... ///////////////////////////////////////////////////////////////////////// 
.................... ////        (C) Copyright 1996,2013 Custom Computer Services         //// 
.................... //// This source code may only be used by licensed users of the CCS  //// 
.................... //// C compiler.  This source code may only be distributed to other  //// 
.................... //// licensed users of the CCS C compiler.  No other use,            //// 
.................... //// reproduction or distribution is permitted without written       //// 
.................... //// permission.  Derivative programs created using this software    //// 
.................... //// in object code form are not restricted in any way.              //// 
.................... ///////////////////////////////////////////////////////////////////////// 
....................  
.................... #define MCP3421_CONTINUOUS 0x10 
.................... #define MCP3421_ONE_SHOT   0x00 
....................  
.................... #define MCP3421_18BITS     0x0C 
.................... #define MCP3421_16BITS     0x08 
.................... #define MCP3421_14BITS     0x04 
.................... #define MCP3421_12BITS     0x00 
....................  
.................... #define MCP3421_8X_GAIN    0x03 
.................... #define MCP3421_4X_GAIN    0x02 
.................... #define MCP3421_2X_GAIN    0x01 
.................... #define MCP3421_1X_GAIN    0x00 
....................  
.................... #define MCP3421_DEVICE_CODE       0xD0 
.................... #define MCP3421_START_CONVERSTION 0x80 
....................  
.................... #ifndef MCP3421_SCL 
....................  #define MCP3421_SCL  PIN_C4 
.................... #endif 
....................  
.................... #ifndef MCP3421_SDA 
....................  #define MCP3421_SDA  PIN_C5 
.................... #endif 
....................  
....................  
.................... #ifndef MCP3421_MODE 
....................  #define MCP3421_MODE /*MCP3421_ONE_SHOT*/ MCP3421_CONTINUOUS 
.................... #endif 
....................  
.................... #ifndef MCP3421_BITS 
....................  #define MCP3421_BITS MCP3421_18BITS 
.................... #endif 
....................  
.................... #ifndef MCP3421_GAIN 
....................  #define MCP3421_GAIN MCP3421_1X_GAIN 
.................... #endif 
....................  
.................... #ifndef MCP3421_ADDRESS 
....................  #define MCP3421_ADDRESS 0 // endereco MCP3421 0x68=> 0xD0|0x00<<1  ;   
.................... #endif 
....................  
....................  
....................  #pin_select SCL2IN = MCP3421_SCL  
....................  #pin_select SCL2OUT = MCP3421_SCL 
....................  #pin_select SDA2IN = MCP3421_SDA 
....................  #pin_select SDA2OUT = MCP3421_SDA 
....................  
....................  
.................... #use i2c(MASTER,FAST,SCL=MCP3421_SCL, SDA=MCP3421_SDA, stream= MCP3421_STREAM,NOINIT) 
*
00C9:  MOVLB  04
00CA:  BCF    1D.7
00CB:  MOVLB  00
00CC:  BCF    12.3
00CD:  MOVLB  03
00CE:  MOVF   53,W
00CF:  MOVLB  04
00D0:  MOVWF  19
00D1:  MOVLW  02
00D2:  BTFSC  1D.7
00D3:  GOTO   0DB
00D4:  MOVLB  00
00D5:  BTFSS  12.3
00D6:  GOTO   0D5
00D7:  MOVLW  00
00D8:  MOVLB  04
00D9:  BTFSC  1E.6
00DA:  MOVLW  01
00DB:  MOVWF  78
00DC:  MOVLB  00
00DD:  RETURN
*
057A:  MOVLB  04
057B:  BCF    1D.6
057C:  BSF    1E.3
057D:  BTFSC  1E.3
057E:  GOTO   57D
057F:  BTFSC  77.0
0580:  BCF    1E.5
0581:  BTFSS  77.0
0582:  BSF    1E.5
0583:  BSF    1E.4
0584:  BTFSC  1E.4
0585:  GOTO   584
0586:  MOVF   19,W
0587:  MOVWF  78
0588:  MOVLB  00
0589:  RETURN
....................  
....................  
.................... /* Protótipos*/ 
.................... void adc_init(unsigned int8 address=MCP3421_ADDRESS) ; 
....................  
.................... #if MCP3421_BITS == MCP3421_18BITS 
.................... signed int32 read_adc_mcp3421(unsigned int8 address=MCP3421_ADDRESS) ; 
.................... #else 
.................... signed int16 read_adc_mcp3421(unsigned int8 address=MCP3421_ADDRESS) ; 
.................... #endif 
....................  
.................... float32 read_adc_volts_mcp3421(unsigned int8 address=MCP3421_ADDRESS) ; 
....................  
.................... #endif // debug 
....................  
.................... #endif	/* PIC_ORP_ATLAS_EMU_H */ 
....................  
....................  
....................  
.................... //------------------Serial data receive interrupt-------------------------------------------------  
....................  
.................... /* 
.................... #INT_RDA  
.................... void  RDA_isr(void)  
.................... {    
....................    if(index_in_buffer_uart<=BUF_SIZE) { 
....................          
....................        
....................     if ( ( in_buffer[index_in_buffer_uart++]= getc() ) =='\0')  
....................   
....................     {    
....................         index_in_buffer_uart =0;  
....................         flag_monta_out_buffer=TRUE;  
....................          
....................     }  
....................        
....................    } 
....................  
....................    else index_in_buffer_uart =0; // retorna o index no inicio do vetor (sobreescreve o BUFFER) 
....................             
.................... }  
....................  
.................... */ 
....................  
.................... #INT_SSP // interrupcao I2C1 ( dispara a cada dado recebido ou dado enviado por SSP, chamando SSP_isr_slave ) 
.................... void SSP_isr_slave(void) // ISR associado a interrupcao INT_SSP  
.................... { 
....................  
....................      
....................    unsigned int8 state; 
....................    state = i2c_isr_state(I2C_PIC_SLAVE); 
*
0041:  MOVLB  04
0042:  BTFSC  14.5
0043:  GOTO   047
0044:  CLRF   73
0045:  BTFSC  14.2
0046:  BSF    73.7
0047:  MOVF   73,W
0048:  INCF   73,F
0049:  MOVLB  03
004A:  MOVWF  67
....................         
.................... if(state == 0x00 ) /*recebou o endereco do master( bit R/W =0 escrita), slave ira armazenar os dados vindos pelo master*/ 
004B:  MOVF   67,F
004C:  BTFSS  03.2
004D:  GOTO   060
....................     {  
....................       i2c_read(I2C_PIC_SLAVE);  
004E:  MOVLB  04
004F:  BCF    15.6
0050:  BTFSS  14.0
0051:  GOTO   050
0052:  MOVF   11,W
0053:  BSF    15.4
....................       index_in_buffer=0;  
0054:  CLRF   72
....................        
....................  
....................       if( FIND_exe==FALSE ) {lendo_str_master = TRUE ;  out_buffer[0]= 254 ; }                  // Response code: 254 still processing, not ready (exceto quando FIND está executando e está esperando um caracter da I2C para finalizar o comando) 
0055:  BTFSC  70.1
0056:  GOTO   05D
0057:  BSF    70.0
0058:  MOVLW  FE
0059:  MOVLB  00
005A:  MOVWF  57
005B:  GOTO   05F
005C:  MOVLB  04
....................       else out_buffer[0]= 0; // limpa a resposta anterior do FIND  
005D:  MOVLB  00
005E:  CLRF   57
005F:  MOVLB  03
....................        // isso evita que o caracter de saida (lixo) do FIND ou Sleep (ou algum outro) seja analisado 
....................             
.................... } 
....................     
.................... if(state == 0x80)  { i2c_read(I2C_PIC_SLAVE,2); index_out_buffer=0 ; }// recebeu o endereco do master (bit R/W =1 leitura), slave deve responder a requisicao de leitura do master; e reinicia o indice do buffer tbm          
0060:  MOVF   67,W
0061:  SUBLW  80
0062:  BTFSC  03.2
0063:  CLRF   71
....................  
.................... if(state >= 0x80) {  
0064:  MOVF   67,W
0065:  SUBLW  7F
0066:  BTFSC  03.0
0067:  GOTO   089
....................      
....................     if(index_out_buffer<=BUF_SIZE) { 
0068:  MOVF   71,W
0069:  SUBLW  28
006A:  BTFSS  03.0
006B:  GOTO   088
....................          
....................     // slave respondendo a requisicao do master 
....................      i2c_write(I2C_PIC_SLAVE, out_buffer[index_out_buffer] ); 
006C:  MOVLW  37
006D:  ADDWF  71,W
006E:  MOVWF  04
006F:  MOVLW  20
0070:  MOVWF  05
0071:  BTFSC  03.0
0072:  INCF   05,F
0073:  MOVF   00,W
0074:  MOVWF  68
0075:  MOVF   68,W
0076:  MOVWF  69
....................      index_out_buffer++ ;  
*
0086:  INCF   71,F
0087:  MOVLB  03
....................                  
....................     } 
.................... } 
0088:  GOTO   0A0
....................  
....................     
.................... else { 
....................  if(state > 0x00) { // master escrevendo em slave 
0089:  MOVF   67,F
008A:  BTFSC  03.2
008B:  GOTO   0A0
....................      
....................      if(index_in_buffer<=BUF_SIZE) { 
008C:  MOVF   72,W
008D:  SUBLW  28
008E:  BTFSS  03.0
008F:  GOTO   0A0
....................      
....................     
....................     in_buffer[index_in_buffer] = i2c_read(I2C_PIC_SLAVE) ;// o slave lê só até o byte BUF_SIZE-1 ou até receber um caracter nulo; O slave envia  um nack para o mestre na leitura desse byte(ultimo byte) informando para o mestre gerar um stop no protocolo(parar de enviar dados))  
0090:  MOVLW  0E
0091:  ADDWF  72,W
0092:  MOVWF  04
0093:  MOVLW  20
0094:  MOVWF  05
0095:  BTFSC  03.0
0096:  INCF   05,F
0097:  MOVLB  04
0098:  BCF    15.6
0099:  BTFSS  14.0
009A:  GOTO   099
009B:  MOVF   11,W
009C:  BSF    15.4
009D:  MOVWF  00
....................     index_in_buffer++ ;  
009E:  INCF   72,F
009F:  MOVLB  03
....................        
....................                                    } 
....................       
....................                   } 
....................     } 
00A0:  MOVLB  00
00A1:  BCF    11.3
00A2:  MOVLP  00
00A3:  GOTO   026
.................... } // fim isr_slave 
....................  
....................  
....................  
.................... void main() 
*
05B7:  MOVLW  55
05B8:  MOVLB  1C
05B9:  MOVWF  0F
05BA:  MOVLW  AA
05BB:  MOVWF  0F
05BC:  BCF    0F.0
05BD:  MOVLW  14
05BE:  MOVWF  1D
05BF:  MOVLW  15
05C0:  MOVWF  1E
05C1:  MOVLW  10
05C2:  MOVWF  20
05C3:  MOVLW  11
05C4:  MOVWF  21
05C5:  MOVLW  18
05C6:  MOVLB  1D
05C7:  MOVWF  20
05C8:  MOVLW  19
05C9:  MOVWF  21
05CA:  MOVLW  1A
05CB:  MOVWF  24
05CC:  MOVLW  1B
05CD:  MOVWF  25
05CE:  MOVLW  55
05CF:  MOVLB  1C
05D0:  MOVWF  0F
05D1:  MOVLW  AA
05D2:  MOVWF  0F
05D3:  BSF    0F.0
05D4:  MOVLB  12
05D5:  CLRF   1E
05D6:  CLRF   1B
05D7:  CLRF   1D
05D8:  MOVLW  06
05D9:  MOVWF  1F
05DA:  MOVLW  60
05DB:  MOVWF  19
05DC:  BCF    70.0
05DD:  BCF    70.1
05DE:  BCF    70.2
05DF:  MOVLW  03
05E0:  MOVWF  73
05E1:  MOVLB  03
05E2:  CLRF   34
05E3:  CLRF   33
05E4:  CLRF   0C
05E5:  CLRF   0E
05E6:  MOVLB  02
05E7:  CLRF   12
05E8:  CLRF   11
05E9:  CLRF   14
05EA:  CLRF   13
05EB:  GOTO   671
05EC:  DATA 02,34
05ED:  DATA 00,34
05EE:  DATA 28,34
05EF:  DATA 00,34
05F0:  DATA 00,34
05F1:  DATA 2B,34
05F2:  DATA 40,34
05F3:  DATA B0,34
05F4:  DATA 00,34
05F5:  DATA 03,34
05F6:  DATA 80,34
05F7:  DATA 45,34
05F8:  DATA 52,34
05F9:  DATA 52,34
05FA:  DATA 05,34
05FB:  DATA C0,34
05FC:  DATA 00,34
05FD:  DATA 04,34
05FE:  DATA 80,34
05FF:  DATA 42,34
0600:  DATA 41,34
0601:  DATA 55,34
0602:  DATA 44,34
0603:  DATA 04,34
0604:  DATA C0,34
0605:  DATA 00,34
0606:  DATA 05,34
0607:  DATA 80,34
0608:  DATA 43,34
0609:  DATA 41,34
060A:  DATA 4C,34
060B:  DATA 00,34
060C:  DATA 00,34
060D:  DATA 17,34
060E:  DATA 01,34
060F:  DATA 20,34
0610:  DATA 00,34
0611:  DATA 00,34
0612:  DATA 00,34
0613:  DATA 45,34
0614:  DATA 58,34
0615:  DATA 50,34
0616:  DATA 4F,34
0617:  DATA 52,34
0618:  DATA 54,34
0619:  DATA 00,34
061A:  DATA 00,34
061B:  DATA 46,34
061C:  DATA 41,34
061D:  DATA 43,34
061E:  DATA 54,34
061F:  DATA 4F,34
0620:  DATA 52,34
0621:  DATA 59,34
0622:  DATA 00,34
0623:  DATA 46,34
0624:  DATA 49,34
0625:  DATA 4E,34
0626:  DATA 44,34
0627:  DATA 04,34
0628:  DATA C0,34
0629:  DATA 00,34
062A:  DATA 01,34
062B:  DATA 80,34
062C:  DATA 49,34
062D:  DATA 07,34
062E:  DATA C0,34
062F:  DATA 00,34
0630:  DATA 03,34
0631:  DATA 80,34
0632:  DATA 49,34
0633:  DATA 32,34
0634:  DATA 43,34
0635:  DATA 05,34
0636:  DATA C0,34
0637:  DATA 00,34
0638:  DATA 09,34
0639:  DATA 80,34
063A:  DATA 49,34
063B:  DATA 4D,34
063C:  DATA 50,34
063D:  DATA 4F,34
063E:  DATA 52,34
063F:  DATA 54,34
0640:  DATA 00,34
0641:  DATA 00,34
0642:  DATA 4C,34
0643:  DATA 07,34
0644:  DATA C0,34
0645:  DATA 00,34
0646:  DATA 09,34
0647:  DATA 80,34
0648:  DATA 50,34
0649:  DATA 4C,34
064A:  DATA 4F,34
064B:  DATA 43,34
064C:  DATA 4B,34
064D:  DATA 00,34
064E:  DATA 00,34
064F:  DATA 00,34
0650:  DATA 52,34
0651:  DATA 07,34
0652:  DATA C0,34
0653:  DATA 00,34
0654:  DATA 05,34
0655:  DATA 80,34
0656:  DATA 53,34
0657:  DATA 4C,34
0658:  DATA 45,34
0659:  DATA 45,34
065A:  DATA 50,34
065B:  DATA 12,34
065C:  DATA 01,34
065D:  DATA A0,34
065E:  DATA 00,34
065F:  DATA 00,34
0660:  DATA 00,34
0661:  DATA 53,34
0662:  DATA 4C,34
0663:  DATA 4F,34
0664:  DATA 50,34
0665:  DATA 45,34
0666:  DATA 00,34
0667:  DATA 00,34
0668:  DATA 00,34
0669:  DATA 53,34
066A:  DATA 54,34
066B:  DATA 41,34
066C:  DATA 54,34
066D:  DATA 55,34
066E:  DATA 53,34
066F:  DATA 00,34
0670:  DATA 00,34
0671:  MOVLW  05
0672:  MOVWF  05
0673:  MOVLW  EC
0674:  MOVWF  04
0675:  BSF    05.7
0676:  MOVIW  [FSR0++],W
0677:  MOVWF  77
0678:  XORLW  00
0679:  BTFSC  03.2
067A:  GOTO   68B
067B:  MOVIW  [FSR0++],W
067C:  MOVWF  78
067D:  BTFSC  78.7
067E:  GOTO   683
067F:  ANDLW  0F
0680:  MOVWF  07
0681:  MOVIW  [FSR0++],W
0682:  MOVWF  06
0683:  BTFSC  78.6
0684:  MOVIW  [FSR0++],W
0685:  BTFSS  78.6
0686:  MOVIW  [FSR0++],W
0687:  MOVWI  W,[FSR1++]
0688:  DECFSZ 77,F
0689:  GOTO   685
068A:  GOTO   676
.................... {    
....................     disable_Modulos_PIC(); // desabilita todos os modulos do PIC (exceto alguns que eu não estou alterando) 
068B:  MOVLB  00
068C:  CALL   0B2
....................     renable_Modulos_PIC(); // reabilita só os modulos que eu estou utilizando e os configura (chama config_PIC() ; // configura os Módulos, Registradores etc ) 
068D:  CALL   0DE
....................      
....................     unsigned int1 flag_monta_out_buffer= FALSE ;// flag para montar o vetor out_buffer 
068E:  MOVLB  03
068F:  BCF    35.0
....................      
....................     while(TRUE) 
....................     {  
....................             
....................       // delay de leitura do in_buffer I2C 
....................       if(lendo_str_master) {  
0690:  BTFSS  70.0
0691:  GOTO   6B1
....................           set_timer0(0);// timer0 comeca a contar do 0 (incrementando a cada 512us; para um delay de 30ms=512us*N_incrementos => N_incrementos=58.59375~ 59)   
0692:  MOVLB  00
0693:  BTFSC  17.4
0694:  CLRF   16
0695:  CLRF   15
....................           while(get_timer0()<=59){;} // delay de ~30ms 
0696:  MOVF   15,W
0697:  MOVWF  77
0698:  BTFSC  17.4
0699:  MOVF   16,W
069A:  MOVWF  7A
069B:  BTFSS  17.4
069C:  CLRF   7A
069D:  MOVF   77,W
069E:  MOVLB  03
069F:  MOVWF  3A
06A0:  MOVF   7A,W
06A1:  MOVWF  3B
06A2:  MOVF   3B,F
06A3:  BTFSS  03.2
06A4:  GOTO   6AC
06A5:  MOVF   3A,W
06A6:  SUBLW  3B
06A7:  BTFSS  03.0
06A8:  GOTO   6AC
06A9:  MOVLB  00
06AA:  GOTO   696
06AB:  MOVLB  03
....................            
....................           flag_monta_out_buffer= TRUE ; 
06AC:  BSF    35.0
....................           in_buffer[BUF_SIZE]='\0'; // adiciona o caracter nulo para formar a string in_buffer 
06AD:  MOVLB  00
06AE:  CLRF   56
....................            
....................           lendo_str_master= FALSE ;  
06AF:  BCF    70.0
06B0:  MOVLB  03
....................       } // habilita a montagem do vetor out_buffer quando tiver preenchido o buffer de entrada (recebido todo o comando do mestre )get_timer0() >=59 
....................                
....................        
....................       if(flag_monta_out_buffer==TRUE)  
06B1:  BTFSS  35.0
06B2:  GOTO   712
....................       { 
....................             flag_monta_out_buffer=FALSE ;  
06B3:  BCF    35.0
....................             RESET_out_buffers ; // reseta out_buffer, CMD,CMD2 e VALOR 
06B4:  CLRF   36
06B5:  MOVF   36,W
06B6:  SUBLW  28
06B7:  BTFSS  03.0
06B8:  GOTO   6E7
06B9:  MOVLW  37
06BA:  ADDWF  36,W
06BB:  MOVWF  04
06BC:  MOVLW  20
06BD:  MOVWF  05
06BE:  BTFSC  03.0
06BF:  INCF   05,F
06C0:  CLRF   00
06C1:  MOVF   36,W
06C2:  SUBLW  07
06C3:  BTFSS  03.0
06C4:  GOTO   6CD
06C5:  MOVLW  60
06C6:  ADDWF  36,W
06C7:  MOVWF  04
06C8:  MOVLW  20
06C9:  MOVWF  05
06CA:  BTFSC  03.0
06CB:  INCF   05,F
06CC:  CLRF   00
06CD:  MOVF   36,W
06CE:  SUBLW  05
06CF:  BTFSS  03.0
06D0:  GOTO   6D9
06D1:  MOVLW  68
06D2:  ADDWF  36,W
06D3:  MOVWF  04
06D4:  MOVLW  20
06D5:  MOVWF  05
06D6:  BTFSC  03.0
06D7:  INCF   05,F
06D8:  CLRF   00
06D9:  MOVF   36,W
06DA:  SUBLW  1C
06DB:  BTFSS  03.0
06DC:  GOTO   6E5
06DD:  MOVLW  6E
06DE:  ADDWF  36,W
06DF:  MOVWF  04
06E0:  MOVLW  20
06E1:  MOVWF  05
06E2:  BTFSC  03.0
06E3:  INCF   05,F
06E4:  CLRF   00
06E5:  INCF   36,F
06E6:  GOTO   6B5
....................  
....................             int1 parseamento_ok= parsing_in_buffer(in_buffer); 
06E7:  MOVLW  20
06E8:  MOVWF  3B
06E9:  MOVLW  0E
06EA:  MOVWF  3A
06EB:  MOVLB  00
06EC:  GOTO   14F
06ED:  MOVLB  03
06EE:  BCF    35.1
06EF:  BTFSC  78.0
06F0:  BSF    35.1
....................  
....................             if(parseamento_ok) 
06F1:  BTFSS  35.1
06F2:  GOTO   703
....................             { 
....................               int8 cmd_identificado = identifica_comando(CMD) ; 
06F3:  MOVLW  20
06F4:  MOVWF  3B
06F5:  MOVLW  60
06F6:  MOVWF  3A
06F7:  MOVLB  00
06F8:  GOTO   329
06F9:  MOVF   78,W
06FA:  MOVLB  03
06FB:  MOVWF  37
....................               monta_out_buffer(cmd_identificado);  
06FC:  MOVF   37,W
06FD:  MOVWF  3A
06FE:  MOVLP  08
06FF:  MOVLB  00
0700:  GOTO   000
0701:  MOVLP  00
0702:  MOVLB  03
....................             } 
....................  
....................             // fprintf(UART_PIC,"%s", in_buffer) ; 
....................            RESET_in_buffer ; // limpa o in_buffer (deixa limpo  para um proximo comando) 
0703:  CLRF   38
0704:  MOVF   38,W
0705:  SUBLW  28
0706:  BTFSS  03.0
0707:  GOTO   712
0708:  MOVLW  0E
0709:  ADDWF  38,W
070A:  MOVWF  04
070B:  MOVLW  20
070C:  MOVWF  05
070D:  BTFSC  03.0
070E:  INCF   05,F
070F:  CLRF   00
0710:  INCF   38,F
0711:  GOTO   704
....................      
....................       } // fim if flag_monta_out_buffer   
0712:  GOTO   690
....................       
....................     } // fim loop    
.................... } // fim main 
....................  
0713:  GOTO   713
.................... void config_PIC(void)  
.................... {    
....................     
....................     enable_interrupts(INT_SSP); // habilita a interrupcao de uma atividade em MSSP1 (interrupcao da I2C PIC SLAVE)  
*
00E4:  MOVLB  01
00E5:  BSF    11.3
....................     // enable_interrupts(INT_RDA); // habilita a interrupcao recieve data rs232 
....................     enable_interrupts(GLOBAL); // habilita todas as interrupcoes unmasked, que foram habilitadas anteriormente dessa chamada 
00E6:  MOVLW  C0
00E7:  IORWF  0B,F
....................      
....................     i2c_init(I2C_PIC_SLAVE,1); // inicia I2C1 (modo slave)  
00E8:  BSF    0E.0
00E9:  BSF    0E.1
00EA:  MOVLB  04
00EB:  BCF    17.0
00EC:  BCF    17.1
00ED:  BCF    17.3
00EE:  MOVLW  C4
00EF:  MOVWF  12
00F0:  MOVLW  36
00F1:  MOVWF  15
00F2:  BSF    16.0
00F3:  BSF    16.7
....................      
....................     i2c_init( MCP3421_STREAM,1); // inicia I2C2 (MCP3421)  
00F4:  MOVLB  01
00F5:  BSF    0E.4
00F6:  BSF    0E.5
00F7:  MOVLB  04
00F8:  BCF    1F.0
00F9:  BCF    1F.1
00FA:  BCF    1F.3
00FB:  MOVLW  09
00FC:  MOVWF  1A
00FD:  MOVLW  28
00FE:  MOVWF  1D
00FF:  BCF    1C.7
0100:  BCF    1C.6
....................     adc_init(MCP3421_ADDRESS);// envia a configuração inicial para o MCP3421 
0101:  MOVLB  03
0102:  CLRF   3C
....................      
....................   
....................    FVREN=1 ; // Fixed Voltage Reference is enabled   
*
0118:  MOVLB  02
0119:  BSF    17.7
.................... // TSEN=1 ; // Temperature Indicator is enabled 
.................... // TSRNG= 0 ;  
....................           
....................  /*Configuracao do ADC do PIC*/ 
....................     // ADFVR<1:0> = ADC FVR Buffer Gain is 2x, (2.048V)( Tensão de referência do ADC) 
....................     ADFVR_bit1= 1 ; 
011A:  BSF    17.1
....................     ADFVR_bit0= 0 ; 
011B:  BCF    17.0
....................      
....................     setup_adc(ADC_CLOCK_INTERNAL) ; // clock do adc é Fosc=16MHz/4 
011C:  MOVLB  01
011D:  BSF    1E.4
011E:  BSF    1E.5
011F:  BCF    1E.6
0120:  BSF    1E.7
0121:  BSF    1D.0
....................     setup_adc_ports(sAN2); // pino A2 definido como entrada analógica ; usa o canal conectado ao Vdd da placa    */  
0122:  BCF    1E.0
0123:  BCF    1E.1
0124:  BCF    1E.2
0125:  MOVLW  04
0126:  MOVLB  03
0127:  MOVWF  0C
0128:  MOVLW  00
0129:  MOVWF  0E
....................     set_adc_channel(2) ; // definindo de qual canal o ADC fará a leitura ( pino A2 está no canal 2 do ADC) 
012A:  MOVLW  08
012B:  MOVWF  78
012C:  MOVLB  01
012D:  MOVF   1D,W
012E:  ANDLW  03
012F:  IORWF  78,W
0130:  MOVWF  1D
....................     setup_adc_reference(VSS_FVR); // Range 0-Fixed Voltage Reference(FVR) (0-2.048) 
0131:  BSF    1E.0
0132:  BSF    1E.1
0133:  BCF    1E.2
....................     // set_adc_channel(TEMPERATURE_INDICATOR); // usa o canal interno para medir Vout  
....................       //set_adc_channel(FVR_CHANNEL); // usa o canal interno para medir FVR     
....................    // setup_uart(TRUE,UART_PIC); // inicia a UART 
....................          
....................      
....................     /* Configuracao e uso do DAC 
....................  //setup_dac(DAC_VSS_VDD | DAC_OUTPUT);                // setup conversor digital para analógico (5 bits) 
....................    //dac_write(4);//(5/31)*4 V                                    // Write DAC value 0-31 (5 bits)/*            
....................     */ 
....................              
....................     /*Cálculo de parametros associados a interrupcao de TMR0(por overflow) 
....................     FCLK- frequência do clock que o pic utiliza ; Neste caso FCLK= internal=16MHZ 
....................     Fout? The output frequency after the division.  
....................     Tout ? The Cycle Time after the division. (periodo da interrupcao) 
....................     4 - The division of the original clock (4 MHz) by 4, when using internal crystal as clock (and not external oscillator).  
....................     Count - A numeric value to be placed to obtain the desired output frequency - Fout. (fator necessário para ajustar Tout/Fout desejado) 
....................     (256 - TMR0) - The number of times in the timer will count based on the register TMR0. (Ajusta até onde o timer iira contar) 
....................      // 256 usando o timer no modo 8 bits, ou T0_16_BIT 
....................       
....................      // Fout= FCLK/(4*Prescaler*(2^8-TMR0)*Count); // modo 8 bits 
....................      // Fout= FCLK/(4*Prescaler*(2^16-TMR0)*Count); // modo 16 bits 
....................    
....................       
....................      Para: 
....................      TMR0=0; //valor inicial 
....................      FCLK= internal=16MHZ 
....................      tempo_TMR0_incremento=1/(FCLK/(4*Prescaler) ) =>  // tempo_TMR0_incremento= (Prescaler/4)us 
....................      TMR0(max modo 16 bits)=2^16 -1 (16bits) ( 2^16 incrementos para o overflow=>TMR0=0 
....................       
....................      */ 
....................     setup_timer_0(T0_INTERNAL|T0_DIV_2048| T0_16_BIT); //TMR0 incrementa a cada 512us 
0134:  MOVLW  90
0135:  MOVLB  00
0136:  MOVWF  17
0137:  MOVLW  4B
0138:  MOVWF  18
....................      
.................... TRISA1=0; // configura o pino do led como saída 
0139:  MOVLB  01
013A:  BCF    0C.1
.................... LATA1=0; // led A1 comeca desligado 
013B:  MOVLB  02
013C:  BCF    0C.1
....................  
....................  RESET_in_buffer ; 
013D:  MOVLB  03
013E:  CLRF   3B
013F:  MOVF   3B,W
0140:  SUBLW  28
0141:  BTFSS  03.0
0142:  GOTO   14D
0143:  MOVLW  0E
0144:  ADDWF  3B,W
0145:  MOVWF  04
0146:  MOVLW  20
0147:  MOVWF  05
0148:  BTFSC  03.0
0149:  INCF   05,F
014A:  CLRF   00
014B:  INCF   3B,F
014C:  GOTO   13F
.................... } 
....................  
.................... void disable_Modulos_PIC(void){ 
....................  
.................... // REGISTRADORES PARA DESABILITAR\HABILITAR OS MÓDULOS DO PIC ( all modules are ON by default following any Reset.) : (CAP 14 datasheet) 
.................... /* bits : 
.................... 1 = module disabled 
.................... 0 = module enabled */ 
....................      
.................... // PMD0 bits 
....................   
.................... // SYSCMD = 1; // 1 = System Clock network disabled (a.k.a. FOSC) See description in Section 14.3 ?System Clock Disable?. 
.................... FVRMD = 1 ; // 1 = FVR module disable 
*
00B2:  MOVLB  12
00B3:  BSF    11.6
.................... NVMMD = 1 ; //1 = Data EEPROM (a.k.a. user memory, EEPROM) reading and writing is disabled; NVMCON registers cannot be written; FSR access to EEPROM returns zero. //0 = NVM module enabled 
00B4:  BSF    11.2
.................... // CLKRMD = 1 ; //  Disable Clock Reference CLKR bit 
.................... // IOCMD = 1 ;// 1 = IOC module(s) disabled ; 0 = IOC module(s) enabled ; Disable Interrupt-on-Change bit, All Ports 
.................... // Note 1: When enabling NVM, a delay of up to 1 ?s may be required before accessing data. 
.................... //////////////////////////////////////////////////////// 
....................  
.................... // PMD1 bits 
....................  
.................... // NCOMD = 1;  //bit 7 NCOMD: Disable Numerically Control Oscillator bit 
.................... //TMR6MD=  1  ; //bit 6 TMR6MD: Disable Timer TMR6 bit 
.................... //TMR5MD = 1 ; //bit 5 TMR5MD: Disable Timer TMR5 bit 
.................... //TMR4MD = 1 ; //bit 4 TMR4MD: Disable Timer TMR4 bit 
.................... //TMR3MD = 1 ;  //bit 3 TMR3MD: Disable Timer TMR3 bit 
.................... //TMR2MD = 1 ; //bit 2 TMR2MD: Disable Timer TMR2 bit 
.................... //TMR1MD = 1 ; //bit 1 TMR1MD: Disable Timer TMR1 bit 
.................... TMR0MD = 1 ; //bit 0 TMR0MD: Disable Timer TMR0 bit 
00B5:  BSF    12.0
....................  
.................... //bits PMD2: 
....................  
.................... DACMD = 1 ;  //bit 6 DACMD: Disable DAC bit 
00B6:  BSF    13.6
.................... ADCMD = 1 ;  //bit 5 ADCMD: Disable ADC bit 
00B7:  BSF    13.5
.................... CMP2MD = 1 ; //bit 2 CMP2MD: Disable Comparator C2 bit 
00B8:  BSF    13.2
.................... CMP1MD = 1 ; //bit 1 CMP1MD: Disable Comparator C1 bit 
00B9:  BSF    13.1
....................  
.................... /* bits PMD3:*/ 
....................  
.................... CWG2MD = 1 ;    //bit 7 CWG2MD: Disable CWG2 bit 
00BA:  BSF    14.7
.................... CWG1MD = 1 ;   //bit 6 CWG1MD: Disable CWG1 bit 
00BB:  BSF    14.6
.................... PWM6MD = 1 ;     //bit 5 PWM6MD: Disable PWM6 bit 
00BC:  BSF    14.5
.................... PWM5MD = 1 ;    //bit 4 PWM5MD: Disable PWM5 bit 
00BD:  BSF    14.4
.................... CCP4MD = 1 ;     //bit 3 CCP4MD: Disable CCP4 bit 
00BE:  BSF    14.3
.................... CCP3MD = 1 ;    //bit 2 CCP3MD: Disable CCP3 bit 
00BF:  BSF    14.2
.................... CCP2MD = 1 ;     //bit 1 CCP2MD: Disable CCP2 bit 
00C0:  BSF    14.1
.................... CCP1MD = 1 ;     //bit 0 CCP1MD: Disable CCP1 bit 
00C1:  BSF    14.0
....................  
.................... /* bits PMD4:*/ 
....................  
.................... //UART1MD = 1 ;   //bit 5 UART1MD: Disable EUSART1 bit 
.................... //MSSP2MD = 1 ;   //bit 2 MSSP2MD: Disable MSSP2 bit 
.................... //MSSP1MD = 1 ;   //bit 1 MSSP1MD: Disable MSSP1 bit 
....................  
.................... /* bits PMD5: */ 
....................  
.................... CLC4MD = 1 ;   //bit 4 CLC4MD: Disable CLC4 bit 
00C2:  BSF    16.4
.................... CLC3MD = 1 ;   //bit 3 CLC3MD: Disable CLC3 bit 
00C3:  BSF    16.3
.................... CLC2MD = 1 ;    //bit 2 CLC2MD: Disable CLC2 bit 
00C4:  BSF    16.2
.................... CLC1MD = 1 ;     //bit 1 CLC1MD: Disable CLC1 bit 
00C5:  BSF    16.1
.................... DSMMD  = 1 ;     //bit 0 DSMMD: Disable Data Signal Modulator bit 
00C6:  BSF    16.0
00C7:  MOVLB  00
00C8:  RETURN
....................  
.................... } 
....................  
.................... void renable_Modulos_PIC(void) { 
....................  
.................... // REGISTRADORES PARA DESABILITAR\HABILITAR OS MÓDULOS DO PIC ( all modules are ON by default following any Reset.) : (CAP 14 datasheet) 
.................... /* bits : 
.................... 1 = module disabled 
.................... 0 = module enabled */ 
....................      
.................... // PMD0 bits 
....................   
.................... // SYSCMD = 1; // 1 = System Clock network disabled (a.k.a. FOSC) See description in Section 14.3 ?System Clock Disable?. 
.................... FVRMD = 0 ; // 1 = FVR module disable 
*
00DE:  MOVLB  12
00DF:  BCF    11.6
.................... NVMMD = 0 ; //1 = Data EEPROM (a.k.a. user memory, EEPROM) reading and writing is disabled; NVMCON registers cannot be written; FSR access to EEPROM returns zero. //0 = NVM module enabled 
00E0:  BCF    11.2
.................... // CLKRMD = 0 ; //  Disable Clock Reference CLKR bit 
.................... // IOCMD = 0 ;// 1 = IOC module(s) disabled ; 0 = IOC module(s) enabled ; Disable Interrupt-on-Change bit, All Ports 
.................... // Note 1: When enabling NVM, a delay of up to 1 ?s may be required before accessing data. 
.................... //////////////////////////////////////////////////////// 
....................  
.................... // PMD1 bits 
....................  
.................... // NCOMD = 1;  //bit 7 NCOMD: Disable Numerically Control Oscillator bit 
.................... //TMR6MD=  0  ; //bit 6 TMR6MD: Disable Timer TMR6 bit 
.................... //TMR5MD = 0 ; //bit 5 TMR5MD: Disable Timer TMR5 bit 
.................... //TMR4MD = 0 ; //bit 4 TMR4MD: Disable Timer TMR4 bit 
.................... //TMR3MD = 0 ;  //bit 3 TMR3MD: Disable Timer TMR3 bit 
.................... //TMR2MD = 0 ; //bit 2 TMR2MD: Disable Timer TMR2 bit 
.................... //TMR1MD = 0 ; //bit 1 TMR1MD: Disable Timer TMR1 bit 
.................... TMR0MD = 0 ; //bit 0 TMR0MD: Disable Timer TMR0 bit 
00E1:  BCF    12.0
....................  
.................... //bits PMD2: 
....................  
.................... DACMD = 0 ;  //bit 6 DACMD: Disable DAC bit 
00E2:  BCF    13.6
.................... ADCMD = 0 ;  //bit 5 ADCMD: Disable ADC bit 
00E3:  BCF    13.5
.................... //CMP2MD = 0 ; //bit 2 CMP2MD: Disable Comparator C2 bit 
.................... //CMP1MD = 0 ; //bit 1 CMP1MD: Disable Comparator C1 bit 
....................  
.................... /* bits PMD3:*/ 
....................  
.................... //CWG2MD = 0 ;    //bit 7 CWG2MD: Disable CWG2 bit 
.................... //CWG1MD = 0 ;   //bit 6 CWG1MD: Disable CWG1 bit 
.................... //PWM6MD = 0 ;     //bit 5 PWM6MD: Disable PWM6 bit 
.................... //PWM5MD = 0 ;    //bit 4 PWM5MD: Disable PWM5 bit 
.................... //CCP4MD = 0 ;     //bit 3 CCP4MD: Disable CCP4 bit 
.................... //CCP3MD = 0 ;    //bit 2 CCP3MD: Disable CCP3 bit 
.................... //CCP2MD = 0 ;     //bit 1 CCP2MD: Disable CCP2 bit 
.................... //CCP1MD = 0 ;     //bit 0 CCP1MD: Disable CCP1 bit 
....................  
.................... /* bits PMD4:*/ 
....................  
.................... //UART1MD = 0 ;   //bit 5 UART1MD: Disable EUSART1 bit 
.................... //MSSP2MD = 0 ;   //bit 2 MSSP2MD: Disable MSSP2 bit 
.................... //MSSP1MD = 0 ;   //bit 1 MSSP1MD: Disable MSSP1 bit 
....................  
.................... /* bits PMD5: */ 
....................  
.................... //CLC4MD = 0 ;   //bit 4 CLC4MD: Disable CLC4 bit 
.................... //CLC3MD = 0 ;   //bit 3 CLC3MD: Disable CLC3 bit 
.................... //CLC2MD = 0 ;    //bit 2 CLC2MD: Disable CLC2 bit 
.................... //CLC1MD = 0 ;     //bit 1 CLC1MD: Disable CLC1 bit 
.................... //DSMMD  = 0 ;     //bit 0 DSMMD: Disable Data Signal Modulator bit 
....................  
.................... config_PIC() ; // quando os modulos são reabilitados ( após um disable)  todos os registradores associados ao modulo estão com valores do estado de reset POR, e dessa forma deve-se configurar o PIC novamente (dependendo do modulo tem que usar novamente as diretivas tbm (Ex #usei2c, caso i2c seja reabilitado)) 
*
014D:  MOVLB  00
014E:  RETURN
....................  
.................... } 
....................  
.................... int1 parsing_in_buffer(char *rcv_buffer) { 
014F:  MOVLB  03
0150:  CLRF   3C
....................     
....................  unsigned int8 num_separadores=0; 
....................  unsigned int8 index_separador_1 ; 
....................  unsigned int8 index_separador_2 ; 
....................  const char separador=','; 
....................   
....................  for( int i=0; rcv_buffer[i]!='\0'; i++) {  
0151:  CLRF   3F
0152:  MOVF   3F,W
0153:  ADDWF  3A,W
0154:  MOVWF  04
0155:  MOVLW  00
0156:  ADDWFC 3B,W
0157:  MOVWF  05
0158:  MOVF   00,F
0159:  BTFSC  03.2
015A:  GOTO   1B5
....................      rcv_buffer[i]=toupper(rcv_buffer[i]) ; /*coloca todo os caracteres 
015B:  MOVF   3F,W
015C:  ADDWF  3A,W
015D:  MOVWF  78
015E:  MOVLW  00
015F:  ADDWFC 3B,W
0160:  MOVWF  7A
0161:  MOVF   78,W
0162:  MOVWF  43
0163:  MOVF   7A,W
0164:  MOVWF  44
0165:  MOVF   3F,W
0166:  ADDWF  3A,W
0167:  MOVWF  04
0168:  MOVLW  00
0169:  ADDWFC 3B,W
016A:  MOVWF  05
016B:  MOVF   00,W
016C:  MOVWF  45
016D:  SUBLW  60
016E:  BTFSC  03.0
016F:  GOTO   177
0170:  MOVF   45,W
0171:  SUBLW  7A
0172:  BTFSS  03.0
0173:  GOTO   177
0174:  MOVF   45,W
0175:  ANDLW  DF
0176:  GOTO   178
0177:  MOVF   45,W
0178:  MOVWF  45
0179:  MOVF   44,W
017A:  MOVWF  05
017B:  MOVF   43,W
017C:  MOVWF  04
017D:  MOVF   45,W
017E:  MOVWF  00
....................  de in_buffer pra maiusculo para que o usuario possa mandar comandos com caracteres minusculos e/ou maiusculos*/  
....................     if(rcv_buffer[i]==separador) { 
017F:  MOVF   3F,W
0180:  ADDWF  3A,W
0181:  MOVWF  04
0182:  MOVLW  00
0183:  ADDWFC 3B,W
0184:  MOVWF  05
0185:  MOVF   00,W
0186:  MOVWF  43
0187:  MOVLW  3F
0188:  MOVLB  11
0189:  MOVWF  12
018A:  MOVLW  8F
018B:  MOVWF  11
018C:  MOVLW  21
018D:  MOVWF  05
018E:  MOVLW  14
018F:  MOVWF  04
0190:  MOVLW  01
0191:  MOVLB  03
0192:  MOVWF  46
*
01A3:  MOVLB  03
01A4:  MOVF   44,W
01A5:  SUBWF  43,W
01A6:  BTFSS  03.2
01A7:  GOTO   1B3
....................         num_separadores++;  // conta o numero de separadores do comando enviado para o pic 
01A8:  INCF   3C,F
....................         // guarda o indice de onde ocorrem os separadores 
....................         if(num_separadores==1) index_separador_1=i; 
01A9:  DECFSZ 3C,W
01AA:  GOTO   1AD
01AB:  MOVF   3F,W
01AC:  MOVWF  3D
....................         if(num_separadores==2) index_separador_2=i; 
01AD:  MOVF   3C,W
01AE:  SUBLW  02
01AF:  BTFSS  03.2
01B0:  GOTO   1B3
01B1:  MOVF   3F,W
01B2:  MOVWF  3E
....................           }      
01B3:  INCF   3F,F
01B4:  GOTO   152
....................  } 
....................   
....................  
....................  switch(num_separadores){ 
01B5:  MOVF   3C,W
01B6:  XORLW  00
01B7:  MOVLB  00
01B8:  BTFSC  03.2
01B9:  GOTO   1C1
01BA:  XORLW  01
01BB:  BTFSC  03.2
01BC:  GOTO   1EB
01BD:  XORLW  03
01BE:  BTFSC  03.2
01BF:  GOTO   24B
01C0:  GOTO   2DD
....................      case 0:  // não tem separador=> CMD= in_buffer 
....................            int i ; 
....................            for( i=0; i<=LEN_MAX_CMD; i++) CMD[i]= rcv_buffer[i] ;     
01C1:  MOVLB  03
01C2:  CLRF   40
01C3:  MOVF   40,W
01C4:  SUBLW  07
01C5:  BTFSS  03.0
01C6:  GOTO   1E2
01C7:  MOVLW  60
01C8:  ADDWF  40,W
01C9:  MOVWF  78
01CA:  MOVLW  20
01CB:  MOVWF  7A
01CC:  BTFSC  03.0
01CD:  INCF   7A,F
01CE:  MOVF   78,W
01CF:  MOVWF  43
01D0:  MOVF   7A,W
01D1:  MOVWF  44
01D2:  MOVF   40,W
01D3:  ADDWF  3A,W
01D4:  MOVWF  04
01D5:  MOVLW  00
01D6:  ADDWFC 3B,W
01D7:  MOVWF  05
01D8:  MOVF   00,W
01D9:  MOVWF  45
01DA:  MOVF   44,W
01DB:  MOVWF  05
01DC:  MOVF   43,W
01DD:  MOVWF  04
01DE:  MOVF   45,W
01DF:  MOVWF  00
01E0:  INCF   40,F
01E1:  GOTO   1C3
....................            CMD[i]='\0'; 
01E2:  MOVLW  60
01E3:  ADDWF  40,W
01E4:  MOVWF  04
01E5:  MOVLW  20
01E6:  MOVWF  05
01E7:  BTFSC  03.0
01E8:  INCF   05,F
01E9:  CLRF   00
....................            break;   
01EA:  GOTO   2E3
....................      case 1: // só tem um separadores => comando é da forma CMD,VALOR 
....................             { 
....................               int i ; 
....................               for( i=0; rcv_buffer[i]!='\0'; i++) { 
01EB:  MOVLB  03
01EC:  CLRF   41
01ED:  MOVF   41,W
01EE:  ADDWF  3A,W
01EF:  MOVWF  04
01F0:  MOVLW  00
01F1:  ADDWFC 3B,W
01F2:  MOVWF  05
01F3:  MOVF   00,F
01F4:  BTFSC  03.2
01F5:  GOTO   240
....................                   if(i<index_separador_1) CMD[i]= rcv_buffer[i] ; 
01F6:  MOVF   3D,W
01F7:  SUBWF  41,W
01F8:  BTFSC  03.0
01F9:  GOTO   213
01FA:  MOVLW  60
01FB:  ADDWF  41,W
01FC:  MOVWF  78
01FD:  MOVLW  20
01FE:  MOVWF  7A
01FF:  BTFSC  03.0
0200:  INCF   7A,F
0201:  MOVF   78,W
0202:  MOVWF  43
0203:  MOVF   7A,W
0204:  MOVWF  44
0205:  MOVF   41,W
0206:  ADDWF  3A,W
0207:  MOVWF  04
0208:  MOVLW  00
0209:  ADDWFC 3B,W
020A:  MOVWF  05
020B:  MOVF   00,W
020C:  MOVWF  45
020D:  MOVF   44,W
020E:  MOVWF  05
020F:  MOVF   43,W
0210:  MOVWF  04
0211:  MOVF   45,W
0212:  MOVWF  00
....................                   if(i==index_separador_1) CMD[i]='\0'; 
0213:  MOVF   3D,W
0214:  SUBWF  41,W
0215:  BTFSS  03.2
0216:  GOTO   21F
0217:  MOVLW  60
0218:  ADDWF  41,W
0219:  MOVWF  04
021A:  MOVLW  20
021B:  MOVWF  05
021C:  BTFSC  03.0
021D:  INCF   05,F
021E:  CLRF   00
....................                   if(i>index_separador_1) VALOR[i-(index_separador_1 +1)]= rcv_buffer[i] ; 
021F:  MOVF   41,W
0220:  SUBWF  3D,W
0221:  BTFSC  03.0
0222:  GOTO   23E
0223:  MOVLW  01
0224:  ADDWF  3D,W
0225:  SUBWF  41,W
0226:  ADDLW  6E
0227:  MOVWF  78
0228:  MOVLW  20
0229:  MOVWF  7A
022A:  BTFSC  03.0
022B:  INCF   7A,F
022C:  MOVF   78,W
022D:  MOVWF  43
022E:  MOVF   7A,W
022F:  MOVWF  44
0230:  MOVF   41,W
0231:  ADDWF  3A,W
0232:  MOVWF  04
0233:  MOVLW  00
0234:  ADDWFC 3B,W
0235:  MOVWF  05
0236:  MOVF   00,W
0237:  MOVWF  45
0238:  MOVF   44,W
0239:  MOVWF  05
023A:  MOVF   43,W
023B:  MOVWF  04
023C:  MOVF   45,W
023D:  MOVWF  00
023E:  INCF   41,F
023F:  GOTO   1ED
....................                        } 
....................               VALOR[i-(index_separador_1 +1)]= '\0' ; 
0240:  MOVLW  01
0241:  ADDWF  3D,W
0242:  SUBWF  41,W
0243:  ADDLW  6E
0244:  MOVWF  04
0245:  MOVLW  20
0246:  MOVWF  05
0247:  BTFSC  03.0
0248:  INCF   05,F
0249:  CLRF   00
....................               } 
....................          break;  
024A:  GOTO   2E3
....................      case 2: // tem dois  separadores => comando é da forma CMD,CMD2,VALOR 
....................             { 
....................              int i ; 
....................              for( i=0; rcv_buffer[i]!='\0'; i++) { 
024B:  MOVLB  03
024C:  CLRF   42
024D:  MOVF   42,W
024E:  ADDWF  3A,W
024F:  MOVWF  04
0250:  MOVLW  00
0251:  ADDWFC 3B,W
0252:  MOVWF  05
0253:  MOVF   00,F
0254:  BTFSC  03.2
0255:  GOTO   2D1
....................                          if(i<index_separador_1) CMD[i]= rcv_buffer[i] ; 
0256:  MOVF   3D,W
0257:  SUBWF  42,W
0258:  BTFSC  03.0
0259:  GOTO   273
025A:  MOVLW  60
025B:  ADDWF  42,W
025C:  MOVWF  78
025D:  MOVLW  20
025E:  MOVWF  7A
025F:  BTFSC  03.0
0260:  INCF   7A,F
0261:  MOVF   78,W
0262:  MOVWF  43
0263:  MOVF   7A,W
0264:  MOVWF  44
0265:  MOVF   42,W
0266:  ADDWF  3A,W
0267:  MOVWF  04
0268:  MOVLW  00
0269:  ADDWFC 3B,W
026A:  MOVWF  05
026B:  MOVF   00,W
026C:  MOVWF  45
026D:  MOVF   44,W
026E:  MOVWF  05
026F:  MOVF   43,W
0270:  MOVWF  04
0271:  MOVF   45,W
0272:  MOVWF  00
....................                          if(i==index_separador_1) CMD[i]='\0'; 
0273:  MOVF   3D,W
0274:  SUBWF  42,W
0275:  BTFSS  03.2
0276:  GOTO   27F
0277:  MOVLW  60
0278:  ADDWF  42,W
0279:  MOVWF  04
027A:  MOVLW  20
027B:  MOVWF  05
027C:  BTFSC  03.0
027D:  INCF   05,F
027E:  CLRF   00
....................                          if((i>index_separador_1)&&(i<index_separador_2)) CMD2[i-(index_separador_1 +1)]= rcv_buffer[i]; 
027F:  MOVF   42,W
0280:  SUBWF  3D,W
0281:  BTFSC  03.0
0282:  GOTO   2A2
0283:  MOVF   3E,W
0284:  SUBWF  42,W
0285:  BTFSC  03.0
0286:  GOTO   2A2
0287:  MOVLW  01
0288:  ADDWF  3D,W
0289:  SUBWF  42,W
028A:  ADDLW  68
028B:  MOVWF  78
028C:  MOVLW  20
028D:  MOVWF  7A
028E:  BTFSC  03.0
028F:  INCF   7A,F
0290:  MOVF   78,W
0291:  MOVWF  43
0292:  MOVF   7A,W
0293:  MOVWF  44
0294:  MOVF   42,W
0295:  ADDWF  3A,W
0296:  MOVWF  04
0297:  MOVLW  00
0298:  ADDWFC 3B,W
0299:  MOVWF  05
029A:  MOVF   00,W
029B:  MOVWF  45
029C:  MOVF   44,W
029D:  MOVWF  05
029E:  MOVF   43,W
029F:  MOVWF  04
02A0:  MOVF   45,W
02A1:  MOVWF  00
....................                          if(i==index_separador_2) CMD2[i-(index_separador_1 +1)]='\0';  
02A2:  MOVF   3E,W
02A3:  SUBWF  42,W
02A4:  BTFSS  03.2
02A5:  GOTO   2B0
02A6:  MOVLW  01
02A7:  ADDWF  3D,W
02A8:  SUBWF  42,W
02A9:  ADDLW  68
02AA:  MOVWF  04
02AB:  MOVLW  20
02AC:  MOVWF  05
02AD:  BTFSC  03.0
02AE:  INCF   05,F
02AF:  CLRF   00
....................                          if(i>index_separador_2) VALOR[i-(index_separador_2 +1)]= rcv_buffer[i] ;     
02B0:  MOVF   42,W
02B1:  SUBWF  3E,W
02B2:  BTFSC  03.0
02B3:  GOTO   2CF
02B4:  MOVLW  01
02B5:  ADDWF  3E,W
02B6:  SUBWF  42,W
02B7:  ADDLW  6E
02B8:  MOVWF  78
02B9:  MOVLW  20
02BA:  MOVWF  7A
02BB:  BTFSC  03.0
02BC:  INCF   7A,F
02BD:  MOVF   78,W
02BE:  MOVWF  43
02BF:  MOVF   7A,W
02C0:  MOVWF  44
02C1:  MOVF   42,W
02C2:  ADDWF  3A,W
02C3:  MOVWF  04
02C4:  MOVLW  00
02C5:  ADDWFC 3B,W
02C6:  MOVWF  05
02C7:  MOVF   00,W
02C8:  MOVWF  45
02C9:  MOVF   44,W
02CA:  MOVWF  05
02CB:  MOVF   43,W
02CC:  MOVWF  04
02CD:  MOVF   45,W
02CE:  MOVWF  00
02CF:  INCF   42,F
02D0:  GOTO   24D
....................                     } 
....................              VALOR[i-(index_separador_2 +1) ]= '\0' ; 
02D1:  MOVLW  01
02D2:  ADDWF  3E,W
02D3:  SUBWF  42,W
02D4:  ADDLW  6E
02D5:  MOVWF  04
02D6:  MOVLW  20
02D7:  MOVWF  05
02D8:  BTFSC  03.0
02D9:  INCF   05,F
02DA:  CLRF   00
....................          } 
....................          break;       
02DB:  GOTO   2E3
02DC:  MOVLB  00
....................      default: // o comando não é de nenhuma forma esperada=> erro de sintaxe 
....................          out_buffer[0]= 2; // 2 sintax error  "Excesso de separador" 
02DD:  MOVLW  02
02DE:  MOVWF  57
....................          return FALSE ; // erro de sintaxe durante o parseamento (número inesperado de separadores) 
02DF:  MOVLW  00
02E0:  MOVWF  78
02E1:  GOTO   2E6
....................          break; 
02E2:  MOVLB  03
....................  } 
....................   
....................  return TRUE ; // caso o parseamento ocorra com sucesso (sem erro de sintaxe em relação a separação (não detecta se os argumentos dos comandos são corretos, somente a forma do comando)) 
02E3:  MOVLW  01
02E4:  MOVWF  78
02E5:  MOVLB  00
02E6:  MOVLP  00
02E7:  GOTO   6ED (RETURN)
....................  //#endif 
....................  
.................... } 
....................  
....................  
.................... int8 identifica_comando( char * comando) { 
.................... /*Identiicacao de qual comando foi recebido pelo PIC*/ 
.................... for( int8 cmd= cmd_err; cmd<=cmd_Status ; cmd++ ) { // varre do primeiro comando ao ultimo da lista 
*
0329:  MOVLB  03
032A:  CLRF   3C
032B:  MOVF   3C,W
032C:  SUBLW  0E
032D:  BTFSS  03.0
032E:  GOTO   355
....................   if ( strcmp(comando, lista_comandos[cmd] )== 0 ){ return cmd ;   } 
032F:  RLF    3C,W
0330:  MOVWF  77
0331:  RLF    77,F
0332:  RLF    77,F
0333:  MOVLW  F8
0334:  ANDWF  77,F
0335:  MOVF   77,W
0336:  ADDLW  8B
0337:  MOVWF  78
0338:  MOVLW  20
0339:  MOVWF  7A
033A:  BTFSC  03.0
033B:  INCF   7A,F
033C:  MOVF   78,W
033D:  MOVWF  3E
033E:  MOVF   7A,W
033F:  MOVWF  3F
0340:  MOVF   3B,W
0341:  MOVWF  41
0342:  MOVF   3A,W
0343:  MOVWF  40
0344:  MOVF   3F,W
0345:  MOVWF  43
0346:  MOVF   3E,W
0347:  MOVWF  42
0348:  MOVLB  00
0349:  CALL   2E8
034A:  MOVF   78,F
034B:  BTFSS  03.2
034C:  GOTO   352
034D:  MOVLB  03
034E:  MOVF   3C,W
034F:  MOVWF  78
0350:  GOTO   357
0351:  MOVLB  00
0352:  MOVLB  03
0353:  INCF   3C,F
0354:  GOTO   32B
.................... } 
....................  // comando invalido, já que o comando não esta na lista_de_comandos   
....................    return cmd_Err ;    
0355:  MOVLW  00
0356:  MOVWF  78
0357:  MOVLP  00
0358:  MOVLB  00
0359:  GOTO   6F9 (RETURN)
....................  } 
....................  
....................  
.................... void monta_out_buffer( int8 num_comando) { 
....................   
....................   // Os comandos podem ser(ou qualquer outro acrescentado em lista_comandos[] e em enum comandos): cmd_err, cmd_Baud ,cmd_Cal, cmd_Export, cmd_Factory, cmd_Find, cmd_i, cmd_I2c, cmd_Import, cmd_L, cmd_Plock, cmd_R, cmd_Sleep, cmd_Slope,cmd_Status, cmd_T, cmd_RT 
....................    switch(num_comando) { 
*
0800:  MOVLB  03
0801:  MOVF   3A,W
0802:  ADDLW  F1
0803:  BTFSC  03.0
0804:  GOTO   473
0805:  ADDLW  0F
0806:  MOVLB  00
0807:  GOTO   476
....................       
....................        case cmd_Baud: 
....................             
....................            break; 
0808:  MOVLB  03
0809:  GOTO   473
....................             
....................        case cmd_Cal: 
....................               
....................            break; 
080A:  MOVLB  03
080B:  GOTO   473
....................        case cmd_i: 
....................                  ANPH_i(); 
....................            break;    
*
082F:  MOVLB  03
0830:  GOTO   473
....................        case cmd_R: 
....................                   ANPH_R();// retorna uma única leitura do valor de ph (%.2f)  
....................            break;    
*
0997:  MOVLB  03
0998:  GOTO   473
....................        case cmd_Find: 
....................                   ANPH_FIND(); //Find: LED rapidly blinks white, used to help find device 
....................            break ;  
*
09D5:  MOVLB  03
09D6:  GOTO   473
....................        case cmd_L: 
....................                   ANPH_L(); // LED CONTROL 
....................            break; 
*
0AB7:  MOVLB  03
0AB8:  GOTO   473
....................        case cmd_Status: 
....................                  ANPH_STATUS(); // 
....................            break; 
*
0C40:  MOVLB  03
0C41:  GOTO   473
....................        case cmd_Sleep:    
....................                       ANPH_SLEEP(); 
....................            break; 
*
0C6C:  MOVLB  03
0C6D:  GOTO   473
....................        case cmd_err:  
....................                     out_buffer[0]= 2; // 2 sintax error "Comando invalido" 
0C6E:  MOVLW  02
0C6F:  MOVWF  57
....................            break; 
0C70:  MOVLB  03
0C71:  GOTO   473
0C72:  MOVLB  03
....................    }        
0C73:  MOVLP  00
0C74:  MOVLB  00
0C75:  GOTO   701 (RETURN)
....................         
.................... } 
....................  
....................  
.................... // Implementações de cada comando 
.................... int1 isStr_float(char *str_teste)  { 
....................      
....................     int8 num_ponto=0; 
....................     int8 num_sinal_menos=0; 
....................      
.................... // retorna TRUE se a str for uma string float válida(número ponto flutuante positivo ou negativo Ex: 323.124, -2.32, 0.533, .32 ,-.32) ou FALSE caso contrário 
....................     for(int i=0; str_teste[i]!='\0'; i++){ 
....................  
....................         if(i==0){ // o primeiro caracter pode ser digito(0-9) ou '-' 
....................             if (isdigit(str_teste[0])||(str_teste[0]=='-') )  { 
....................                  if(str_teste[0]=='-') num_sinal_menos++; 
....................                  continue;  
....................             } 
....................             else return FALSE; //caracter não válido 
....................         } 
....................         else{ 
....................             if ((isdigit(str_teste[i])==TRUE)||(str_teste[i]=='.')||(str_teste[i]=='-') ) { 
....................             
....................                      if(str_teste[i]=='.') {num_ponto++; if(num_ponto>1) return FALSE; } // só pode ter um ponto 
....................                      if(str_teste[i]=='-') return FALSE; //o sinal de menos só pode ocorrer se i=0 
....................                      if(str_teste[strlen(str_teste)-1]=='.') return FALSE; // o ultimo caracter não nulo não pode ser '.' 
....................                      if (isdigit(str_teste[i]) ) continue ;  
....................                   }     
....................             else return FALSE; //caracter não válido 
....................         } 
....................     } 
....................  return TRUE;       
.................... } 
....................  
.................... float32 get_orp_value_mV(void) { 
*
084F:  MOVLB  03
0850:  CLRF   40
*
094D:  MOVF   7A,W
094E:  MOVWF  43
094F:  MOVF   79,W
0950:  MOVWF  42
0951:  MOVF   78,W
0952:  MOVWF  41
0953:  MOVF   77,W
0954:  MOVWF  40
0955:  MOVF   43,W
0956:  MOVWF  53
0957:  MOVF   42,W
0958:  MOVWF  52
0959:  MOVF   41,W
095A:  MOVWF  51
095B:  MOVF   40,W
095C:  MOVWF  50
095D:  CLRF   57
095E:  CLRF   56
095F:  MOVLW  7A
0960:  MOVWF  55
0961:  MOVLW  88
0962:  MOVWF  54
0963:  MOVLP  00
0964:  MOVLB  00
0965:  CALL   3BF
0966:  MOVLP  08
0967:  MOVF   7A,W
0968:  MOVLB  03
0969:  MOVWF  3F
096A:  MOVF   79,W
096B:  MOVWF  3E
096C:  MOVF   78,W
096D:  MOVWF  3D
096E:  MOVF   77,W
096F:  MOVWF  3C
....................            
....................             float32 mcp_value_mV = read_adc_volts_mcp3421(MCP3421_ADDRESS)*1000 ; 
....................             return mcp_value_mV ; 
0970:  MOVF   3C,W
0971:  MOVWF  77
0972:  MOVF   3D,W
0973:  MOVWF  78
0974:  MOVF   3E,W
0975:  MOVWF  79
0976:  MOVF   3F,W
0977:  MOVWF  7A
.................... } 
....................  
.................... void ANPH_R(void){ 
....................      
.................... // resposta: 1(DEC) %.2f(ASCII) 0(DEC) 
....................         if( (strcmp(CMD,in_buffer)==0)&&(CMD2[0]=='\0')&&(VALOR[0]=='\0')) { // comando passado é da forma R 
*
0831:  MOVLW  20
0832:  MOVLB  03
0833:  MOVWF  41
0834:  MOVLW  60
0835:  MOVWF  40
0836:  MOVLW  20
0837:  MOVWF  43
0838:  MOVLW  0E
0839:  MOVWF  42
083A:  MOVLP  00
083B:  MOVLB  00
083C:  CALL   2E8
083D:  MOVLP  08
083E:  MOVF   78,F
083F:  BTFSS  03.2
0840:  GOTO   195
0841:  MOVLB  01
0842:  MOVF   38,F
0843:  BTFSC  03.2
0844:  GOTO   047
0845:  MOVLB  00
0846:  GOTO   195
0847:  MOVF   3E,F
0848:  BTFSC  03.2
0849:  GOTO   04C
084A:  MOVLB  00
084B:  GOTO   195
....................         out_buffer[0]=1; 
084C:  MOVLW  01
084D:  MOVLB  00
084E:  MOVWF  57
....................         sprintf(out_buffer+1,"%.2f",get_orp_value_mV() ) ; 
*
0978:  MOVF   7A,W
0979:  MOVWF  3F
097A:  MOVF   79,W
097B:  MOVWF  3E
097C:  MOVF   78,W
097D:  MOVWF  3D
097E:  MOVF   77,W
097F:  MOVWF  3C
0980:  MOVLW  20
0981:  MOVWF  34
0982:  MOVLW  38
0983:  MOVWF  33
0984:  MOVLW  89
0985:  MOVWF  04
0986:  MOVF   3F,W
0987:  MOVWF  43
0988:  MOVF   3E,W
0989:  MOVWF  42
098A:  MOVF   3D,W
098B:  MOVWF  41
098C:  MOVF   3C,W
098D:  MOVWF  40
098E:  MOVLW  02
098F:  MOVWF  44
0990:  MOVLP  00
0991:  MOVLB  00
0992:  CALL   485
0993:  MOVLP  08
....................         } 
0994:  GOTO   197
....................         else out_buffer[0]= 2; // 2 sintax error 
0995:  MOVLW  02
0996:  MOVWF  57
.................... } 
....................  
....................  
.................... void ANPH_FIND(void){ 
....................      
....................     if( (strcmp(CMD,in_buffer)==0)&&(CMD2[0]=='\0')&&(VALOR[0]=='\0')) { // comando passado é da forma FIND 
0999:  MOVLW  20
099A:  MOVLB  03
099B:  MOVWF  41
099C:  MOVLW  60
099D:  MOVWF  40
099E:  MOVLW  20
099F:  MOVWF  43
09A0:  MOVLW  0E
09A1:  MOVWF  42
09A2:  MOVLP  00
09A3:  MOVLB  00
09A4:  CALL   2E8
09A5:  MOVLP  08
09A6:  MOVF   78,F
09A7:  BTFSS  03.2
09A8:  GOTO   1D2
09A9:  MOVLB  01
09AA:  MOVF   38,F
09AB:  BTFSC  03.2
09AC:  GOTO   1AF
09AD:  MOVLB  00
09AE:  GOTO   1D2
09AF:  MOVF   3E,F
09B0:  BTFSC  03.2
09B1:  GOTO   1B4
09B2:  MOVLB  00
09B3:  GOTO   1D2
....................         FIND_exe= TRUE ; 
09B4:  BSF    70.1
....................         //Response: DEC NULL 
....................         //           1  0 
....................         out_buffer[0]=1; // response code 
09B5:  MOVLW  01
09B6:  MOVLB  00
09B7:  MOVWF  57
....................         in_buffer[0]=0; //sentinela do comando FIND 
09B8:  CLRF   2E
....................          
....................         while(in_buffer[0]==0){// fica piscando o led até o usuário enviar um caracter(in_buffer[0]=!0) 
09B9:  MOVF   2E,F
09BA:  BTFSS  03.2
09BB:  GOTO   1D1
....................             LATA1=!LATA1 ; 
09BC:  MOVLW  02
09BD:  MOVLB  02
09BE:  XORWF  0C,F
....................             delay_ms(100); 
09BF:  MOVLW  64
09C0:  MOVLB  03
09C1:  MOVWF  3B
09C2:  MOVLP  00
09C3:  MOVLB  00
09C4:  CALL   58A
09C5:  MOVLP  08
....................             LATA1=!LATA1 ; 
09C6:  MOVLW  02
09C7:  MOVLB  02
09C8:  XORWF  0C,F
....................             delay_ms(100); 
09C9:  MOVLW  64
09CA:  MOVLB  03
09CB:  MOVWF  3B
09CC:  MOVLP  00
09CD:  MOVLB  00
09CE:  CALL   58A
09CF:  MOVLP  08
09D0:  GOTO   1B9
....................         } 
....................          
....................          
....................         } 
09D1:  GOTO   1D4
....................      
....................     else out_buffer[0]= 2; // 2 sintax error   
09D2:  MOVLW  02
09D3:  MOVWF  57
....................      
....................     FIND_exe= FALSE ; 
09D4:  BCF    70.1
.................... } 
....................  
.................... void ANPH_L(void){ 
.................... /* Comando sintaxe 
....................  L,1 // LED on ; Response: 1(DEC) 0(NULL) 
....................  L,0  //  LED off ; Response: 1(DEC) 0(NULL) 
....................  L,? // LED state on/off? ; Response: 1(DEC) ?L,1 0(NULL) ou 1(DEC) ?L,0 0(NULL) 
....................  */   
....................  if( (CMD2[0]=='\0')&&(VALOR[0]!='\0') ){ 
09D7:  MOVLB  01
09D8:  MOVF   38,F
09D9:  BTFSS  03.2
09DA:  GOTO   2B4
09DB:  MOVF   3E,F
09DC:  BTFSC  03.2
09DD:  GOTO   2B4
....................   
....................      if (strlen(VALOR)==1){ 
09DE:  MOVLW  20
09DF:  MOVLB  03
09E0:  MOVWF  3C
09E1:  MOVLW  6E
09E2:  MOVWF  3B
*
09FC:  DECFSZ 78,W
09FD:  GOTO   2AF
....................    
....................         switch(VALOR[0]){ 
09FE:  MOVLB  01
09FF:  MOVF   3E,W
0A00:  XORLW  31
0A01:  MOVLB  00
0A02:  BTFSC  03.2
0A03:  GOTO   20B
0A04:  XORLW  01
0A05:  BTFSC  03.2
0A06:  GOTO   211
0A07:  XORLW  0F
0A08:  BTFSC  03.2
0A09:  GOTO   217
0A0A:  GOTO   2AA
....................  
....................             case '1': 
....................                        LATA1=1 ; 
0A0B:  MOVLB  02
0A0C:  BSF    0C.1
....................                        out_buffer[0]=1; //Response: 1(DEC) 0(NULL)     
0A0D:  MOVLW  01
0A0E:  MOVLB  00
0A0F:  MOVWF  57
....................                 break; 
0A10:  GOTO   2AD
....................             case '0': 
....................                        LATA1=0 ; 
0A11:  MOVLB  02
0A12:  BCF    0C.1
....................                        out_buffer[0]=1; // //Response: 1(DEC) 0(NULL)   
0A13:  MOVLW  01
0A14:  MOVLB  00
0A15:  MOVWF  57
....................                 break; 
0A16:  GOTO   2AD
....................  
....................             case '?': 
....................                       // Response: 1(DEC) ?L,1 0(NULL) ou 1(DEC) ?L,0 0(NULL) 
....................                       out_buffer[0]=1;  
0A17:  MOVLW  01
0A18:  MOVWF  57
....................                       sprintf(out_buffer+1,"L,?%d",PORTA1); 
0A19:  MOVLW  00
0A1A:  BTFSC  0C.1
0A1B:  MOVLW  01
0A1C:  MOVLB  03
0A1D:  MOVWF  3B
0A1E:  MOVLW  20
0A1F:  MOVWF  34
0A20:  MOVLW  38
0A21:  MOVWF  33
0A22:  MOVLW  4C
0A23:  MOVWF  50
0A24:  MOVLP  00
0A25:  MOVLB  00
0A26:  CALL   35A
0A27:  MOVLP  08
0A28:  MOVLW  2C
0A29:  MOVLB  03
0A2A:  MOVWF  50
0A2B:  MOVLP  00
0A2C:  MOVLB  00
0A2D:  CALL   35A
0A2E:  MOVLP  08
0A2F:  MOVLW  3F
0A30:  MOVLB  03
0A31:  MOVWF  50
0A32:  MOVLP  00
0A33:  MOVLB  00
0A34:  CALL   35A
0A35:  MOVLP  08
0A36:  MOVLB  03
0A37:  MOVF   3B,W
0A38:  MOVWF  3C
0A39:  MOVLW  18
0A3A:  MOVWF  3D
....................                 break ; 
*
0AA9:  GOTO   2AD
....................  
....................             default: 
....................                 out_buffer[0]= 2; // 2 sintax error ; VALOR não é válido 
0AAA:  MOVLW  02
0AAB:  MOVWF  57
....................                 break; 
0AAC:  GOTO   2AD
....................            }  
....................      } 
0AAD:  GOTO   2B2
0AAE:  MOVLB  03
....................       
....................      else out_buffer[0]= 2; // 2 sintax error VALOR não tem tamanho 1 
0AAF:  MOVLW  02
0AB0:  MOVLB  00
0AB1:  MOVWF  57
....................  } 
0AB2:  GOTO   2B7
0AB3:  MOVLB  01
....................   
....................  else out_buffer[0]= 2; // 2 sintax error ; O comando passado não é da forma RT,VALOR 
0AB4:  MOVLW  02
0AB5:  MOVLB  00
0AB6:  MOVWF  57
.................... } 
....................  
.................... void ANPH_i(void){ 
....................  // Command sintax: i    // device information 
.................... // 1   ?i,ORP, 19.7 
.................... //Dec   ASCII        NULL 
....................  out_buffer[0]=1; 
*
080C:  MOVLW  01
080D:  MOVWF  57
....................  sprintf(out_buffer+1,"?i,ORP,%.2f", VERSAO_FIRMWARE);    
080E:  MOVLW  20
080F:  MOVLB  03
0810:  MOVWF  34
0811:  MOVLW  38
0812:  MOVWF  33
0813:  MOVLW  A4
0814:  MOVLB  11
0815:  MOVWF  11
0816:  MOVLW  00
0817:  MOVWF  12
0818:  BCF    03.0
0819:  MOVLW  07
081A:  MOVLB  03
081B:  MOVWF  40
081C:  MOVLP  00
081D:  MOVLB  00
081E:  CALL   367
081F:  MOVLP  08
0820:  MOVLW  89
0821:  MOVWF  04
0822:  MOVLB  03
0823:  CLRF   43
0824:  CLRF   42
0825:  CLRF   41
0826:  MOVLW  7F
0827:  MOVWF  40
0828:  MOVLW  02
0829:  MOVWF  44
082A:  MOVLP  00
082B:  MOVLB  00
082C:  CALL   485
082D:  MOVLP  08
082E:  NOP
.................... } 
....................  
....................  
.................... void ANPH_STATUS(void){ 
....................      
.................... //Status voltage at Vcc pin and reason for last restart 
....................       /*Response:   DEC         ASCII                       NULL 
....................         //           1 ?Status,Reason_for_restart, Vcc       0 
....................         // Reason_for_restart (Restart codes)     
....................             P powered off 
....................             S software reset 
....................             B brown out 
....................             W watchdog 
....................             U unknown 
....................          */ 
....................      
.................... if( (strcmp(CMD,in_buffer)==0)&&(CMD2[0]=='\0')&&(VALOR[0]=='\0')) { // comando passado é da forma STATUS 
*
0AB9:  MOVLW  20
0ABA:  MOVLB  03
0ABB:  MOVWF  41
0ABC:  MOVLW  60
0ABD:  MOVWF  40
0ABE:  MOVLW  20
0ABF:  MOVWF  43
0AC0:  MOVLW  0E
0AC1:  MOVWF  42
0AC2:  MOVLP  00
0AC3:  MOVLB  00
0AC4:  CALL   2E8
0AC5:  MOVLP  08
0AC6:  MOVF   78,F
0AC7:  BTFSS  03.2
0AC8:  GOTO   43E
0AC9:  MOVLB  01
0ACA:  MOVF   38,F
0ACB:  BTFSC  03.2
0ACC:  GOTO   2CF
0ACD:  MOVLB  00
0ACE:  GOTO   43E
0ACF:  MOVF   3E,F
0AD0:  BTFSC  03.2
0AD1:  GOTO   2D4
0AD2:  MOVLB  00
0AD3:  GOTO   43E
....................         
....................         float32 Vdd= ((10000+4700)/4700.0)*(2.048*( read_adc()/1023.0) ); // adc de 10 bits com 2.048 de referência (usando um divisor de tensao de 4K7/10K +4K7) 
0AD4:  BSF    1D.1
0AD5:  BTFSC  1D.1
0AD6:  GOTO   2D5
0AD7:  MOVF   1C,W
0AD8:  MOVWF  7A
0AD9:  MOVF   1B,W
0ADA:  MOVLB  03
0ADB:  MOVWF  40
0ADC:  MOVF   7A,W
0ADD:  MOVWF  41
0ADE:  MOVF   41,W
0ADF:  MOVWF  43
0AE0:  MOVF   40,W
0AE1:  MOVWF  42
*
0AFE:  MOVF   7A,W
0AFF:  MOVWF  45
0B00:  MOVF   79,W
0B01:  MOVWF  44
0B02:  MOVF   78,W
0B03:  MOVWF  43
0B04:  MOVF   77,W
0B05:  MOVWF  42
0B06:  CLRF   49
0B07:  MOVLW  C0
0B08:  MOVWF  48
0B09:  MOVLW  7F
0B0A:  MOVWF  47
0B0B:  MOVLW  88
0B0C:  MOVWF  46
*
0BD7:  MOVLW  6F
0BD8:  MOVWF  53
0BD9:  MOVLW  12
0BDA:  MOVWF  52
0BDB:  MOVLW  03
0BDC:  MOVWF  51
0BDD:  MOVLW  80
0BDE:  MOVWF  50
0BDF:  MOVF   7A,W
0BE0:  MOVWF  57
0BE1:  MOVF   79,W
0BE2:  MOVWF  56
0BE3:  MOVF   78,W
0BE4:  MOVWF  55
0BE5:  MOVF   77,W
0BE6:  MOVWF  54
0BE7:  MOVLP  00
0BE8:  MOVLB  00
0BE9:  CALL   3BF
0BEA:  MOVLP  08
0BEB:  MOVLW  93
0BEC:  MOVLB  03
0BED:  MOVWF  53
0BEE:  MOVLW  2B
0BEF:  MOVWF  52
0BF0:  MOVLW  48
0BF1:  MOVWF  51
0BF2:  MOVLW  80
0BF3:  MOVWF  50
0BF4:  MOVF   7A,W
0BF5:  MOVWF  57
0BF6:  MOVF   79,W
0BF7:  MOVWF  56
0BF8:  MOVF   78,W
0BF9:  MOVWF  55
0BFA:  MOVF   77,W
0BFB:  MOVWF  54
0BFC:  MOVLP  00
0BFD:  MOVLB  00
0BFE:  CALL   3BF
0BFF:  MOVLP  08
0C00:  MOVF   7A,W
0C01:  MOVLB  03
0C02:  MOVWF  3E
0C03:  MOVF   79,W
0C04:  MOVWF  3D
0C05:  MOVF   78,W
0C06:  MOVWF  3C
0C07:  MOVF   77,W
0C08:  MOVWF  3B
....................         out_buffer[0]=1; // response code 
0C09:  MOVLW  01
0C0A:  MOVLB  00
0C0B:  MOVWF  57
....................         sprintf(out_buffer+1,"?Status,%c,%.2f",'U',Vdd) ; 
0C0C:  MOVLW  20
0C0D:  MOVLB  03
0C0E:  MOVWF  34
0C0F:  MOVLW  38
0C10:  MOVWF  33
0C11:  MOVLW  AA
0C12:  MOVLB  11
0C13:  MOVWF  11
0C14:  MOVLW  00
0C15:  MOVWF  12
0C16:  BCF    03.0
0C17:  MOVLW  08
0C18:  MOVLB  03
0C19:  MOVWF  40
0C1A:  MOVLP  00
0C1B:  MOVLB  00
0C1C:  CALL   367
0C1D:  MOVLP  08
0C1E:  MOVLW  55
0C1F:  MOVLB  03
0C20:  MOVWF  50
0C21:  MOVLP  00
0C22:  MOVLB  00
0C23:  CALL   35A
0C24:  MOVLP  08
0C25:  MOVLW  2C
0C26:  MOVLB  03
0C27:  MOVWF  50
0C28:  MOVLP  00
0C29:  MOVLB  00
0C2A:  CALL   35A
0C2B:  MOVLP  08
0C2C:  MOVLW  89
0C2D:  MOVWF  04
0C2E:  MOVLB  03
0C2F:  MOVF   3E,W
0C30:  MOVWF  43
0C31:  MOVF   3D,W
0C32:  MOVWF  42
0C33:  MOVF   3C,W
0C34:  MOVWF  41
0C35:  MOVF   3B,W
0C36:  MOVWF  40
0C37:  MOVLW  02
0C38:  MOVWF  44
0C39:  MOVLP  00
0C3A:  MOVLB  00
0C3B:  CALL   485
0C3C:  MOVLP  08
....................        
.................... } 
0C3D:  GOTO   440
....................     else out_buffer[0]= 2; // 2 sintax error   
0C3E:  MOVLW  02
0C3F:  MOVWF  57
....................  
.................... } 
....................  
....................  
....................  void ANPH_SLEEP(void){ 
....................  // Sleep mode/low power : Send any character or command to awaken device  
....................  // Command syntax: Sleep; Resposta : no response (Do not read status byte after issuing sleep command.) 
....................  // Consumo: 5V- standby(x mA) sleep (x mA) ;  
....................  // Consumo: 3.3V- standby(x mA) sleep (x mA) ;  
....................  if( (strcmp(CMD,in_buffer)==0)&&(CMD2[0]=='\0')&&(VALOR[0]=='\0') ) { 
0C42:  MOVLW  20
0C43:  MOVLB  03
0C44:  MOVWF  41
0C45:  MOVLW  60
0C46:  MOVWF  40
0C47:  MOVLW  20
0C48:  MOVWF  43
0C49:  MOVLW  0E
0C4A:  MOVWF  42
0C4B:  MOVLP  00
0C4C:  MOVLB  00
0C4D:  CALL   2E8
0C4E:  MOVLP  08
0C4F:  MOVF   78,F
0C50:  BTFSS  03.2
0C51:  GOTO   46A
0C52:  MOVLB  01
0C53:  MOVF   38,F
0C54:  BTFSC  03.2
0C55:  GOTO   458
0C56:  MOVLB  00
0C57:  GOTO   46A
0C58:  MOVF   3E,F
0C59:  BTFSC  03.2
0C5A:  GOTO   45D
0C5B:  MOVLB  00
0C5C:  GOTO   46A
....................     SLEEP_exe= TRUE ; // indica a execucao do modo Sleep; Usado para a interrupcao I2C não interpretar como comando quando o usuario fazer: (Send any character or command to awaken device ) 
0C5D:  BSF    70.2
....................     LATA1=0; // desliga o led 
0C5E:  MOVLB  02
0C5F:  BCF    0C.1
....................     disable_Modulos_PIC(); // desabilita todos os modulos do PIC para consumir menos energia (exceto alguns que eu não estou alterando ex, i2c uart, gerador do Fosc etc) 
0C60:  MOVLP  00
0C61:  MOVLB  00
0C62:  CALL   0B2
0C63:  MOVLP  08
....................     sleep();  // comando passado é da forma Sleep 
0C64:  SLEEP
....................     SLEEP_exe= FALSE; 
0C65:  BCF    70.2
....................     renable_Modulos_PIC(); // reabilita e configura os modulos do Pic que estou utilizando  
0C66:  MOVLP  00
0C67:  CALL   0DE
0C68:  MOVLP  08
....................  } 
0C69:  GOTO   46C
....................         
....................  
....................  else   out_buffer[0]= 2; // 2 sintax error  
0C6A:  MOVLW  02
0C6B:  MOVWF  57
....................   
....................    
....................  } 
....................  
....................  
....................  
....................  
....................  
.................... // Funções de comunicação com o MCP3421 
.................... #ifndef debug  
....................  
.................... ////////////////////////////////////////////////////////////////////////////////// 
.................... // adc_init() 
.................... // Purpose: To initialize the MCP3421. 
.................... // Parameters: address - Optional parameter for specifying the address of the 
.................... //                       MCP3421 to initialize.  Allows for initializing multiple 
.................... //                       devices on same bus.  Driver only supports one device 
.................... //                       configuration.  Defaults to MCP3421_ADDRESS if not 
.................... //                       specified. 
.................... // Returns:    Nothing. 
.................... ////////////////////////////////////////////////////////////////////////////////// 
....................  
.................... void adc_init(unsigned int8 address=MCP3421_ADDRESS) 
.................... { 
....................   i2c_start(MCP3421_STREAM);  //send I2C start 
*
0103:  MOVLB  04
0104:  BSF    1E.0
0105:  BTFSC  1E.0
0106:  GOTO   105
....................   i2c_write(MCP3421_STREAM, MCP3421_DEVICE_CODE | (address << 1));  //send write command 
0107:  BCF    03.0
0108:  MOVLB  03
0109:  RLF    3C,W
010A:  IORLW  D0
010B:  MOVWF  3D
010C:  MOVWF  53
010D:  MOVLB  00
010E:  CALL   0C9
....................   i2c_write(MCP3421_STREAM, MCP3421_MODE | MCP3421_BITS | MCP3421_GAIN);  //send device configuration 
010F:  MOVLW  1C
0110:  MOVLB  03
0111:  MOVWF  53
0112:  MOVLB  00
0113:  CALL   0C9
....................   i2c_stop(MCP3421_STREAM);  //send I2C stop 
0114:  MOVLB  04
0115:  BSF    1E.2
0116:  BTFSC  1E.2
0117:  GOTO   116
.................... } 
....................  
.................... ////////////////////////////////////////////////////////////////////////////////// 
.................... // read_adc_mcp3421() 
.................... // Purpose: To read the last adc conversion from device, raw value read from 
.................... //          device. If device configured for One-Shot mode, it will initiate the 
.................... //          conversion.  Function will wait for a new conversion before returning. 
.................... // Parameter: address - Optional parameter for specifying the address of the 
.................... //                      MCP3421 to read.  Allows for reading multiple devices on 
.................... //                      same bus.  Defaults to MCP3421_ADDRESS if not specified. 
.................... // Returns:   signed int32 or signed int16 value depending MCP3421_BITS value. 
.................... ////////////////////////////////////////////////////////////////////////////////// 
.................... #if MCP3421_BITS == MCP3421_18BITS 
.................... signed int32 read_adc_mcp3421(unsigned int8 address=MCP3421_ADDRESS) 
.................... #else 
*
0853:  MOVLW  80
0854:  MOVWF  51
.................... signed int16 read_adc_mcp3421(unsigned int8 address=MCP3421_ADDRESS) 
.................... #endif 
.................... { 
....................   union 
....................   { 
....................    #if MCP3421_BITS == MCP3421_18BITS 
....................     signed int32 sint32; 
....................     unsigned int8 b[4]; 
....................    #else 
....................     signed int16 sint16; 
....................     unsigned int8 b[2]; 
....................    #endif 
....................   } result; 
....................   unsigned int8 status = 0x80; 
....................  
....................   #if MCP3421_MODE == MCP3421_ONE_SHOT 
....................    i2c_start(MCP3421_STREAM);  //send I2C start 
....................    i2c_write(MCP3421_STREAM, MCP3421_DEVICE_CODE | (address << 1));  //send write command 
....................    i2c_write(MCP3421_STREAM, MCP3421_START_CONVERSTION | MCP3421_MODE | MCP3421_BITS | MCP3421_GAIN);  //initiate conversion 
....................    i2c_stop(MCP3421_STREAM);  //send I2C stop 
....................   #endif 
....................  
....................    i2c_start(MCP3421_STREAM);  //send I2C start 
0855:  MOVLB  04
0856:  BSF    1E.0
0857:  BTFSC  1E.0
0858:  GOTO   057
....................    i2c_write(MCP3421_STREAM, MCP3421_DEVICE_CODE | (address << 1) | 1);  //send read command 
0859:  BCF    03.0
085A:  MOVLB  03
085B:  RLF    4C,W
085C:  IORLW  D0
085D:  IORLW  01
085E:  MOVWF  52
085F:  MOVWF  53
0860:  MOVLP  00
0861:  MOVLB  00
0862:  CALL   0C9
0863:  MOVLP  08
....................  
....................   #if MCP3421_BITS == MCP3421_18BITS 
....................    result.b[2] = i2c_read(MCP3421_STREAM, 1);  //read MSB 18 Bit mode 
0864:  MOVLW  01
0865:  MOVWF  77
0866:  MOVLP  00
0867:  CALL   57A
0868:  MOVLP  08
0869:  MOVF   78,W
086A:  MOVLB  03
086B:  MOVWF  4F
....................   #endif 
....................    result.b[1] = i2c_read(MCP3421_STREAM, 1);  //read 2nd MSB 18 Bit mode, read MSB 16, 14 or 12 Bit mode 
086C:  MOVLW  01
086D:  MOVWF  77
086E:  MOVLP  00
086F:  MOVLB  00
0870:  CALL   57A
0871:  MOVLP  08
0872:  MOVF   78,W
0873:  MOVLB  03
0874:  MOVWF  4E
....................    result.b[0] = i2c_read(MCP3421_STREAM, 1);  //read LSB 
0875:  MOVLW  01
0876:  MOVWF  77
0877:  MOVLP  00
0878:  MOVLB  00
0879:  CALL   57A
087A:  MOVLP  08
087B:  MOVF   78,W
087C:  MOVLB  03
087D:  MOVWF  4D
....................    status = i2c_read(MCP3421_STREAM, 1);       //read Status 
087E:  MOVLW  01
087F:  MOVWF  77
0880:  MOVLP  00
0881:  MOVLB  00
0882:  CALL   57A
0883:  MOVLP  08
0884:  MOVF   78,W
0885:  MOVLB  03
0886:  MOVWF  51
....................  
....................    if(bit_test(status,7))  //if RDY = 1, New conversion not ready 
0887:  BTFSS  51.7
0888:  GOTO   0C8
....................    { 
....................      do 
....................      { 
....................        status = i2c_read(MCP3421_STREAM, 1);  //read Status 
0889:  MOVLW  01
088A:  MOVWF  77
088B:  MOVLP  00
088C:  MOVLB  00
088D:  CALL   57A
088E:  MOVLP  08
088F:  MOVF   78,W
0890:  MOVLB  03
0891:  MOVWF  51
....................      } while(bit_test(status, 7)); //until RDY = 0 
0892:  BTFSC  51.7
0893:  GOTO   089
....................  
....................      status = i2c_read(MCP3421_STREAM, 0);  //read Status, do nack 
0894:  CLRF   77
0895:  MOVLP  00
0896:  MOVLB  00
0897:  CALL   57A
0898:  MOVLP  08
0899:  MOVF   78,W
089A:  MOVLB  03
089B:  MOVWF  51
....................      i2c_stop();  //send I2C stop 
089C:  MOVLB  04
089D:  BSF    1E.2
089E:  BTFSC  1E.2
089F:  GOTO   09E
....................  
....................      i2c_start(MCP3421_STREAM);  //send I2C start 
08A0:  BSF    1E.0
08A1:  BTFSC  1E.0
08A2:  GOTO   0A1
....................      i2c_write(MCP3421_STREAM, MCP3421_DEVICE_CODE | (address << 1) | 1);  //send read command 
08A3:  BCF    03.0
08A4:  MOVLB  03
08A5:  RLF    4C,W
08A6:  IORLW  D0
08A7:  IORLW  01
08A8:  MOVWF  52
08A9:  MOVWF  53
08AA:  MOVLP  00
08AB:  MOVLB  00
08AC:  CALL   0C9
08AD:  MOVLP  08
....................  
....................     #if MCP3421_BITS == MCP3421_18BITS 
....................      result.b[2] = i2c_read(MCP3421_STREAM, 1);  //read MSB 18 Bit mode 
08AE:  MOVLW  01
08AF:  MOVWF  77
08B0:  MOVLP  00
08B1:  CALL   57A
08B2:  MOVLP  08
08B3:  MOVF   78,W
08B4:  MOVLB  03
08B5:  MOVWF  4F
....................     #endif 
....................      result.b[1] = i2c_read(MCP3421_STREAM, 1);  //read 2nd MSB 18 Bit mode, read MSB 16, 14 or 12 Bit mode 
08B6:  MOVLW  01
08B7:  MOVWF  77
08B8:  MOVLP  00
08B9:  MOVLB  00
08BA:  CALL   57A
08BB:  MOVLP  08
08BC:  MOVF   78,W
08BD:  MOVLB  03
08BE:  MOVWF  4E
....................      result.b[0] = i2c_read(MCP3421_STREAM, 1);  //read LSB 
08BF:  MOVLW  01
08C0:  MOVWF  77
08C1:  MOVLP  00
08C2:  MOVLB  00
08C3:  CALL   57A
08C4:  MOVLP  08
08C5:  MOVF   78,W
08C6:  MOVLB  03
08C7:  MOVWF  4D
....................    } 
....................  
....................    status = i2c_read(MCP3421_STREAM, 0);  //read Status, do nack 
08C8:  CLRF   77
08C9:  MOVLP  00
08CA:  MOVLB  00
08CB:  CALL   57A
08CC:  MOVLP  08
08CD:  MOVF   78,W
08CE:  MOVLB  03
08CF:  MOVWF  51
....................    i2c_stop();  //send I2C stop 
08D0:  MOVLB  04
08D1:  BSF    1E.2
08D2:  BTFSC  1E.2
08D3:  GOTO   0D2
....................  
....................   #if MCP3421_BITS == MCP3421_18BITS 
....................    if(bit_test(result.b[2],1))  //if 18 Bit mode check sign bit 
08D4:  MOVLB  03
08D5:  BTFSS  4F.1
08D6:  GOTO   0DA
....................      result.b[3] = 0xFF; 
08D7:  MOVLW  FF
08D8:  MOVWF  50
08D9:  GOTO   0DB
....................    else 
....................      result.b[3] = 0; 
08DA:  CLRF   50
....................   #endif 
....................  
....................   #if MCP3421_BITS == MCP3421_18BITS 
....................    return(result.sint32); 
08DB:  MOVF   4D,W
08DC:  MOVWF  77
08DD:  MOVF   4E,W
08DE:  MOVWF  78
08DF:  MOVF   4F,W
08E0:  MOVWF  79
08E1:  MOVF   50,W
08E2:  MOVWF  7A
....................   #else 
....................    return(result.sint16); 
....................   #endif 
.................... } 
....................  
.................... ////////////////////////////////////////////////////////////////////////////////// 
.................... // read_adc_volts_mcp3421() 
.................... // Purpose: To read the last adc conversion from device, actual volt value read 
.................... //          from device. 
.................... // Parameter: address - Optional parameter for specifying the address of the 
.................... //                      MCP3421 to read.  Allows for reading multiple devices on 
.................... //                      same bus.  Defaults to MCP3421_ADDRESS if not specified. 
.................... // Returns:   float32 
.................... ////////////////////////////////////////////////////////////////////////////////// 
.................... float32 read_adc_volts_mcp3421(unsigned int8 address=MCP3421_ADDRESS) 
.................... { 
....................   #if MCP3421_BITS == MCP3421_18BITS 
....................    signed int32 result; 
....................   #else 
....................    signed int16 result; 
....................   #endif 
....................  
....................   float32 fresult; 
....................  
....................   result = read_adc_mcp3421(address); 
*
0851:  MOVF   40,W
0852:  MOVWF  4C
*
08E3:  MOVF   7A,W
08E4:  MOVWF  44
08E5:  MOVF   79,W
08E6:  MOVWF  43
08E7:  MOVF   78,W
08E8:  MOVWF  42
08E9:  MOVF   77,W
08EA:  MOVWF  41
....................  
....................   #if MCP3421_BITS == MCP3421_12BITS 
....................    fresult = (float32)result * 0.001; 
....................   #elif MCP3421_BITS == MCP3421_14BITS 
....................    fresult = (float32)result * 0.00025; 
....................   #elif MCP3421_BITS == MCP3421_16BITS 
....................    fresult = (float32)result * 0.0000625; 
....................   #else 
....................    fresult = (float32)result * 0.000015625; 
08EB:  MOVF   44,W
08EC:  MOVWF  4F
08ED:  MOVF   43,W
08EE:  MOVWF  4E
08EF:  MOVF   42,W
08F0:  MOVWF  4D
08F1:  MOVF   41,W
08F2:  MOVWF  4C
*
0920:  MOVF   7A,W
0921:  MOVWF  4F
0922:  MOVF   79,W
0923:  MOVWF  4E
0924:  MOVF   78,W
0925:  MOVWF  4D
0926:  MOVF   77,W
0927:  MOVWF  4C
0928:  MOVF   4F,W
0929:  MOVWF  53
092A:  MOVF   4E,W
092B:  MOVWF  52
092C:  MOVF   4D,W
092D:  MOVWF  51
092E:  MOVF   4C,W
092F:  MOVWF  50
0930:  MOVLW  6F
0931:  MOVWF  57
0932:  MOVLW  12
0933:  MOVWF  56
0934:  MOVLW  03
0935:  MOVWF  55
0936:  MOVLW  6F
0937:  MOVWF  54
0938:  MOVLP  00
0939:  MOVLB  00
093A:  CALL   3BF
093B:  MOVLP  08
093C:  MOVF   7A,W
093D:  MOVLB  03
093E:  MOVWF  48
093F:  MOVF   79,W
0940:  MOVWF  47
0941:  MOVF   78,W
0942:  MOVWF  46
0943:  MOVF   77,W
0944:  MOVWF  45
....................   #endif 
....................  
....................   #if MCP3421_GAIN == MCP3421_8X_GAIN 
....................    fresult /= 8; 
....................   #elif MCP3421_GAIN == MCP3421_4X_GAIN 
....................    fresult /= 4; 
....................   #elif MCP3421_gain == MCP3421_2X_GAIN 
....................    fresult /= 2; 
....................   #endif 
....................  
....................    return(fresult); 
0945:  MOVF   45,W
0946:  MOVWF  77
0947:  MOVF   46,W
0948:  MOVWF  78
0949:  MOVF   47,W
094A:  MOVWF  79
094B:  MOVF   48,W
094C:  MOVWF  7A
.................... } 
....................  
....................  
.................... #endif 

Configuration Fuses:
   Word  1: 1FEC   NOEXTOSC RSTOSC_HFINTRC NOCLKOUT CKS NOFCMEN
   Word  2: 1F33   MCLR NOPUT NOWDT NOLPBOR NOBROWNOUT BORV24 PPS1WAY STVREN DEBUG
   Word  3: 1FFC   WRT NOLVP
   Word  4: 3FFF   NOPROTECT NOCPD

   Some fuses have been forced to be compatible with the ICD debugger.

ROM data:
003F8F: 342C                                       4,
003F90: 347F 3400 3400 3400 3482 3435 34E4 341B    44.4.4.4.454.4.
003F98: 3483 3467 34DB 34A4 3483 341E 348C 3433    4.4g4.4.4.4.4.43
003FA0: 347C 3434 3489 340A 3481 3435 3479 347C    4|444.4.4.454y4|
003FA8: 3483 3433 3402 343F 3483 341E 348C 3433    4.434.4?4.4.4.43
003FB0: 347F 3400 3400 3400 3481 34B1 348D 340A    44.4.4.4.4.4.4.
003FB8: 3481 3433 3450 34EE                        4.434P4.
003FBC: 347D 347D 34BF 3437 3481 3493 34AA 343D    4}4}4.474.4.4.4=
003FC4: 3481 3433 3450 34EE                        4.434P4.
003FC8: 347B 343A 34F3 344C 347E 34DF 349D 342B    4{4:4.4L4~4.4.4+
003FD0: 3400 3400 3400 3400 3400 3400 3400 3400    4.4.4.4.4.4.4.4.
003FD8: 347F 348A 3447 3499 3480 3400 3400 3400    44.4G4.4.4.4.4.
003FE0: 3400 3400 3400 3400 3400 3400 3400 3400    4.4.4.4.4.4.4.4.
003FE8: 3472 3459 3488 347C 3475 3426 3497 34E0    4r4Y4.4|4u4&4.4.
003FF0: 3478 341E 341D 34C4 347A 3463 3450 345E    4x4.4.4.4z4c4P4^
003FF8: 347C 3475 34FE 341A 347E 3431 3472 3418    4|4u4.4.4~414r4.
